200h	200h	200h	200h	200h	200h	200h	200h	50h	50h	50h	50h	50h	50h	50h	50h	25h	25h	25h	25h	25h	25h	25h	25h	9h	9h	9h	9h	9h	9h	9h	9h	3h	3h	3h	3h	3h	3h	3h	3h	2h	2h	2h	2h	2h	2h	2h	2h	1h	1h	1h	1h	1h	1h	1h	1h	30min	30min	30min	30min	30min	30min	30min	30min	15min	15min	15min	15min	15min	15min	15min	15min	8min	8min	8min	8min	8min	8min	8min	8min	4min	4min	4min	4min	4min	4min	4min	4min	2min	2min	2min	2min	2min	2min	2min	2min	noJB6	noJB6	noJB6	noJB6	noJB6	noJB6	noJB6	noJB6
230531_20nMJB6_20uMAb42: A11 X	230531_20nMJB6_20uMAb42: A11 Y	230531_20nMJB6_20uMAb42: B11 X	230531_20nMJB6_20uMAb42: B11 Y	230531_20nMJB6_20uMAb42: D11 X	230531_20nMJB6_20uMAb42: D11 Y	230531_20nMJB6_20uMAb42: C11 X	230531_20nMJB6_20uMAb42: C11 Y	230531_20nMJB6_20uMAb42: A02 X	230531_20nMJB6_20uMAb42: A02 Y	230531_20nMJB6_20uMAb42: B02 X	230531_20nMJB6_20uMAb42: B02 Y	230531_20nMJB6_20uMAb42: C02 X	230531_20nMJB6_20uMAb42: C02 Y	230531_20nMJB6_20uMAb42: D02 X	230531_20nMJB6_20uMAb42: D02 Y	230531_20nMJB6_20uMAb42: A03 X	230531_20nMJB6_20uMAb42: A03 Y	230531_20nMJB6_20uMAb42: B03 X	230531_20nMJB6_20uMAb42: B03 Y	230531_20nMJB6_20uMAb42: C03 X	230531_20nMJB6_20uMAb42: C03 Y	230531_20nMJB6_20uMAb42: D03 X	230531_20nMJB6_20uMAb42: D03 Y	230531_20nMJB6_20uMAb42: A04 X	230531_20nMJB6_20uMAb42: A04 Y	230531_20nMJB6_20uMAb42: B04 X	230531_20nMJB6_20uMAb42: B04 Y	230531_20nMJB6_20uMAb42: C04 X	230531_20nMJB6_20uMAb42: C04 Y	230531_20nMJB6_20uMAb42: D04 X	230531_20nMJB6_20uMAb42: D04 Y	230531_20nMJB6_20uMAb42: A05 X	230531_20nMJB6_20uMAb42: A05 Y	230531_20nMJB6_20uMAb42: B05 X	230531_20nMJB6_20uMAb42: B05 Y	230531_20nMJB6_20uMAb42: C05 X	230531_20nMJB6_20uMAb42: C05 Y	230531_20nMJB6_20uMAb42: D05 X	230531_20nMJB6_20uMAb42: D05 Y	230531_20nMJB6_20uMAb42: E01 X	230531_20nMJB6_20uMAb42: E01 Y	230531_20nMJB6_20uMAb42: F01 X	230531_20nMJB6_20uMAb42: F01 Y	230531_20nMJB6_20uMAb42: G01 X	230531_20nMJB6_20uMAb42: G01 Y	230531_20nMJB6_20uMAb42: H01 X	230531_20nMJB6_20uMAb42: H01 Y	230531_20nMJB6_20uMAb42: A06 X	230531_20nMJB6_20uMAb42: A06 Y	230531_20nMJB6_20uMAb42: B06 X	230531_20nMJB6_20uMAb42: B06 Y	230531_20nMJB6_20uMAb42: C06 X	230531_20nMJB6_20uMAb42: C06 Y	230531_20nMJB6_20uMAb42: D06 X	230531_20nMJB6_20uMAb42: D06 Y	230531_20nMJB6_20uMAb42: A07 X	230531_20nMJB6_20uMAb42: A07 Y	230531_20nMJB6_20uMAb42: B07 X	230531_20nMJB6_20uMAb42: B07 Y	230531_20nMJB6_20uMAb42: C07 X	230531_20nMJB6_20uMAb42: C07 Y	230531_20nMJB6_20uMAb42: D07 X	230531_20nMJB6_20uMAb42: D07 Y	230531_20nMJB6_20uMAb42: A08 X	230531_20nMJB6_20uMAb42: A08 Y	230531_20nMJB6_20uMAb42: B08 X	230531_20nMJB6_20uMAb42: B08 Y	230531_20nMJB6_20uMAb42: C08 X	230531_20nMJB6_20uMAb42: C08 Y	230531_20nMJB6_20uMAb42: D08 X	230531_20nMJB6_20uMAb42: D08 Y	230531_20nMJB6_20uMAb42: A09 X	230531_20nMJB6_20uMAb42: A09 Y	230531_20nMJB6_20uMAb42: B09 X	230531_20nMJB6_20uMAb42: B09 Y	230531_20nMJB6_20uMAb42: C09 X	230531_20nMJB6_20uMAb42: C09 Y	230531_20nMJB6_20uMAb42: D09 X	230531_20nMJB6_20uMAb42: D09 Y	230531_20nMJB6_20uMAb42: E02 X	230531_20nMJB6_20uMAb42: E02 Y	230531_20nMJB6_20uMAb42: F02 X	230531_20nMJB6_20uMAb42: F02 Y	230531_20nMJB6_20uMAb42: G02 X	230531_20nMJB6_20uMAb42: G02 Y	230531_20nMJB6_20uMAb42: H02 X	230531_20nMJB6_20uMAb42: H02 Y	230531_20nMJB6_20uMAb42: A10 X	230531_20nMJB6_20uMAb42: A10 Y	230531_20nMJB6_20uMAb42: B10 X	230531_20nMJB6_20uMAb42: B10 Y	230531_20nMJB6_20uMAb42: C10 X	230531_20nMJB6_20uMAb42: C10 Y	230531_20nMJB6_20uMAb42: D10 X	230531_20nMJB6_20uMAb42: D10 Y	230531_20nMJB6_20uMAb42: A12 X	230531_20nMJB6_20uMAb42: A12 Y	230531_20nMJB6_20uMAb42: B12 X	230531_20nMJB6_20uMAb42: B12 Y	230531_20nMJB6_20uMAb42: C12 X	230531_20nMJB6_20uMAb42: C12 Y	230531_20nMJB6_20uMAb42: D12 X	230531_20nMJB6_20uMAb42: D12 Y
0.0	0.0019014249186335775	0.0	-6.493780581647558e-05	0.0	-6.398089104054256e-05	0.0	0.0007246301798118068	0.0	-0.001982355475359474	0.0	0.0012072754143628466	0.0	0.0008302712140225691	0.0	-0.0007948876679200198	0.0	0.00042880600446697903	0.0	0.0022139850304591837	0.0	0.0006117421279712137	0.0	0.001498689793387264	0.0	0.002332981695512564	0.0	0.0002839590770134346	0.0	0.0005907599013661096	0.0	0.0006632014995641851	0.0	-0.0004761776156720747	0.0	0.00010713267953830101	0.0	-0.00013556264920810333	0.0	-0.0009205449342766355	0.0	0.001261559603059282	0.0	-0.0011764004776805062	0.0	0.0035491403497388604	0.0	0.0006498942966041146	0.0	0.00034274446431227626	0.0	0.002578809492597742	0.0	0.0009116893532489941	0.0	-0.0014341386045263436	0.0	-0.0008906137029684117	0.0	0.00024320962308946648	0.0	0.002930642888234762	0.0	-0.0008751745012572628	0.0	-0.00022258186345536414	0.0	0.00042669798678103777	0.0	0.00046876007101715405	0.0	0.0013051167100617972	0.0	0.0011598859875033025	0.0	0.00018561683687492314	0.0	0.001062956124665821	0.0	0.0011760654483943154	0.0	0.0011327116005214917	0.0	-0.000263723015484305	0.0	-9.626834282193952e-05	0.0	-0.0016042819744335791	0.0	0.0011982012545022804	0.0	0.0004224181692250917	0.0	0.0004439783076565912	0.0	-0.0027648909376839933	0.0	-0.001227238681296404	0.0	-0.0001387674673549533	0.0	-0.000878472980736561	0.0	-0.001260472935519979
80.0	-0.0006746991646764354	80.0	-4.058612863529585e-05	80.0	2.1326963680180853e-05	80.0	-1.5925938017838206e-05	80.0	0.0010848323270668042	80.0	-0.0020013223311921113	80.0	-0.0006642169712180553	80.0	-0.0008671501831854761	80.0	0.00020700979525992264	80.0	0.000367746666076274	80.0	0.0012147450826856918	80.0	-0.0003823188248436854	80.0	-0.0031661894439099	80.0	-0.0008817676601996267	80.0	0.0011661753897097265	80.0	-0.0011514927135290157	80.0	0.0011016049317786696	80.0	0.0001499857513536214	80.0	-2.853950509644537e-05	80.0	0.0020110366256504857	80.0	-0.0005181405512564908	80.0	0.00014705005971006724	80.0	-0.0031348133926107488	80.0	0.0001911453813541538	80.0	-0.0013199308093728246	80.0	-0.0013968551418237771	80.0	0.0002065546190954727	80.0	0.00031238662672850655	80.0	-0.00032258449083895433	80.0	0.0001359112599617621	80.0	-0.002047140252811047	80.0	-0.0005763344276572219	80.0	-0.00022258186345536414	80.0	-2.892867706990438e-05	80.0	-0.000959493270363227	80.0	0.0003045272323477527	80.0	-0.0011169272472254022	80.0	-0.00037123367374985604	80.0	-0.0005314780623329154	80.0	-7.042308074220679e-06	80.0	-0.002243213169660209	80.0	-0.002411181855856531	80.0	-0.000607231085492216	80.0	0.001579974671790646	80.0	0.0004836113497087537	80.0	0.0009467993448148566	80.0	-0.0017395215660643327	80.0	-0.0001333323041015154	80.0	0.0008867789180980528	80.0	-0.0012026513837429286	80.0	0.00019435242936650013	80.0	0.0013364050400693683
160.0	-0.0012267257539571525	160.0	0.0001055239344517825	160.0	4.2653927360361706e-05	160.0	-0.0007087042417939577	160.0	0.0008975231482926802	160.0	0.0007940469168292535	160.0	-0.00016605424280451383	160.0	0.0016620378511054959	160.0	-0.0006358157997268916	160.0	-0.0025817316965354472	160.0	-0.0018264872106568935	160.0	-0.001116370968543568	160.0	0.0008332077483973462	160.0	0.0005978085831861819	160.0	-0.0017569352910758466	160.0	0.0004882912139648405	160.0	-0.0006254273161066046	160.0	-0.00025711843089192243	160.0	0.000164102154304539	160.0	-0.00109049169137386	160.0	-0.0007434190518027912	160.0	0.0010293504179704495	160.0	-0.00041432695712810086	160.0	-0.000841039677958258	160.0	0.0009771863450605384	160.0	-0.0011819543507739652	160.0	-0.0011182439723444765	160.0	0.0011217519777978273	160.0	0.0012131981938073564	160.0	-0.00037912088305121883	160.0	-0.000883502635423715	160.0	0.0014515089289144846	160.0	0.00044516372691071846	160.0	-0.00039776930971114325	160.0	0.000490733199346083	160.0	-0.00160964394240955	160.0	-4.295874027790009e-05	160.0	0.00018561683687492314	160.0	-0.0005314780623329154	160.0	-0.0011690231403201042	160.0	0.0011105015691387173	160.0	0.0026749048713408463	160.0	0.0007034994283141454	160.0	2.4307302642933016e-05	160.0	-0.0016818126042110245	160.0	-0.0013692175140399385	160.0	0.0012955432584077515	160.0	0.0028982232417854993	160.0	0.0003404597631983618	160.0	0.0013414188510978819	160.0	0.0006841205513700715	160.0	-7.593210454939958e-05
240.0	-0.003066814384892876	240.0	0.0004951507693506581	240.0	-0.001428906566572117	240.0	-0.0001831482872051774	240.0	-0.0030827969006574515	240.0	-0.0025603961807963843	240.0	-0.0008539932487089283	240.0	-0.00045766259668122354	240.0	0.001227272357612382	240.0	0.0009981695222070236	240.0	-0.003373320877098381	240.0	0.0015445680523685067	240.0	-0.0022750194173631767	240.0	-0.003414981531451087	240.0	0.0021098567905932578	240.0	0.0015377529275609084	240.0	-0.0009239267169756642	240.0	-0.0010284737235676897	240.0	-0.0006064644832993985	240.0	-0.00028324459516204393	240.0	-0.000630779801529641	240.0	0.002863606425932823	240.0	-0.0003674220185852966	240.0	0.0035858873542038636	240.0	0.002092928962928172	240.0	-0.0006017222149394732	240.0	0.0014886177721018753	240.0	0.0010365556250536883	240.0	0.00030855907819377613	240.0	0.0009299191471067744	240.0	0.0022195310109425037	240.0	0.00012807431725716042	240.0	-0.001062648896496565	240.0	-0.002090096918300357	240.0	-0.0014209289652707348	240.0	-0.0008700778067078648	240.0	-0.0007947366951411517	240.0	0.003205459990647764	240.0	0.0027447565684864056	240.0	0.00037324232793352303	240.0	0.001088291537755943	240.0	-0.00019590852578834	240.0	0.0020586614849614003	240.0	0.004569772896871407	240.0	0.0018045199615998183	240.0	-0.0016969557487835415	240.0	0.0037628981157123956	240.0	0.004750840519827564	240.0	0.001314333039323898	240.0	0.0013414188510978819	240.0	-0.0005053163163528876	240.0	0.0028398607101474114
320.0	-0.0020777667457649246	320.0	-0.0049596249192336	320.0	0.0011303290750495853	320.0	-0.001234260196382738	320.0	-0.0006946048712873724	320.0	-0.0021228601245843444	320.0	-0.001826596670849652	320.0	0.00028905006106182536	320.0	0.0009389372856432087	320.0	-0.0009831594542039038	320.0	-0.0002796535442154062	320.0	0.0022786201960683893	320.0	-0.0008404530331660123	320.0	-5.2308251028794615e-05	320.0	0.000360593706028663	320.0	0.0028277162838560754	320.0	0.0037667781538238453	320.0	0.003985335678824797	320.0	0.0019192817177357297	320.0	0.0101047509324058	320.0	0.0059248245643677	320.0	0.005928439249363624	320.0	0.006082007031050291	320.0	0.023472652830289664	320.0	0.0028586346810726263	320.0	0.0023209285433379682	320.0	0.0065100317880436185	320.0	0.008917218253886548	320.0	0.008408234880780484	320.0	0.005822724505730094	320.0	0.0065508488089953505	320.0	0.006659864497372342	320.0	0.003999293482085029	320.0	0.0034208160635158004	320.0	0.004819439480145084	320.0	0.0028277528718005608	320.0	0.003093029300008806	320.0	0.0008709713114900359	320.0	0.007855682592564547	320.0	0.004028200218452393	320.0	0.0022210031382774347	320.0	0.005455298948875413	320.0	0.011567011652912632	320.0	0.018108940468985098	320.0	0.008842147811839098	320.0	0.002257752283789269	320.0	0.006361262965440295	320.0	0.013929717033763247	320.0	0.0068487836085251155	320.0	0.003214779660389751	320.0	0.0018735574190930308	320.0	0.006735177673531432
400.0	-0.0013877335091640284	400.0	0.0001055239344517825	400.0	0.0005545010556847022	400.0	0.002181853508444334	400.0	0.00033559561197030874	400.0	-0.0012234804534818184	400.0	-0.001802874636163293	400.0	-0.0018306503867248942	400.0	0.0053970410907050416	400.0	-0.0008930990461852252	400.0	-0.0035830610352599384	400.0	-0.0013457622634497814	400.0	0.00522385031821291	400.0	0.0034897076043493534	400.0	0.010119640388336402	400.0	0.01929114691589439	400.0	0.019949709958082155	400.0	0.017334067549297102	400.0	0.015404197875804633	400.0	0.038570832746190886	400.0	0.02435260590905507	400.0	0.02255283547342767	400.0	0.03384973064839042	400.0	0.06574636537057355	400.0	0.019463510111690938	400.0	0.012464245880889088	400.0	0.019458869633408284	400.0	0.03852295083247486	400.0	0.025806759267116088	400.0	0.017153431652015674	400.0	0.02204446819606001	400.0	0.028347115552918172	400.0	0.021382219011937566	400.0	0.011665489028437611	400.0	0.01771766580922637	400.0	0.018771928679722185	400.0	0.020641674703530993	400.0	0.015477588551724628	400.0	0.03105142377876534	400.0	0.02401427053308159	400.0	0.02014449846417633	400.0	0.025302339599894513	400.0	0.0389368420429031	400.0	0.05792430219810937	400.0	0.02776795316909796	400.0	0.008572175606516021	400.0	0.023261551988040245	400.0	0.038940050287331114	400.0	0.019794172278974318	400.0	0.020121282766468226	400.0	0.010572772157537418	400.0	0.02908199604241871
480.0	-0.000743702488336525	480.0	0.0011769977304236904	480.0	0.001578195312333383	480.0	0.0017996309960161302	480.0	-0.0007414321659809033	480.0	-0.0030222397956868705	480.0	-0.0021349831217723205	480.0	-0.0019270004070788358	480.0	0.02314073782726955	480.0	0.0007279882981509881	480.0	-9.613090582404326e-05	480.0	0.0024391941025027385	480.0	0.02461223235918065	480.0	0.011291109614929072	480.0	0.028279753200460948	480.0	0.06030760888894071	480.0	0.05378674918516771	480.0	0.04940959180306442	480.0	0.047511141109302026	480.0	0.09085070389822454	480.0	0.06116311289832055	480.0	0.06926831760026686	480.0	0.08052014449848068	480.0	0.13795344463091738	480.0	0.05709247683193269	480.0	0.03765061859192704	480.0	0.0544378259912663	480.0	0.08832021901142412	480.0	0.06258139122275651	480.0	0.045630417226108416	480.0	0.05488490762010249	480.0	0.07840282788092504	480.0	0.05339092698884075	480.0	0.03251583302656882	480.0	0.05129260589582979	480.0	0.061122965921227505	480.0	0.056275949764049114	480.0	0.04128546798644997	480.0	0.07045360560541904	480.0	0.0602046917264852	480.0	0.05892321325850034	480.0	0.06761858117017669	480.0	0.08850022808191992	480.0	0.13169696571941109	480.0	0.06458016038573419	480.0	0.03103316929427762	480.0	0.06446419460515408	480.0	0.07896079398685343	480.0	0.05744268795358346	480.0	0.05606205681140113	480.0	0.039212546148984354	480.0	0.08407202615709138
560.0	0.0025684570473477773	560.0	0.003806978865991101	560.0	0.007784341743266011	560.0	0.005645745027324932	560.0	-0.0006946048712873724	560.0	-0.004359155523001436	560.0	-0.00033210848560902767	560.0	0.0008189751730085052	560.0	0.04793755401661845	560.0	0.007392458491533198	560.0	0.0007166122070519925	560.0	0.010605524201163934	560.0	0.06451926086502904	560.0	0.035636864165186466	560.0	0.06054905378677097	560.0	0.1188150994219215	560.0	0.11190884681152889	560.0	0.09680508923080879	560.0	0.09864679936585219	560.0	0.1639065661053939	560.0	0.12505209565325134	560.0	0.1380413086836156	560.0	0.16161878323898926	560.0	0.24376388193332085	560.0	0.11609557174152108	560.0	0.0886465763080474	560.0	0.1177503780305658	560.0	0.15696718023501413	560.0	0.1258640530777716	560.0	0.10099637260000388	560.0	0.11382099805629421	560.0	0.1400492659207049	560.0	0.11529740526987692	560.0	0.08296021366720885	560.0	0.10464336147846927	560.0	0.12953283347363337	560.0	0.11843724694617054	560.0	0.0909308327413822	560.0	0.13080184750511092	560.0	0.11864176412634181	560.0	0.1275300001998903	560.0	0.1479109369701993	560.0	0.17998477479131986	560.0	0.2422951927447563	560.0	0.13502140160674458	560.0	0.08342758842195497	560.0	0.11854948647722138	560.0	0.14900235857828467	560.0	0.14169460284180974	560.0	0.12838303521455763	560.0	0.10145974222648589	560.0	0.1675365954777876
640.0	0.004017526844209659	640.0	0.006290849938471433	640.0	0.009874384183923736	640.0	0.008297413707295595	640.0	-0.0025676966590286107	640.0	-0.0006644066038775454	640.0	0.00035583052029538676	640.0	0.0037335632887152445	640.0	0.09819657502293744	640.0	0.013651656848831356	640.0	0.0062222913587928795	640.0	0.029186219088567215	640.0	0.13970358090954407	640.0	0.07897051383889507	640.0	0.11330314575811375	640.0	0.21221719193197155	640.0	0.189198870250839	640.0	0.16584138792528996	640.0	0.18349474801757462	640.0	0.26464250637477366	640.0	0.22379166244269477	640.0	0.24410309911870576	640.0	0.27742707650117304	640.0	0.3730622636965223	640.0	0.20178898025500186	640.0	0.15752227983951209	640.0	0.20069986403008006	640.0	0.2598843743499341	640.0	0.21159438787138415	640.0	0.17664171860503547	640.0	0.19596519430593326	640.0	0.24664978931774809	640.0	0.21009573892152625	640.0	0.15963567224098166	640.0	0.18838295354001744	640.0	0.22065173178111452	640.0	0.20139057442279562	640.0	0.16287163524863732	640.0	0.22651158185344603	640.0	0.20959317290486051	640.0	0.22845238280321692	640.0	0.251847944844215	640.0	0.2931296986356554	640.0	0.39958774814717585	640.0	0.22337069892667152	640.0	0.14687771066831654	640.0	0.19951366179479324	640.0	0.2511489384994221	640.0	0.26143350979178115	640.0	0.23565028747993652	640.0	0.20424108097266394	640.0	0.308314717312368
720.0	0.007812709645514589	720.0	0.017638731504901185	720.0	0.021092367079698863	720.0	0.012884083856434043	720.0	0.0020447918682841887	720.0	-0.0008831746319835653	720.0	0.0010674915608861603	720.0	0.005226988604201342	720.0	0.15861386241093958	720.0	0.038103057625902576	720.0	0.024548337678158973	720.0	0.06983435654594822	720.0	0.20606314410581594	720.0	0.1513352428335828	720.0	0.22417420205216182	720.0	0.3082648025117117	720.0	0.31247912280976065	720.0	0.26748887427122997	720.0	0.289447660688116	720.0	0.3972647069445202	720.0	0.3629236643800899	720.0	0.37022561348897937	720.0	0.42979776935747266	720.0	0.5777101547895298	720.0	0.31837314516905324	720.0	0.26095403057178657	720.0	0.31031626361212744	720.0	0.3932805636590698	720.0	0.35892433500259124	720.0	0.2770944461651923	720.0	0.319289232904224	720.0	0.3729524118528511	720.0	0.33573961081202175	720.0	0.26028577193643504	720.0	0.29778715948975465	720.0	0.3406572132712968	720.0	0.3410923978065267	720.0	0.2663815782428511	720.0	0.3551147118952071	720.0	0.34281955705290673	720.0	0.3832563015411541	720.0	0.4049052480880081	720.0	0.44966202406412364	720.0	0.5716348362538557	720.0	0.3833738748818039	720.0	0.26272225204235544	720.0	0.3305018192193115	720.0	0.40182145962382054	720.0	0.4189634504567703	720.0	0.39104672300625837	720.0	0.35387690339051703	720.0	0.4910756997523096
800.0	0.01080285367078514	800.0	0.03015549357602756	800.0	0.03226769604811363	800.0	0.027838539655187518	800.0	0.0013189688005344588	800.0	0.002082347526786926	800.0	0.0005930508671589779	800.0	0.013778052910613677	800.0	0.24158782427529937	800.0	0.0826379293911391	800.0	0.07582980634865981	800.0	0.14190910140548046	800.0	0.31624218958301936	800.0	0.27582140767481605	800.0	0.4456631318253868	800.0	0.4417213504240116	800.0	0.45298705507598236	800.0	0.40671850459920594	800.0	0.4484626482092175	800.0	0.5693995285393714	800.0	0.4927516642449228	800.0	0.5272054219678858	800.0	0.6277835149466495	800.0	0.7549936730878772	800.0	0.4788650636921309	800.0	0.3890778821956844	800.0	0.4488218195752525	800.0	0.5654836916431608	800.0	0.5201184025335506	800.0	0.42778426734174024	800.0	0.4667048799513858	800.0	0.5344754716336733	800.0	0.498066409811983	800.0	0.3871235565494164	800.0	0.4414254993759631	800.0	0.4944869694972473	800.0	0.5237100027278799	800.0	0.42319924896572164	800.0	0.5455076270742206	800.0	0.5025813580246045	800.0	0.5449009099449857	800.0	0.584319782993633	800.0	0.6205457378302005	800.0	0.74645295686183	800.0	0.5554168080207302	800.0	0.41236753002628457	800.0	0.5203352982406085	800.0	0.5893989590255796	800.0	0.6030492526512314	800.0	0.5765094431261535	800.0	0.5448631486803859	800.0	0.6784153880965796
880.0	0.016162111808385435	880.0	0.0482487897216441	880.0	0.04854016933609162	880.0	0.04038021584423796	880.0	0.0032857151776627593	880.0	0.004099874897097998	880.0	0.004649518798526387	880.0	0.025701367929413972	880.0	0.324650504623342	880.0	0.14953029744701257	880.0	0.24144587873697973	880.0	0.22992654126099452	880.0	0.4474180703198358	880.0	0.43942667167829536	880.0	0.6711339367779495	880.0	0.6165879084519564	880.0	0.6434296728304425	880.0	0.5838302504119252	880.0	0.6303163746837467	880.0	0.7213531727289271	880.0	0.7073069081652192	880.0	0.6958873194089825	880.0	0.7685686879828766	880.0	0.8708736490800173	880.0	0.6703133705344771	880.0	0.5523809933144364	880.0	0.6016223796943989	880.0	0.7307007187022324	880.0	0.6807234027334127	880.0	0.6100627266230845	880.0	0.6361865440393741	880.0	0.7289136309495856	880.0	0.6938881892319203	880.0	0.5492398628491421	880.0	0.6147275625062256	880.0	0.672461384859341	880.0	0.6794998743456846	880.0	0.605632043177332	880.0	0.7431737831336529	880.0	0.7041955958813765	880.0	0.7112096249392	880.0	0.7562069095430057	880.0	0.7859643718268473	880.0	0.8678922408659233	880.0	0.725965598631452	880.0	0.5933445832517021	880.0	0.7070463724424848	880.0	0.7555029399773054	880.0	0.7767312378958636	880.0	0.7533223244475898	880.0	0.7395109937395195	880.0	0.8198996785034693
960.0	0.022211403182586624	960.0	0.06378515976323676	960.0	0.0696112094521103	960.0	0.05464189333921531	960.0	0.003964710950718958	960.0	0.008232159872433928	960.0	0.005859342567530702	960.0	0.04887354782453698	960.0	0.4394522225089143	960.0	0.22718488426111813	960.0	0.48146727223311214	960.0	0.32854185894117566	960.0	0.59541750228951	960.0	0.6351342565988728	960.0	0.8244706561117565	960.0	0.7984071503324753	960.0	0.7721042359907835	960.0	0.7344159447709611	960.0	0.7904229982747869	960.0	0.8828663220052018	960.0	0.8125344957703962	960.0	0.8345477862387458	960.0	0.8944849955010347	960.0	0.9297999472438747	960.0	0.811684523410176	960.0	0.7247529178154904	960.0	0.7569229629619078	960.0	0.859112921375836	960.0	0.8096029195298963	960.0	0.7565464519650266	960.0	0.7817489904366227	960.0	0.8507763438197737	960.0	0.839112085046376	960.0	0.703827480941426	960.0	0.7745820710991838	960.0	0.8228108298584601	960.0	0.8156361222863501	960.0	0.7589801068724634	960.0	0.855614155663372	960.0	0.8318233451104198	960.0	0.8401832771789707	960.0	0.8638285046905022	960.0	0.8897564559031748	960.0	0.9260596160904621	960.0	0.8474458824463517	960.0	0.746442037308264	960.0	0.8117451913874032	960.0	0.8530179767033378	960.0	0.8775865044916936	960.0	0.8567272155382558	960.0	0.85560936094589	960.0	0.9091047149281
1040.0	0.028674714498748356	1040.0	0.09247143548266648	1040.0	0.09748555098210668	1040.0	0.07896080069245978	1040.0	0.006938244163758174	1040.0	0.017323186818172975	1040.0	0.011623796996315968	1040.0	0.0921828819736338	1040.0	0.5774760034984655	1040.0	0.3142958139171849	1040.0	0.7165859895322182	1040.0	0.44248051512109177	1040.0	0.7215506648273304	1040.0	0.7707844967311079	1040.0	0.9162609348123302	1040.0	0.8796748417790708	1040.0	0.8712913226224167	1040.0	0.8619466864933546	1040.0	0.8996508191551451	1040.0	0.9332342921398916	1040.0	0.916365356672186	1040.0	0.9318562283826738	1040.0	0.9469012643226185	1040.0	0.9814092002094953	1040.0	0.8850391312084148	1040.0	0.8222963868730001	1040.0	0.8690821211307512	1040.0	0.9413699999503021	1040.0	0.8959433597735738	1040.0	0.8667418708971789	1040.0	0.8699053143760963	1040.0	0.944548089771558	1040.0	0.9070282736407069	1040.0	0.836870466785901	1040.0	0.8622109068749524	1040.0	0.8979202965225165	1040.0	0.9026920094595146	1040.0	0.8532377644593732	1040.0	0.9211388482797584	1040.0	0.9350917507107449	1040.0	0.9015273838581934	1040.0	0.9213125871227819	1040.0	0.9261014579470257	1040.0	0.9743825337446128	1040.0	0.9188399102070867	1040.0	0.8592495377070122	1040.0	0.9103302106859029	1040.0	0.9322173653396361	1040.0	0.9292968001532861	1040.0	0.9180624361091452	1040.0	0.929797570283669	1040.0	0.9558485184887082
1120.0	0.03822017427172742	1120.0	0.11470451674908358	1120.0	0.13418925547569793	1120.0	0.10093859515708152	1120.0	0.01286189694248984	1120.0	0.032053567377311645	1120.0	0.020211173552777968	1120.0	0.16557750997824897	1120.0	0.7398530082589515	1120.0	0.41403771579787135	1120.0	0.8647149762338183	1120.0	0.5959432914133485	1120.0	0.8508137903852173	1120.0	0.8788383981420109	1120.0	0.9677030794702496	1120.0	0.9403468470963434	1120.0	0.9362362636972136	1120.0	0.9296116868897455	1120.0	0.9542968365385577	1120.0	0.9660340162596559	1120.0	0.9376541749738114	1120.0	0.9593700685021094	1120.0	0.990733929390869	1120.0	0.9899878049246696	1120.0	0.94507045951094	1120.0	0.9111363738929923	1120.0	0.9277792458192277	1120.0	0.9887178729878574	1120.0	0.9556495414040701	1120.0	0.9456490871412927	1120.0	0.9363404027910064	1120.0	0.9581453131203599	1120.0	0.9470283885216687	1120.0	0.903001422567695	1120.0	0.9318217774209993	1120.0	0.9581731846370362	1120.0	0.9370804810519736	1120.0	0.9086872249212021	1120.0	0.9579200424017567	1120.0	0.9603172982325919	1120.0	0.9507003933396558	1120.0	0.9712692611988095	1120.0	0.9717326524446235	1120.0	0.9770320297326925	1120.0	0.9632960639810597	1120.0	0.9310242111158613	1120.0	0.9536071781830516	1120.0	0.9673960411533666	1120.0	0.961315853231755	1120.0	0.9531474774387225	1120.0	0.947009421428366	1120.0	0.9692429417312217
1200.0	0.05091678582518391	1200.0	0.1427820005389838	1200.0	0.18172705751882104	1200.0	0.12657139239679793	1200.0	0.03484731180110263	1200.0	0.08329390107147719	1200.0	0.040896787799283116	1200.0	0.2431633638682606	1200.0	0.8721988062928021	1200.0	0.5532035612887344	1200.0	0.9449143692108439	1200.0	0.7412856158659252	1200.0	0.9244766006283112	1200.0	0.9353761448968444	1200.0	0.9849885607400918	1200.0	0.9709780108619287	1200.0	0.9678985215751102	1200.0	0.9574447570337961	1200.0	0.9842205076321772	1200.0	0.9829012319015554	1200.0	0.9733157616102908	1200.0	0.9750425090764714	1200.0	1.0049461257693388	1200.0	0.9975800994720565	1200.0	0.977317608897938	1200.0	0.9581996471329012	1200.0	0.9783139017668967	1200.0	1.0041171137463605	1200.0	0.9703341484435649	1200.0	0.9698985172081539	1200.0	0.9867216018549246	1200.0	0.9808998501530487	1200.0	0.9812341948926797	1200.0	0.9592387707915827	1200.0	0.9807119879528661	1200.0	0.9724859645573806	1200.0	0.9802754944014022	1200.0	0.9614595194665657	1200.0	0.9805479029186155	1200.0	0.9663807254844932	1200.0	0.9806839357064012	1200.0	0.9850808122668877	1200.0	0.9849288206683688	1200.0	0.9833519284198552	1200.0	0.9796883233122324	1200.0	0.9607828428305805	1200.0	0.9727564720755841	1200.0	0.9870590472634949	1200.0	0.9820047220977389	1200.0	0.9716498064193829	1200.0	0.9816197020499517	1200.0	0.9914075230491904
1280.0	0.07308985382795938	1280.0	0.1676207112637871	1280.0	0.24528140928575998	1280.0	0.14940918751438312	1280.0	0.08989279671334827	1280.0	0.16384915053184937	1280.0	0.07861482295059412	1280.0	0.33614113350981445	1280.0	0.937007658623104	1280.0	0.6881815978067287	1280.0	0.9808323712960106	1280.0	0.8637117499573714	1280.0	0.9565587215839931	1280.0	0.9677250618545069	1280.0	0.9858862089019078	1280.0	0.9894091822069596	1280.0	0.9839748464504868	1280.0	0.9751859287653387	1280.0	0.9905562777635873	1280.0	0.9824551216641753	1280.0	0.9948974419626263	1280.0	0.986883908621545	1280.0	0.9860903404751314	1280.0	0.997052538219519	1280.0	0.9910565572120728	1280.0	0.97100773427947	1280.0	0.9886131424293815	1280.0	1.0025622803087801	1280.0	0.9906990476043543	1280.0	0.9711646378930608	1280.0	0.9933370971982193	1280.0	1.0037611157834518	1280.0	0.985068346992201	1280.0	0.9695446119977349	1280.0	1.0034981220299655	1280.0	0.9788157806011802	1280.0	0.9895331029312896	1280.0	0.9751451916315363	1280.0	0.9907697549667718	1280.0	0.9920710653392385	1280.0	0.9838377601627551	1280.0	0.99462005048412	1280.0	0.990704921237685	1280.0	1.0035269896134895	1280.0	0.9820919439010835	1280.0	0.9920272212094706	1280.0	0.9903554810577747	1280.0	1.0037115502968048	1280.0	0.9860902392561192	1280.0	0.987561809342751	1280.0	0.9998344117301797	1280.0	0.9954622974321281
1360.0	0.12222022027394319	1360.0	0.1995701117254949	1360.0	0.3222290942438525	1360.0	0.18268643500266363	1360.0	0.1573006874246861	1360.0	0.2440640941707233	1360.0	0.142616872534391	1360.0	0.45908375948144414	1360.0	0.9688354146443166	1360.0	0.8248707820770782	1360.0	0.9810683289739425	1360.0	0.9426911727935806	1360.0	0.9805333688835306	1360.0	0.9827001668633208	1360.0	0.9987985324603386	1360.0	1.0055009284820993	1360.0	0.9781754295193165	1360.0	0.9727433036718655	1360.0	0.9919261740082166	1360.0	0.9904851059370191	1360.0	0.9840840739364038	1360.0	1.0007453116184253	1360.0	0.9992940806749309	1360.0	1.0070303271262055	1360.0	0.9998074797051522	1360.0	0.9783573413333735	1360.0	0.9943610588986935	1360.0	0.9966411337930624	1360.0	0.9961058441790681	1360.0	0.9900491498035368	1360.0	0.9996940064043167	1360.0	1.0062158735308808	1360.0	0.9994571874555734	1360.0	0.981824835413908	1360.0	1.0117600182816426	1360.0	0.9987840662651257	1360.0	0.9906500301785149	1360.0	0.9920006282416017	1360.0	0.9941333558544129	1360.0	0.9967401155924447	1360.0	0.9976746097142236	1360.0	1.0084994160418943	1360.0	0.9903494688949579	1360.0	1.0019956295469847	1360.0	1.0040060343147517	1360.0	0.9967466517897785	1360.0	1.003325470307677	1360.0	1.0099009762029907	1360.0	1.0005558203575937	1360.0	1.0018317305690854	1360.0	1.0125917051937967	1360.0	0.9980819550390824
1440.0	0.19425969017507677	1440.0	0.23329718462142884	1440.0	0.4043379044125488	1440.0	0.21080367857316337	1440.0	0.23910797125428468	1440.0	0.32330673546245936	1440.0	0.21473185798092273	1440.0	0.5664417696608238	1440.0	0.9873110388712644	1440.0	0.9102705639807901	1440.0	0.999997378248023	1440.0	0.9824905624598087	1440.0	0.9864237854004614	1440.0	0.9918018025423305	1440.0	0.9951619065740069	1440.0	0.9995758425574216	1440.0	0.9857232000841485	1440.0	0.9926271289941742	1440.0	1.0044050726116358	1440.0	0.9953073451696529	1440.0	1.0073553430428368	1440.0	1.0198308614734262	1440.0	0.9934778682956231	1440.0	1.0015024026974437	1440.0	0.9995011974178944	1440.0	0.9844605237991881	1440.0	1.0048953444725628	1440.0	1.0036911319826398	1440.0	0.9932656981184208	1440.0	1.0018734294202098	1440.0	1.0157694446000751	1440.0	1.0048497474801377	1440.0	1.000211093767277	1440.0	0.9970774803990133	1440.0	1.0114304213567087	1440.0	1.0106171244363527	1440.0	1.0080697993612036	1440.0	1.0034374810367415	1440.0	1.0034160206417344	1440.0	1.0078106238851146	1440.0	1.0014058949865297	1440.0	1.0115284632483141	1440.0	1.0091217957452354	1440.0	1.0038186772452047	1440.0	1.001212637414195	1440.0	1.0006358121754027	1440.0	1.0022555553695538	1440.0	0.9891011367631549	1440.0	1.008038017479046	1440.0	0.9953327875146284	1440.0	0.9978520169506415	1440.0	1.0048247259230687
1520.0	0.2837109987464396	1520.0	0.2596700510086465	1520.0	0.4864893685086054	1520.0	0.24216981349930286	1520.0	0.33405031124541873	1520.0	0.41830067477782895	1520.0	0.2962882132326254	1520.0	0.718530276789521	1520.0	0.9806349729741319	1520.0	0.9488389337147891	1520.0	1.002933740462285	1520.0	0.9877206839836703	1520.0	0.9914012960365395	1520.0	0.9970924085035282	1520.0	1.010030642792806	1520.0	1.0072281675523929	1520.0	0.9942730757804693	1520.0	1.0098326373280253	1520.0	1.0223207469359274	1520.0	0.9948399915876355	1520.0	1.003435497133331	1520.0	1.0097540626448733	1520.0	1.0066347035568797	1520.0	0.990515366177207	1520.0	1.0036578856021072	1520.0	1.007583848916148	1520.0	1.0004935943139075	1520.0	0.9944686267980868	1520.0	1.0008183828278459	1520.0	0.9903281255476688	1520.0	0.9947377721080374	1520.0	1.0024803726108802	1520.0	0.9960107586020711	1520.0	0.9903081699646564	1520.0	1.001476594223704	1520.0	1.0069192937578442	1520.0	0.9929053640431047	1520.0	0.9917650376409528	1520.0	1.00651752275891	1520.0	1.013620528046344	1520.0	1.0189740298103043	1520.0	1.0074595938665563	1520.0	0.9990136197489321	1520.0	1.0032353019817744	1520.0	0.9991338304184321	1520.0	1.0082830376527534	1520.0	1.0024302353594514	1520.0	1.0070588928787216	1520.0	1.00247981390311	1520.0	1.0083769294459939	1520.0	1.004079068787544	1520.0	1.0087428225178174
1600.0	0.3675960392092219	1600.0	0.30627916113342446	1600.0	0.5619654929727654	1600.0	0.3101098650834161	1600.0	0.43337100329039785	1600.0	0.5454048991074265	1600.0	0.39205406726145714	1600.0	0.8394736398388064	1600.0	0.9976245625993925	1600.0	0.9731327287778276	1600.0	1.0183234245673891	1600.0	1.0062096223531112	1600.0	0.99707435401041	1600.0	0.9868250460873055	1600.0	0.9870600564981288	1600.0	1.0115790609066766	1600.0	1.0033773075069756	1600.0	0.9980694691147198	1600.0	1.0121107389876753	1600.0	0.9985575768991373	1600.0	1.0206017188749592	1600.0	0.9900416151668979	1600.0	1.0166723604050398	1600.0	1.0006995920957562	1600.0	1.0074207822741312	1600.0	1.0015666267667531	1600.0	1.0058782595565343	1600.0	0.9954483848546445	1600.0	1.009149477939078	1600.0	0.9982252850738679	1600.0	1.0038098357547052	1600.0	1.0115949948556815	1600.0	0.9990263838488856	1600.0	0.9985094499139734	1600.0	0.9978510280494307	1600.0	1.001133276343237	1600.0	1.0047404969896663	1600.0	1.0035017330187366	1600.0	1.001603170812681	1600.0	1.0001415503922917	1600.0	1.0126663808975962	1600.0	0.9972196059224654	1600.0	1.0003243502627386	1600.0	0.9889183007250868	1600.0	1.0131224691607539	1600.0	0.9952172066943084	1600.0	1.0126708497672026	1600.0	1.0003431552458193	1600.0	1.0029548740378054	1600.0	1.008238161978639	1600.0	0.9853046241107405	1600.0	0.9954622974321281
1680.0	0.4757012462766957	1680.0	0.37163906268771085	1680.0	0.6448634007976285	1680.0	0.3832815873063904	1680.0	0.5462950244438477	1680.0	0.6869478132920213	1680.0	0.521908485134587	1680.0	0.9167704436677562	1680.0	0.9959610910303396	1680.0	0.9862590332465501	1680.0	1.0124507001388654	1680.0	1.0092375874458732	1680.0	0.9969222030302679	1680.0	0.9944695233447989	1680.0	0.9940340922168535	1680.0	1.0072937589094926	1680.0	1.004571305110452	1680.0	1.0036403684507116	1680.0	1.001065950515352	1680.0	1.005334203838389	1680.0	1.0051025580373738	1680.0	1.0045299157867527	1680.0	0.9974647880717614	1680.0	0.991478738899232	1680.0	1.002367124534378	1680.0	0.9949261923233139	1680.0	1.0027372048316687	1680.0	1.000751857812967	1680.0	1.0093388210097876	1680.0	1.0006716877531794	1680.0	0.9976468661515057	1680.0	1.0020961496591088	1680.0	1.015353840542353	1680.0	1.001438478467301	1680.0	1.0099142755020127	1680.0	1.0099863180264894	1680.0	1.0067595577827275	1680.0	0.9993467715163825	1680.0	1.007085403428252	1680.0	1.0150360319692617	1680.0	1.004915079945008	1680.0	1.0016727574125004	1680.0	0.9910603735804122	1680.0	1.0116699359988721	1680.0	1.005023783573094	1680.0	0.9996307482555222	1680.0	1.0029542753291445	1680.0	0.9942379392159079	1680.0	1.0056864698123038	1680.0	0.9982006485066307	1680.0	1.0026330867130573	1680.0	0.9943233158638872
1760.0	0.5938579374906559	1760.0	0.46083925620237215	1760.0	0.7008466804581032	1760.0	0.47379665603079435	1760.0	0.6829838976542646	1760.0	0.8120345102513077	1760.0	0.6623666525125192	1760.0	0.9617418156679585	1760.0	0.9919244000227712	1760.0	1.010665403819612	1760.0	1.016802808420718	1760.0	0.9988461617866217	1760.0	1.0092246965674738	1760.0	0.9998946362372135	1760.0	1.0141966509284137	1760.0	0.9989417927721239	1760.0	1.001095919228905	1760.0	1.0021833640089906	1760.0	0.9977482330478907	1760.0	1.0162320396372486	1760.0	1.0008447943770487	1760.0	1.0014186461023606	1760.0	0.9909450016143116	1760.0	1.0050577067906308	1760.0	1.0097616540410301	1760.0	1.0119248448953542	1760.0	1.0096817135771199	1760.0	1.0003471751374324	1760.0	1.012620767568758	1760.0	1.0055859527844284	1760.0	1.0062017575237792	1760.0	0.9907188811427644	1760.0	1.0003403348492834	1760.0	1.0049316162234914	1760.0	0.9936541605386052	1760.0	1.0034607344761806	1760.0	0.9968146094083936	1760.0	1.0020667720875112	1760.0	1.002214734610434	1760.0	0.9997401388320614	1760.0	1.0107785282300605	1760.0	0.9962702030667219	1760.0	1.0029680270617716	1760.0	0.9990301386245469	1760.0	1.0069510108920825	1760.0	0.9940810474805305	1760.0	1.0012729804263794	1760.0	1.0135851582900062	1760.0	1.00556770477863	1760.0	1.0164716983750328	1760.0	1.0024931529639134	1760.0	0.9996765292346197
1840.0	0.7378908750771496	1840.0	0.5557133905002484	1840.0	0.7551024760604833	1840.0	0.564956725244921	1840.0	0.802557394654196	1840.0	0.9076361385336383	1840.0	0.7829931988926554	1840.0	0.9781694941383056	1840.0	1.0000199616588286	1840.0	0.9926983524198856	1840.0	1.01845451216624	1840.0	1.0116461960423884	1840.0	0.9927489190035126	1840.0	1.0087048402319199	1840.0	1.005151119451652	1840.0	1.009611320193684	1840.0	1.0018208463453013	1840.0	1.0060829935441848	1840.0	1.005496708681575	1840.0	1.0110699068904205	1840.0	1.0076932607936562	1840.0	1.0003738167307366	1840.0	1.002342901680213	1840.0	1.005011831899106	1840.0	0.9966352703014109	1840.0	0.9936152974979101	1840.0	1.0194467612591853	1840.0	1.0061405271240338	1840.0	1.009906850221917	1840.0	1.002324082545346	1840.0	0.9995431644909517	1840.0	0.9975495113964796	1840.0	1.0105719205081185	1840.0	1.0012649064048815	1840.0	0.9951703063933014	1840.0	1.0145542265117058	1840.0	1.017370366631369	1840.0	1.0075496078844322	1840.0	1.0091603520277708	1840.0	1.012521927986766	1840.0	0.9950538260110562	1840.0	1.0015823380929059	1840.0	1.013276145000859	1840.0	1.0049611204694227	1840.0	1.0018189561212927	1840.0	0.997642469631411	1840.0	1.0027577603405096	1840.0	0.9914169083607075	1840.0	1.0030261330580097	1840.0	1.0044914403600553	1840.0	1.0024698306723894	1840.0	0.9995854107091604
1920.0	0.8522753845976915	1920.0	0.6289388837840558	1920.0	0.805775341764593	1920.0	0.6536562370352911	1920.0	0.8883918258274383	1920.0	0.9552060308673584	1920.0	0.8829104089916	1920.0	0.9930796597880781	1920.0	0.9904827246629252	1920.0	1.0166093907488447	1920.0	1.0242223665156829	1920.0	1.0060490484466769	1920.0	1.0170061324090283	1920.0	1.0162596462019353	1920.0	1.0246922294358014	1920.0	0.9998819355572204	1920.0	1.0135689299080763	1920.0	0.99641962584983	1920.0	0.990149589815963	1920.0	1.022817476474766	1920.0	1.0026695502314737	1920.0	1.0113793527785109	1920.0	1.0021318294567705	1920.0	1.0040713966228434	1920.0	1.0124744400138848	1920.0	1.009732856826646	1920.0	0.9955790188940495	1920.0	0.9958317684419931	1920.0	1.007760962087206	1920.0	1.0138908460905127	1920.0	1.0025384539134858	1920.0	0.9998335033875656	1920.0	1.0127259385415575	1920.0	1.0123518218919212	1920.0	0.9945330856717625	1920.0	1.0032432150245036	1920.0	1.0128811782723284	1920.0	1.0101196871642388	1920.0	1.0045517819804184	1920.0	0.9959372924719839	1920.0	0.9940099545360658	1920.0	0.996066759597634	1920.0	1.0182524777990392	1920.0	0.9994919773747627	1920.0	1.0069510108920825	1920.0	0.9974239774749153	1920.0	1.0092209199667235	1920.0	1.0035852354823929	1920.0	1.003596205219644	1920.0	1.0078449874878	1920.0	1.011122400827786	1920.0	1.0124331227989183
2000.0	0.9077540568204036	2000.0	0.7366950553107761	2000.0	0.8404743116722472	2000.0	0.7670568786913338	2000.0	0.9265794846500127	2000.0	0.9835972594037842	2000.0	0.9449198076617428	2000.0	0.9963314729750236	2000.0	0.9855144895766872	2000.0	1.0044062054623137			2000.0	1.026946595412633	2000.0	1.011680848104054	2000.0	1.0083013194382693					2000.0	1.0057226599423754	2000.0	1.0088041636044576															2000.0	1.0083789818430322							2000.0	1.000736066771056							2000.0	1.0045193825752454							2000.0	1.0023023626881602															2000.0	1.0037602500132916
2080.0	0.9598515661837712	2080.0	0.8221937938938981	2080.0	0.8601590991490542	2080.0	0.8583841702546479	2080.0	0.9430861060294824	2080.0	0.997963026582746	2080.0	0.9628299438499439	2080.0	0.9962351229546696	2080.0	0.985226154504718	2080.0	0.9986423393491184			2080.0	1.0281623692756356	2080.0	1.0169843965547223	2080.0	1.0139506105493787					2080.0	1.0116713265739803	2080.0	1.0095969454330411															2080.0	1.0094534857982813							2080.0	0.9963153742101947							2080.0	1.0077738587456093							2080.0	0.9879099187212428															2080.0	1.0065787988320865
2160.0	0.9734452209448088	2160.0	0.900362677645485	2160.0	0.8969907654247264	2160.0	0.9383642309802495	2160.0	0.9679045722170538	2160.0	0.9870246251774452	2160.0	0.971820594996074	2160.0	1.0094832507533367	2160.0	1.000907146495657	2160.0	1.0014116968956928
2240.0	0.9733072142974887	2240.0	0.9337488270608825	2240.0	0.9068651496086502	2240.0	0.9712592559561017	2240.0	0.9810162147312425	2240.0	1.01167248967739	2240.0	1.004248616412327	2240.0	0.9903818592181677	2240.0	1.0195602076899704	2240.0	1.01215140055192
2320.0	0.9815876131366994	2320.0	0.9682064502722518	2320.0	0.9283840559619527	2320.0	0.9800742626489772	2320.0	0.9809693874365489	2320.0	1.0098980378938633	2320.0	0.9829936733333491	2320.0	0.9925256471710429	2320.0	1.0327792617587108	2320.0	1.0040234487282345
2400.0	0.9923061294119	2400.0	0.9740021494413725	2400.0	0.9402418477681332	2400.0	0.9840159323083931	2400.0	1.0038445208943387	2400.0	0.9881427728766536	2400.0	0.9956612398558649	2400.0	1.0247788164845248
2480.0	1.0154452439459167	2480.0	0.9832557867702209	2480.0	0.9500522510610164	2480.0	1.004751503607623	2480.0	1.0257128675162177	2480.0	1.0149053949816234	2480.0	0.9955663517171195	2480.0	1.0070985877495766
2560.0	1.0221385663409455	2560.0	1.0041008224373107	2560.0	0.9529740450852012	2560.0	0.997919276197969	2560.0	1.0354061175177787	2560.0	1.0278613237572354	2560.0	1.0063124334300402	2560.0	0.9974635857141824
2640.0	1.0253127192293094	2640.0	0.9981346615279216	2640.0	0.9657275693659494	2640.0	0.9964859417763632	2640.0	1.0274923047145719	2640.0	1.0237290387818996	2640.0	1.0003107586543913	2640.0	0.9926219971913969
2720.0	1.0343981568445546	2720.0	1.013208349703072	2720.0	0.9837061997483418	2720.0	1.0027209465103484	2720.0	1.0006836785025255			2720.0	1.0003107586543913
2800.0	1.0222075696646056	2800.0	1.0125995577735425	2800.0	0.9869905521550897	2800.0	1.0166242903999243	2800.0	1.033884230440239			2800.0	1.001473138354023
		2880.0	1.0070230236990523	2880.0	0.9767749365522831	2880.0	1.013829288277793					2880.0	1.0041062842042088
		2960.0	1.0016169513648303	2960.0	0.9883554778306213	2960.0	1.0323193023165074					2960.0	1.009016745384285
		3040.0	1.0007159393091267	3040.0	1.0077416878159056
		3120.0	1.0053427579735508	3120.0	1.0059502228667705
				3200.0	1.0048838746827615
				3280.0	1.0170828979078248
				3360.0	1.012028407515622
				3440.0	1.0164857429247798
