"Molec.Weight","S_Apparent","S_20_W","D_Apparent","D_20_W","f/f0","Vbar20","Concentration","Conc.Percent"
"1.2047e+04","1.9685e-13","1.9849e-13","1.4203e-06","1.4212e-06","1.0000e+00","7.1870e-01","3.0124e-06"," 0.00 %"
"1.6836e+04","1.9685e-13","1.9849e-13","1.0163e-06","1.0169e-06","1.2500e+00","7.1870e-01","6.1620e-07"," 0.00 %"
"2.2131e+04","1.9685e-13","1.9849e-13","7.7313e-07","7.7360e-07","1.5000e+00","7.1870e-01","1.0332e-06"," 0.00 %"
"1.6797e+04","2.4569e-13","2.4774e-13","1.2713e-06","1.2721e-06","1.0000e+00","7.1870e-01","7.6704e-07"," 0.00 %"
"2.3475e+04","2.4569e-13","2.4774e-13","9.0970e-07","9.1026e-07","1.2500e+00","7.1870e-01","4.7593e-06"," 0.00 %"
"1.9363e+04","2.7011e-13","2.7236e-13","1.2125e-06","1.2132e-06","1.0000e+00","7.1870e-01","1.9156e-05"," 0.00 %"
"2.7061e+04","2.7011e-13","2.7236e-13","8.6761e-07","8.6813e-07","1.2500e+00","7.1870e-01","1.7021e-06"," 0.00 %"
"2.2047e+04","2.9453e-13","2.9699e-13","1.1612e-06","1.1619e-06","1.0000e+00","7.1870e-01","2.1754e-04"," 0.05 %"
"4.0503e+04","2.9453e-13","2.9699e-13","6.3206e-07","6.3244e-07","1.5000e+00","7.1870e-01","1.5922e-06"," 0.00 %"
"6.2359e+04","2.9453e-13","2.9699e-13","4.1053e-07","4.1078e-07","2.0000e+00","7.1870e-01","2.8240e-06"," 0.00 %"
"2.4845e+04","3.1895e-13","3.2161e-13","1.1158e-06","1.1165e-06","1.0000e+00","7.1870e-01","1.8791e-03"," 0.39 %"
"3.4722e+04","3.1895e-13","3.2161e-13","7.9842e-07","7.9891e-07","1.2500e+00","7.1870e-01","8.0496e-07"," 0.00 %"
"7.0273e+04","3.1895e-13","3.2161e-13","3.9450e-07","3.9474e-07","2.0000e+00","7.1870e-01","2.2124e-06"," 0.00 %"
"2.7752e+04","3.4337e-13","3.4623e-13","1.0754e-06","1.0761e-06","1.0000e+00","7.1870e-01","8.1895e-05"," 0.02 %"
"7.8496e+04","3.4337e-13","3.4623e-13","3.8022e-07","3.8045e-07","2.0000e+00","7.1870e-01","3.5797e-06"," 0.00 %"
"8.7017e+04","3.6779e-13","3.7085e-13","3.6738e-07","3.6760e-07","2.0000e+00","7.1870e-01","7.4415e-06"," 0.00 %"
"3.3879e+04","3.9221e-13","3.9548e-13","1.0062e-06","1.0068e-06","1.0000e+00","7.1870e-01","1.4210e-05"," 0.00 %"
"7.8432e+04","3.9221e-13","3.9548e-13","4.3465e-07","4.3492e-07","1.7500e+00","7.1870e-01","5.9147e-06"," 0.00 %"
"9.5825e+04","3.9221e-13","3.9548e-13","3.5576e-07","3.5598e-07","2.0000e+00","7.1870e-01","8.2393e-06"," 0.00 %"
"1.0491e+05","4.1663e-13","4.2010e-13","3.4517e-07","3.4539e-07","2.0000e+00","7.1870e-01","4.2839e-06"," 0.00 %"
"1.1427e+05","4.4105e-13","4.4472e-13","3.3548e-07","3.3569e-07","2.0000e+00","7.1870e-01","2.6311e-06"," 0.00 %"
"1.3377e+05","4.8989e-13","4.9397e-13","3.1832e-07","3.1851e-07","2.0000e+00","7.1870e-01","1.5852e-06"," 0.00 %"
"1.4389e+05","5.1431e-13","5.1859e-13","3.1067e-07","3.1086e-07","2.0000e+00","7.1870e-01","1.0127e-05"," 0.00 %"
"1.3494e+05","5.6315e-13","5.6784e-13","3.6274e-07","3.6296e-07","1.7500e+00","7.1870e-01","3.1508e-06"," 0.00 %"
"1.6487e+05","5.6315e-13","5.6784e-13","2.9690e-07","2.9708e-07","2.0000e+00","7.1870e-01","1.2369e-05"," 0.00 %"
"8.6818e+04","5.8757e-13","5.9246e-13","5.8825e-07","5.8861e-07","1.2500e+00","7.1870e-01","1.0077e-05"," 0.00 %"
"1.7571e+05","5.8757e-13","5.9246e-13","2.9066e-07","2.9084e-07","2.0000e+00","7.1870e-01","3.1033e-05"," 0.01 %"
"1.5287e+05","6.1199e-13","6.1708e-13","3.4796e-07","3.4817e-07","1.7500e+00","7.1870e-01","1.0321e-05"," 0.00 %"
"1.8677e+05","6.1199e-13","6.1708e-13","2.8480e-07","2.8498e-07","2.0000e+00","7.1870e-01","3.9753e-05"," 0.01 %"
"1.6211e+05","6.3641e-13","6.4171e-13","3.4122e-07","3.4143e-07","1.7500e+00","7.1870e-01","2.4550e-05"," 0.01 %"
"1.9806e+05","6.3641e-13","6.4171e-13","2.7928e-07","2.7946e-07","2.0000e+00","7.1870e-01","8.4716e-05"," 0.02 %"
"7.4095e+04","6.6083e-13","6.6633e-13","7.7520e-07","7.7567e-07","1.0000e+00","7.1870e-01","4.1981e-04"," 0.09 %"
"1.7153e+05","6.6083e-13","6.6633e-13","3.3486e-07","3.3506e-07","1.7500e+00","7.1870e-01","2.7166e-06"," 0.00 %"
"2.0957e+05","6.6083e-13","6.6633e-13","2.7408e-07","2.7424e-07","2.0000e+00","7.1870e-01","1.3280e-04"," 0.03 %"
"7.8240e+04","6.8525e-13","6.9095e-13","7.6126e-07","7.6173e-07","1.0000e+00","7.1870e-01","8.8986e-04"," 0.19 %"
"1.0934e+05","6.8525e-13","6.9095e-13","5.4472e-07","5.4505e-07","1.2500e+00","7.1870e-01","5.1122e-05"," 0.01 %"
"2.2130e+05","6.8525e-13","6.9095e-13","2.6915e-07","2.6931e-07","2.0000e+00","7.1870e-01","4.0436e-05"," 0.01 %"
"8.2459e+04","7.0967e-13","7.1558e-13","7.4805e-07","7.4851e-07","1.0000e+00","7.1870e-01","6.7322e-04"," 0.14 %"
"2.3323e+05","7.0967e-13","7.1558e-13","2.6448e-07","2.6464e-07","2.0000e+00","7.1870e-01","8.2264e-06"," 0.00 %"
"8.6751e+04","7.3409e-13","7.4020e-13","7.3550e-07","7.3595e-07","1.0000e+00","7.1870e-01","9.4365e-03"," 1.97 %"
"1.5937e+05","7.3409e-13","7.4020e-13","4.0036e-07","4.0060e-07","1.5000e+00","7.1870e-01","3.2209e-05"," 0.01 %"
"2.0083e+05","7.3409e-13","7.4020e-13","3.1771e-07","3.1790e-07","1.7500e+00","7.1870e-01","9.7611e-06"," 0.00 %"
"2.4537e+05","7.3409e-13","7.4020e-13","2.6004e-07","2.6020e-07","2.0000e+00","7.1870e-01","8.7352e-06"," 0.00 %"
"9.1116e+04","7.5851e-13","7.6482e-13","7.2357e-07","7.2401e-07","1.0000e+00","7.1870e-01","1.9249e-02"," 4.02 %"
"2.1094e+05","7.5851e-13","7.6482e-13","3.1255e-07","3.1274e-07","1.7500e+00","7.1870e-01","4.6874e-05"," 0.01 %"
"2.5772e+05","7.5851e-13","7.6482e-13","2.5582e-07","2.5598e-07","2.0000e+00","7.1870e-01","1.1793e-04"," 0.02 %"
"9.5551e+04","7.8293e-13","7.8945e-13","7.1219e-07","7.1263e-07","1.0000e+00","7.1870e-01","3.2359e-02"," 6.76 %"
"1.3354e+05","7.8293e-13","7.8945e-13","5.0961e-07","5.0992e-07","1.2500e+00","7.1870e-01","1.5471e-04"," 0.03 %"
"1.7554e+05","7.8293e-13","7.8945e-13","3.8767e-07","3.8791e-07","1.5000e+00","7.1870e-01","6.7775e-05"," 0.01 %"
"2.2120e+05","7.8293e-13","7.8945e-13","3.0764e-07","3.0783e-07","1.7500e+00","7.1870e-01","2.9810e-04"," 0.06 %"
"2.7026e+05","7.8293e-13","7.8945e-13","2.5180e-07","2.5195e-07","2.0000e+00","7.1870e-01","5.6371e-04"," 0.12 %"
"1.0006e+05","8.0735e-13","8.1407e-13","7.0134e-07","7.0177e-07","1.0000e+00","7.1870e-01","7.7738e-03"," 1.62 %"
"1.3983e+05","8.0735e-13","8.1407e-13","5.0184e-07","5.0215e-07","1.2500e+00","7.1870e-01","1.5680e-03"," 0.33 %"
"1.8382e+05","8.0735e-13","8.1407e-13","3.8176e-07","3.8199e-07","1.5000e+00","7.1870e-01","1.0570e-03"," 0.22 %"
"2.3163e+05","8.0735e-13","8.1407e-13","3.0295e-07","3.0314e-07","1.7500e+00","7.1870e-01","1.1191e-04"," 0.02 %"
"2.8300e+05","8.0735e-13","8.1407e-13","2.4796e-07","2.4811e-07","2.0000e+00","7.1870e-01","1.1291e-04"," 0.02 %"
"1.0463e+05","8.3177e-13","8.3869e-13","6.9097e-07","6.9139e-07","1.0000e+00","7.1870e-01","1.5265e-02"," 3.19 %"
"1.4623e+05","8.3177e-13","8.3869e-13","4.9442e-07","4.9472e-07","1.2500e+00","7.1870e-01","5.3301e-03"," 1.11 %"
"1.9222e+05","8.3177e-13","8.3869e-13","3.7612e-07","3.7635e-07","1.5000e+00","7.1870e-01","8.4071e-04"," 0.18 %"
"2.4222e+05","8.3177e-13","8.3869e-13","2.9847e-07","2.9865e-07","1.7500e+00","7.1870e-01","1.8143e-04"," 0.04 %"
"2.9594e+05","8.3177e-13","8.3869e-13","2.4429e-07","2.4444e-07","2.0000e+00","7.1870e-01","3.1477e-04"," 0.07 %"
"1.0927e+05","8.5619e-13","8.6332e-13","6.8104e-07","6.8146e-07","1.0000e+00","7.1870e-01","1.4470e-03"," 0.30 %"
"1.5271e+05","8.5619e-13","8.6332e-13","4.8732e-07","4.8761e-07","1.2500e+00","7.1870e-01","8.0009e-03"," 1.67 %"
"2.0074e+05","8.5619e-13","8.6332e-13","3.7071e-07","3.7094e-07","1.5000e+00","7.1870e-01","2.6556e-03"," 0.55 %"
"2.5297e+05","8.5619e-13","8.6332e-13","2.9418e-07","2.9436e-07","1.7500e+00","7.1870e-01","2.1784e-04"," 0.05 %"
"3.0907e+05","8.5619e-13","8.6332e-13","2.4079e-07","2.4093e-07","2.0000e+00","7.1870e-01","1.3588e-04"," 0.03 %"
"1.1398e+05","8.8061e-13","8.8794e-13","6.7153e-07","6.7194e-07","1.0000e+00","7.1870e-01","7.8969e-04"," 0.17 %"
"1.5929e+05","8.8061e-13","8.8794e-13","4.8051e-07","4.8080e-07","1.2500e+00","7.1870e-01","1.5189e-02"," 3.17 %"
"2.0939e+05","8.8061e-13","8.8794e-13","3.6554e-07","3.6576e-07","1.5000e+00","7.1870e-01","8.0845e-04"," 0.17 %"
"2.6387e+05","8.8061e-13","8.8794e-13","2.9008e-07","2.9025e-07","1.7500e+00","7.1870e-01","1.3911e-04"," 0.03 %"
"3.2238e+05","8.8061e-13","8.8794e-13","2.3742e-07","2.3757e-07","2.0000e+00","7.1870e-01","1.9659e-05"," 0.00 %"
"1.1875e+05","9.0503e-13","9.1256e-13","6.6241e-07","6.6282e-07","1.0000e+00","7.1870e-01","1.9303e-03"," 0.40 %"
"1.6596e+05","9.0503e-13","9.1256e-13","4.7398e-07","4.7427e-07","1.2500e+00","7.1870e-01","1.6180e-02"," 3.38 %"
"2.1816e+05","9.0503e-13","9.1256e-13","3.6057e-07","3.6079e-07","1.5000e+00","7.1870e-01","1.2272e-03"," 0.26 %"
"2.7492e+05","9.0503e-13","9.1256e-13","2.8614e-07","2.8631e-07","1.7500e+00","7.1870e-01","1.1386e-04"," 0.02 %"
"3.3589e+05","9.0503e-13","9.1256e-13","2.3420e-07","2.3434e-07","2.0000e+00","7.1870e-01","1.7284e-04"," 0.04 %"
"1.2359e+05","9.2945e-13","9.3719e-13","6.5365e-07","6.5405e-07","1.0000e+00","7.1870e-01","4.1841e-04"," 0.09 %"
"1.7273e+05","9.2945e-13","9.3719e-13","4.6772e-07","4.6800e-07","1.2500e+00","7.1870e-01","2.6243e-02"," 5.48 %"
"2.2705e+05","9.2945e-13","9.3719e-13","3.5580e-07","3.5602e-07","1.5000e+00","7.1870e-01","5.6601e-04"," 0.12 %"
"2.8612e+05","9.2945e-13","9.3719e-13","2.8235e-07","2.8252e-07","1.7500e+00","7.1870e-01","1.0993e-04"," 0.02 %"
"3.4957e+05","9.2945e-13","9.3719e-13","2.3110e-07","2.3124e-07","2.0000e+00","7.1870e-01","5.2971e-05"," 0.01 %"
"1.2850e+05","9.5387e-13","9.6181e-13","6.4523e-07","6.4562e-07","1.0000e+00","7.1870e-01","4.2848e-04"," 0.09 %"
"1.7958e+05","9.5387e-13","9.6181e-13","4.6169e-07","4.6197e-07","1.2500e+00","7.1870e-01","3.6068e-02"," 7.54 %"
"2.3606e+05","9.5387e-13","9.6181e-13","3.5122e-07","3.5143e-07","1.5000e+00","7.1870e-01","7.3181e-04"," 0.15 %"
"2.9747e+05","9.5387e-13","9.6181e-13","2.7871e-07","2.7888e-07","1.7500e+00","7.1870e-01","2.7918e-05"," 0.01 %"
"1.3346e+05","9.7829e-13","9.8643e-13","6.3713e-07","6.3752e-07","1.0000e+00","7.1870e-01","1.3909e-04"," 0.03 %"
"1.8652e+05","9.7829e-13","9.8643e-13","4.5589e-07","4.5617e-07","1.2500e+00","7.1870e-01","1.0180e-02"," 2.13 %"
"2.4518e+05","9.7829e-13","9.8643e-13","3.4681e-07","3.4702e-07","1.5000e+00","7.1870e-01","1.5688e-03"," 0.33 %"
"3.0897e+05","9.7829e-13","9.8643e-13","2.7521e-07","2.7538e-07","1.7500e+00","7.1870e-01","1.7210e-04"," 0.04 %"
"3.7748e+05","9.7829e-13","9.8643e-13","2.2526e-07","2.2540e-07","2.0000e+00","7.1870e-01","4.4903e-05"," 0.01 %"
"1.3849e+05","1.0027e-12","1.0111e-12","6.2932e-07","6.2971e-07","1.0000e+00","7.1870e-01","1.0499e-03"," 0.22 %"
"1.9354e+05","1.0027e-12","1.0111e-12","4.5031e-07","4.5058e-07","1.2500e+00","7.1870e-01","1.2540e-02"," 2.62 %"
"2.5442e+05","1.0027e-12","1.0111e-12","3.4256e-07","3.4277e-07","1.5000e+00","7.1870e-01","1.7243e-03"," 0.36 %"
"3.2061e+05","1.0027e-12","1.0111e-12","2.7184e-07","2.7201e-07","1.7500e+00","7.1870e-01","1.6227e-04"," 0.03 %"
"3.9171e+05","1.0027e-12","1.0111e-12","2.2250e-07","2.2264e-07","2.0000e+00","7.1870e-01","1.4170e-04"," 0.03 %"
"1.4358e+05","1.0271e-12","1.0357e-12","6.2180e-07","6.2217e-07","1.0000e+00","7.1870e-01","7.2230e-04"," 0.15 %"
"2.0066e+05","1.0271e-12","1.0357e-12","4.4492e-07","4.4519e-07","1.2500e+00","7.1870e-01","9.6556e-03"," 2.02 %"
"2.6377e+05","1.0271e-12","1.0357e-12","3.3846e-07","3.3867e-07","1.5000e+00","7.1870e-01","2.8353e-03"," 0.59 %"
"3.3239e+05","1.0271e-12","1.0357e-12","2.6859e-07","2.6875e-07","1.7500e+00","7.1870e-01","1.0194e-03"," 0.21 %"
"4.0610e+05","1.0271e-12","1.0357e-12","2.1984e-07","2.1997e-07","2.0000e+00","7.1870e-01","2.8493e-04"," 0.06 %"
"1.4873e+05","1.0515e-12","1.0603e-12","6.1453e-07","6.1491e-07","1.0000e+00","7.1870e-01","1.1396e-03"," 0.24 %"
"2.0786e+05","1.0515e-12","1.0603e-12","4.3972e-07","4.3999e-07","1.2500e+00","7.1870e-01","6.9576e-03"," 1.45 %"
"2.7323e+05","1.0515e-12","1.0603e-12","3.3451e-07","3.3471e-07","1.5000e+00","7.1870e-01","4.1699e-03"," 0.87 %"
"3.4431e+05","1.0515e-12","1.0603e-12","2.6545e-07","2.6561e-07","1.7500e+00","7.1870e-01","5.3871e-04"," 0.11 %"
"4.2067e+05","1.0515e-12","1.0603e-12","2.1727e-07","2.1740e-07","2.0000e+00","7.1870e-01","6.7772e-04"," 0.14 %"
"1.5394e+05","1.0760e-12","1.0849e-12","6.0752e-07","6.0789e-07","1.0000e+00","7.1870e-01","1.7476e-03"," 0.37 %"
"2.1514e+05","1.0760e-12","1.0849e-12","4.3471e-07","4.3497e-07","1.2500e+00","7.1870e-01","7.7189e-03"," 1.61 %"
"2.8281e+05","1.0760e-12","1.0849e-12","3.3069e-07","3.3089e-07","1.5000e+00","7.1870e-01","1.4722e-03"," 0.31 %"
"3.5638e+05","1.0760e-12","1.0849e-12","2.6242e-07","2.6258e-07","1.7500e+00","7.1870e-01","1.8814e-03"," 0.39 %"
"4.3541e+05","1.0760e-12","1.0849e-12","2.1479e-07","2.1492e-07","2.0000e+00","7.1870e-01","2.1041e-03"," 0.44 %"
"1.5921e+05","1.1004e-12","1.1096e-12","6.0074e-07","6.0111e-07","1.0000e+00","7.1870e-01","4.2197e-03"," 0.88 %"
"2.2250e+05","1.1004e-12","1.1096e-12","4.2985e-07","4.3012e-07","1.2500e+00","7.1870e-01","1.1761e-03"," 0.25 %"
"2.9249e+05","1.1004e-12","1.1096e-12","3.2700e-07","3.2720e-07","1.5000e+00","7.1870e-01","1.6912e-03"," 0.35 %"
"3.6858e+05","1.1004e-12","1.1096e-12","2.5950e-07","2.5965e-07","1.7500e+00","7.1870e-01","9.7869e-04"," 0.20 %"
"4.5031e+05","1.1004e-12","1.1096e-12","2.1239e-07","2.1252e-07","2.0000e+00","7.1870e-01","1.3599e-03"," 0.28 %"
"1.6454e+05","1.1248e-12","1.1342e-12","5.9418e-07","5.9455e-07","1.0000e+00","7.1870e-01","7.2178e-03"," 1.51 %"
"2.2995e+05","1.1248e-12","1.1342e-12","4.2516e-07","4.2542e-07","1.2500e+00","7.1870e-01","1.0160e-04"," 0.02 %"
"3.0228e+05","1.1248e-12","1.1342e-12","3.2343e-07","3.2363e-07","1.5000e+00","7.1870e-01","2.3970e-04"," 0.05 %"
"3.8091e+05","1.1248e-12","1.1342e-12","2.5666e-07","2.5682e-07","1.7500e+00","7.1870e-01","7.1200e-04"," 0.15 %"
"4.6539e+05","1.1248e-12","1.1342e-12","2.1008e-07","2.1020e-07","2.0000e+00","7.1870e-01","6.7911e-04"," 0.14 %"
"1.6993e+05","1.1492e-12","1.1588e-12","5.8784e-07","5.8820e-07","1.0000e+00","7.1870e-01","4.4243e-03"," 0.92 %"
"3.1218e+05","1.1492e-12","1.1588e-12","3.1998e-07","3.2017e-07","1.5000e+00","7.1870e-01","1.7417e-04"," 0.04 %"
"4.8062e+05","1.1492e-12","1.1588e-12","2.0783e-07","2.0796e-07","2.0000e+00","7.1870e-01","2.2234e-04"," 0.05 %"
"1.7537e+05","1.1736e-12","1.1834e-12","5.8169e-07","5.8204e-07","1.0000e+00","7.1870e-01","1.6209e-02"," 3.39 %"
"2.4509e+05","1.1736e-12","1.1834e-12","4.1622e-07","4.1648e-07","1.2500e+00","7.1870e-01","1.1278e-04"," 0.02 %"
"3.2218e+05","1.1736e-12","1.1834e-12","3.1663e-07","3.1682e-07","1.5000e+00","7.1870e-01","7.3347e-05"," 0.02 %"
"4.0599e+05","1.1736e-12","1.1834e-12","2.5127e-07","2.5142e-07","1.7500e+00","7.1870e-01","5.1211e-05"," 0.01 %"
"4.9603e+05","1.1736e-12","1.1834e-12","2.0566e-07","2.0578e-07","2.0000e+00","7.1870e-01","7.4464e-05"," 0.02 %"
"1.8087e+05","1.1981e-12","1.2080e-12","5.7573e-07","5.7608e-07","1.0000e+00","7.1870e-01","1.4439e-02"," 3.02 %"
"4.1873e+05","1.1981e-12","1.2080e-12","2.4869e-07","2.4884e-07","1.7500e+00","7.1870e-01","4.0928e-05"," 0.01 %"
"5.1159e+05","1.1981e-12","1.2080e-12","2.0355e-07","2.0368e-07","2.0000e+00","7.1870e-01","1.0718e-04"," 0.02 %"
"1.8643e+05","1.2225e-12","1.2327e-12","5.6995e-07","5.7030e-07","1.0000e+00","7.1870e-01","5.2656e-03"," 1.10 %"
"4.3159e+05","1.2225e-12","1.2327e-12","2.4620e-07","2.4635e-07","1.7500e+00","7.1870e-01","7.2417e-05"," 0.02 %"
"5.2731e+05","1.2225e-12","1.2327e-12","2.0151e-07","2.0163e-07","2.0000e+00","7.1870e-01","1.2263e-04"," 0.03 %"
"1.9205e+05","1.2469e-12","1.2573e-12","5.6434e-07","5.6469e-07","1.0000e+00","7.1870e-01","4.8456e-03"," 1.01 %"
"5.4319e+05","1.2469e-12","1.2573e-12","1.9953e-07","1.9965e-07","2.0000e+00","7.1870e-01","1.8565e-04"," 0.04 %"
"1.9771e+05","1.2713e-12","1.2819e-12","5.5890e-07","5.5924e-07","1.0000e+00","7.1870e-01","3.1970e-03"," 0.67 %"
"5.5922e+05","1.2713e-12","1.2819e-12","1.9760e-07","1.9772e-07","2.0000e+00","7.1870e-01","1.0663e-04"," 0.02 %"
"2.0344e+05","1.2957e-12","1.3065e-12","5.5361e-07","5.5394e-07","1.0000e+00","7.1870e-01","1.9715e-03"," 0.41 %"
"3.7374e+05","1.2957e-12","1.3065e-12","3.0134e-07","3.0153e-07","1.5000e+00","7.1870e-01","1.1842e-05"," 0.00 %"
"5.7541e+05","1.2957e-12","1.3065e-12","1.9573e-07","1.9585e-07","2.0000e+00","7.1870e-01","3.6845e-06"," 0.00 %"
"2.0922e+05","1.3202e-12","1.3312e-12","5.4846e-07","5.4880e-07","1.0000e+00","7.1870e-01","1.8071e-03"," 0.38 %"
"4.8434e+05","1.3202e-12","1.3312e-12","2.3691e-07","2.3706e-07","1.7500e+00","7.1870e-01","9.8589e-06"," 0.00 %"
"5.9175e+05","1.3202e-12","1.3312e-12","1.9391e-07","1.9403e-07","2.0000e+00","7.1870e-01","5.0385e-05"," 0.01 %"
"2.1505e+05","1.3446e-12","1.3558e-12","5.4346e-07","5.4379e-07","1.0000e+00","7.1870e-01","1.2878e-03"," 0.27 %"
"6.0825e+05","1.3446e-12","1.3558e-12","1.9214e-07","1.9226e-07","2.0000e+00","7.1870e-01","4.2735e-05"," 0.01 %"
"2.2093e+05","1.3690e-12","1.3804e-12","5.3859e-07","5.3892e-07","1.0000e+00","7.1870e-01","3.4501e-03"," 0.72 %"
"5.1147e+05","1.3690e-12","1.3804e-12","2.3265e-07","2.3279e-07","1.7500e+00","7.1870e-01","3.4458e-06"," 0.00 %"
"6.2489e+05","1.3690e-12","1.3804e-12","1.9042e-07","1.9054e-07","2.0000e+00","7.1870e-01","1.7269e-04"," 0.04 %"
"2.2687e+05","1.3934e-12","1.4050e-12","5.3385e-07","5.3417e-07","1.0000e+00","7.1870e-01","1.6216e-03"," 0.34 %"
"5.2521e+05","1.3934e-12","1.4050e-12","2.3060e-07","2.3074e-07","1.7500e+00","7.1870e-01","1.7792e-05"," 0.00 %"
"6.4169e+05","1.3934e-12","1.4050e-12","1.8874e-07","1.8886e-07","2.0000e+00","7.1870e-01","1.4265e-04"," 0.03 %"
"2.3286e+05","1.4178e-12","1.4297e-12","5.2923e-07","5.2955e-07","1.0000e+00","7.1870e-01","5.4862e-03"," 1.15 %"
"5.3908e+05","1.4178e-12","1.4297e-12","2.2861e-07","2.2875e-07","1.7500e+00","7.1870e-01","1.3959e-05"," 0.00 %"
"6.5863e+05","1.4178e-12","1.4297e-12","1.8711e-07","1.8723e-07","2.0000e+00","7.1870e-01","8.4238e-05"," 0.02 %"
"2.3890e+05","1.4423e-12","1.4543e-12","5.2473e-07","5.2505e-07","1.0000e+00","7.1870e-01","3.0950e-03"," 0.65 %"
"3.3388e+05","1.4423e-12","1.4543e-12","3.7547e-07","3.7570e-07","1.2500e+00","7.1870e-01","1.5223e-05"," 0.00 %"
"5.5307e+05","1.4423e-12","1.4543e-12","2.2666e-07","2.2680e-07","1.7500e+00","7.1870e-01","2.1550e-05"," 0.00 %"
"6.7572e+05","1.4423e-12","1.4543e-12","1.8552e-07","1.8563e-07","2.0000e+00","7.1870e-01","9.1166e-05"," 0.02 %"
"2.4500e+05","1.4667e-12","1.4789e-12","5.2035e-07","5.2066e-07","1.0000e+00","7.1870e-01","3.5061e-03"," 0.73 %"
"5.6717e+05","1.4667e-12","1.4789e-12","2.2477e-07","2.2490e-07","1.7500e+00","7.1870e-01","1.9554e-05"," 0.00 %"
"6.9295e+05","1.4667e-12","1.4789e-12","1.8397e-07","1.8408e-07","2.0000e+00","7.1870e-01","1.1796e-04"," 0.02 %"
"2.5114e+05","1.4911e-12","1.5035e-12","5.1607e-07","5.1638e-07","1.0000e+00","7.1870e-01","1.7166e-03"," 0.36 %"
"7.1033e+05","1.4911e-12","1.5035e-12","1.8246e-07","1.8257e-07","2.0000e+00","7.1870e-01","1.2472e-04"," 0.03 %"
"2.5733e+05","1.5155e-12","1.5281e-12","5.1189e-07","5.1220e-07","1.0000e+00","7.1870e-01","1.7119e-03"," 0.36 %"
"7.2785e+05","1.5155e-12","1.5281e-12","1.8098e-07","1.8109e-07","2.0000e+00","7.1870e-01","7.6786e-05"," 0.02 %"
"2.6358e+05","1.5399e-12","1.5528e-12","5.0782e-07","5.0813e-07","1.0000e+00","7.1870e-01","6.5404e-04"," 0.14 %"
"7.4551e+05","1.5399e-12","1.5528e-12","1.7954e-07","1.7965e-07","2.0000e+00","7.1870e-01","1.2342e-04"," 0.03 %"
"2.6987e+05","1.5644e-12","1.5774e-12","5.0384e-07","5.0415e-07","1.0000e+00","7.1870e-01","1.9896e-04"," 0.04 %"
"6.2476e+05","1.5644e-12","1.5774e-12","2.1764e-07","2.1777e-07","1.7500e+00","7.1870e-01","6.8339e-06"," 0.00 %"
"7.6332e+05","1.5644e-12","1.5774e-12","1.7813e-07","1.7824e-07","2.0000e+00","7.1870e-01","1.1564e-04"," 0.02 %"
"2.7622e+05","1.5888e-12","1.6020e-12","4.9995e-07","5.0026e-07","1.0000e+00","7.1870e-01","8.0591e-04"," 0.17 %"
"3.8602e+05","1.5888e-12","1.6020e-12","3.5774e-07","3.5795e-07","1.2500e+00","7.1870e-01","1.2775e-04"," 0.03 %"
"7.8126e+05","1.5888e-12","1.6020e-12","1.7676e-07","1.7687e-07","2.0000e+00","7.1870e-01","1.3991e-04"," 0.03 %"
"2.8261e+05","1.6132e-12","1.6266e-12","4.9615e-07","4.9645e-07","1.0000e+00","7.1870e-01","7.3176e-04"," 0.15 %"
"3.9496e+05","1.6132e-12","1.6266e-12","3.5502e-07","3.5524e-07","1.2500e+00","7.1870e-01","1.7379e-05"," 0.00 %"
"5.1919e+05","1.6132e-12","1.6266e-12","2.7007e-07","2.7024e-07","1.5000e+00","7.1870e-01","1.6590e-05"," 0.00 %"
"6.5425e+05","1.6132e-12","1.6266e-12","2.1432e-07","2.1445e-07","1.7500e+00","7.1870e-01","1.1807e-05"," 0.00 %"
"7.9934e+05","1.6132e-12","1.6266e-12","1.7542e-07","1.7552e-07","2.0000e+00","7.1870e-01","2.3282e-04"," 0.05 %"
"2.8905e+05","1.6376e-12","1.6513e-12","4.9244e-07","4.9274e-07","1.0000e+00","7.1870e-01","1.4212e-03"," 0.30 %"
"6.6916e+05","1.6376e-12","1.6513e-12","2.1271e-07","2.1284e-07","1.7500e+00","7.1870e-01","1.3355e-05"," 0.00 %"
"8.1756e+05","1.6376e-12","1.6513e-12","1.7410e-07","1.7421e-07","2.0000e+00","7.1870e-01","2.1320e-04"," 0.04 %"
"2.9554e+05","1.6620e-12","1.6759e-12","4.8881e-07","4.8911e-07","1.0000e+00","7.1870e-01","3.4566e-03"," 0.72 %"
"4.1303e+05","1.6620e-12","1.6759e-12","3.4976e-07","3.4998e-07","1.2500e+00","7.1870e-01","1.8032e-04"," 0.04 %"
"6.8418e+05","1.6620e-12","1.6759e-12","2.1115e-07","2.1127e-07","1.7500e+00","7.1870e-01","5.6540e-06"," 0.00 %"
"8.3591e+05","1.6620e-12","1.6759e-12","1.7282e-07","1.7292e-07","2.0000e+00","7.1870e-01","2.6685e-04"," 0.06 %"
"3.0208e+05","1.6865e-12","1.7005e-12","4.8526e-07","4.8555e-07","1.0000e+00","7.1870e-01","2.6237e-03"," 0.55 %"
"5.5495e+05","1.6865e-12","1.7005e-12","2.6414e-07","2.6430e-07","1.5000e+00","7.1870e-01","2.9867e-05"," 0.01 %"
"8.5440e+05","1.6865e-12","1.7005e-12","1.7156e-07","1.7167e-07","2.0000e+00","7.1870e-01","7.0451e-05"," 0.01 %"
"3.0866e+05","1.7109e-12","1.7251e-12","4.8178e-07","4.8207e-07","1.0000e+00","7.1870e-01","3.0567e-03"," 0.64 %"
"8.7303e+05","1.7109e-12","1.7251e-12","1.7034e-07","1.7044e-07","2.0000e+00","7.1870e-01","7.1842e-05"," 0.02 %"
"3.1529e+05","1.7353e-12","1.7498e-12","4.7838e-07","4.7867e-07","1.0000e+00","7.1870e-01","1.4847e-03"," 0.31 %"
"8.9179e+05","1.7353e-12","1.7498e-12","1.6913e-07","1.6924e-07","2.0000e+00","7.1870e-01","1.2280e-04"," 0.03 %"
"3.2197e+05","1.7597e-12","1.7744e-12","4.7505e-07","4.7534e-07","1.0000e+00","7.1870e-01","2.4677e-03"," 0.52 %"
"3.2870e+05","1.7841e-12","1.7990e-12","4.7179e-07","4.7207e-07","1.0000e+00","7.1870e-01","1.2847e-03"," 0.27 %"
"9.2970e+05","1.7841e-12","1.7990e-12","1.6680e-07","1.6690e-07","2.0000e+00","7.1870e-01","7.6934e-05"," 0.02 %"
"3.3547e+05","1.8086e-12","1.8236e-12","4.6859e-07","4.6888e-07","1.0000e+00","7.1870e-01","4.4513e-04"," 0.09 %"
"4.6883e+05","1.8086e-12","1.8236e-12","3.3530e-07","3.3550e-07","1.2500e+00","7.1870e-01","4.1968e-05"," 0.01 %"
"9.4885e+05","1.8086e-12","1.8236e-12","1.6567e-07","1.6577e-07","2.0000e+00","7.1870e-01","2.1988e-05"," 0.00 %"
"3.4229e+05","1.8330e-12","1.8482e-12","4.6546e-07","4.6574e-07","1.0000e+00","7.1870e-01","6.2256e-04"," 0.13 %"
"9.6813e+05","1.8330e-12","1.8482e-12","1.6456e-07","1.6466e-07","2.0000e+00","7.1870e-01","5.5648e-05"," 0.01 %"
"3.4915e+05","1.8574e-12","1.8729e-12","4.6239e-07","4.6267e-07","1.0000e+00","7.1870e-01","9.5919e-04"," 0.20 %"
"9.8754e+05","1.8574e-12","1.8729e-12","1.6348e-07","1.6358e-07","2.0000e+00","7.1870e-01","7.8921e-05"," 0.02 %"
"3.5606e+05","1.8818e-12","1.8975e-12","4.5938e-07","4.5966e-07","1.0000e+00","7.1870e-01","1.1508e-03"," 0.24 %"
"6.5412e+05","1.8818e-12","1.8975e-12","2.5005e-07","2.5021e-07","1.5000e+00","7.1870e-01","8.0686e-06"," 0.00 %"
"1.0071e+06","1.8818e-12","1.8975e-12","1.6241e-07","1.6251e-07","2.0000e+00","7.1870e-01","7.1581e-05"," 0.01 %"
"3.6301e+05","1.9062e-12","1.9221e-12","4.5643e-07","4.5670e-07","1.0000e+00","7.1870e-01","2.6744e-03"," 0.56 %"
"5.0732e+05","1.9062e-12","1.9221e-12","3.2659e-07","3.2679e-07","1.2500e+00","7.1870e-01","6.6405e-05"," 0.01 %"
"1.0268e+06","1.9062e-12","1.9221e-12","1.6137e-07","1.6147e-07","2.0000e+00","7.1870e-01","1.0121e-04"," 0.02 %"
"3.7001e+05","1.9307e-12","1.9467e-12","4.5353e-07","4.5381e-07","1.0000e+00","7.1870e-01","3.8219e-03"," 0.80 %"
"5.1710e+05","1.9307e-12","1.9467e-12","3.2452e-07","3.2472e-07","1.2500e+00","7.1870e-01","1.1868e-04"," 0.02 %"
"6.7975e+05","1.9307e-12","1.9467e-12","2.4687e-07","2.4702e-07","1.5000e+00","7.1870e-01","3.5369e-05"," 0.01 %"
"1.0465e+06","1.9307e-12","1.9467e-12","1.6035e-07","1.6045e-07","2.0000e+00","7.1870e-01","2.2206e-04"," 0.05 %"
"3.7705e+05","1.9551e-12","1.9714e-12","4.5069e-07","4.5096e-07","1.0000e+00","7.1870e-01","2.6107e-03"," 0.55 %"
"6.9269e+05","1.9551e-12","1.9714e-12","2.4532e-07","2.4547e-07","1.5000e+00","7.1870e-01","1.4160e-05"," 0.00 %"
"1.0665e+06","1.9551e-12","1.9714e-12","1.5934e-07","1.5944e-07","2.0000e+00","7.1870e-01","7.8361e-05"," 0.02 %"
"3.8414e+05","1.9795e-12","1.9960e-12","4.4790e-07","4.4817e-07","1.0000e+00","7.1870e-01","1.5406e-03"," 0.32 %"
"5.3685e+05","1.9795e-12","1.9960e-12","3.2049e-07","3.2069e-07","1.2500e+00","7.1870e-01","1.6486e-04"," 0.03 %"
"1.0865e+06","1.9795e-12","1.9960e-12","1.5836e-07","1.5845e-07","2.0000e+00","7.1870e-01","7.5036e-05"," 0.02 %"
"3.9127e+05","2.0039e-12","2.0206e-12","4.4516e-07","4.4544e-07","1.0000e+00","7.1870e-01","2.2335e-03"," 0.47 %"
"7.1880e+05","2.0039e-12","2.0206e-12","2.4232e-07","2.4246e-07","1.5000e+00","7.1870e-01","1.9700e-05"," 0.00 %"
"1.1067e+06","2.0039e-12","2.0206e-12","1.5739e-07","1.5749e-07","2.0000e+00","7.1870e-01","6.5667e-05"," 0.01 %"
"3.9844e+05","2.0283e-12","2.0452e-12","4.4248e-07","4.4275e-07","1.0000e+00","7.1870e-01","1.1116e-03"," 0.23 %"
"9.2240e+05","2.0283e-12","2.0452e-12","1.9113e-07","1.9125e-07","1.7500e+00","7.1870e-01","7.5654e-07"," 0.00 %"
"1.1270e+06","2.0283e-12","2.0452e-12","1.5644e-07","1.5653e-07","2.0000e+00","7.1870e-01","9.3537e-05"," 0.02 %"
"4.0566e+05","2.0528e-12","2.0699e-12","4.3984e-07","4.4010e-07","1.0000e+00","7.1870e-01","1.0882e-03"," 0.23 %"
"5.6692e+05","2.0528e-12","2.0699e-12","3.1472e-07","3.1491e-07","1.2500e+00","7.1870e-01","4.8010e-05"," 0.01 %"
"1.1474e+06","2.0528e-12","2.0699e-12","1.5551e-07","1.5560e-07","2.0000e+00","7.1870e-01","5.4935e-05"," 0.01 %"
"4.1292e+05","2.0772e-12","2.0945e-12","4.3724e-07","4.3751e-07","1.0000e+00","7.1870e-01","2.2213e-04"," 0.05 %"
"1.1679e+06","2.0772e-12","2.0945e-12","1.5459e-07","1.5468e-07","2.0000e+00","7.1870e-01","9.1067e-05"," 0.02 %"
"4.2022e+05","2.1016e-12","2.1191e-12","4.3470e-07","4.3496e-07","1.0000e+00","7.1870e-01","1.3548e-03"," 0.28 %"
"1.1886e+06","2.1016e-12","2.1191e-12","1.5369e-07","1.5378e-07","2.0000e+00","7.1870e-01","8.3876e-05"," 0.02 %"
"4.2757e+05","2.1260e-12","2.1437e-12","4.3219e-07","4.3246e-07","1.0000e+00","7.1870e-01","2.3536e-03"," 0.49 %"
"9.8983e+05","2.1260e-12","2.1437e-12","1.8669e-07","1.8680e-07","1.7500e+00","7.1870e-01","8.6864e-06"," 0.00 %"
"1.2093e+06","2.1260e-12","2.1437e-12","1.5280e-07","1.5290e-07","2.0000e+00","7.1870e-01","3.0175e-05"," 0.01 %"
"4.3495e+05","2.1504e-12","2.1683e-12","4.2973e-07","4.2999e-07","1.0000e+00","7.1870e-01","3.0698e-03"," 0.64 %"
"1.2302e+06","2.1504e-12","2.1683e-12","1.5193e-07","1.5203e-07","2.0000e+00","7.1870e-01","7.2163e-05"," 0.02 %"
"4.4238e+05","2.1748e-12","2.1930e-12","4.2731e-07","4.2757e-07","1.0000e+00","7.1870e-01","1.8660e-03"," 0.39 %"
"6.1825e+05","2.1748e-12","2.1930e-12","3.0576e-07","3.0595e-07","1.2500e+00","7.1870e-01","1.9214e-05"," 0.00 %"
"1.2513e+06","2.1748e-12","2.1930e-12","1.5108e-07","1.5117e-07","2.0000e+00","7.1870e-01","4.4950e-05"," 0.01 %"
"4.4986e+05","2.1993e-12","2.2176e-12","4.2493e-07","4.2519e-07","1.0000e+00","7.1870e-01","4.1627e-03"," 0.87 %"
"6.2869e+05","2.1993e-12","2.2176e-12","3.0406e-07","3.0424e-07","1.2500e+00","7.1870e-01","6.4555e-05"," 0.01 %"
"1.0414e+06","2.1993e-12","2.2176e-12","1.8355e-07","1.8366e-07","1.7500e+00","7.1870e-01","3.1792e-05"," 0.01 %"
"1.2724e+06","2.1993e-12","2.2176e-12","1.5024e-07","1.5033e-07","2.0000e+00","7.1870e-01","5.9146e-06"," 0.00 %"
"4.5737e+05","2.2237e-12","2.2422e-12","4.2259e-07","4.2285e-07","1.0000e+00","7.1870e-01","1.8219e-03"," 0.38 %"
"1.2936e+06","2.2237e-12","2.2422e-12","1.4941e-07","1.4950e-07","2.0000e+00","7.1870e-01","9.5596e-05"," 0.02 %"
"4.6492e+05","2.2481e-12","2.2668e-12","4.2029e-07","4.2055e-07","1.0000e+00","7.1870e-01","1.5658e-03"," 0.33 %"
"1.0763e+06","2.2481e-12","2.2668e-12","1.8155e-07","1.8166e-07","1.7500e+00","7.1870e-01","6.9900e-06"," 0.00 %"
"1.3150e+06","2.2481e-12","2.2668e-12","1.4860e-07","1.4869e-07","2.0000e+00","7.1870e-01","1.6327e-04"," 0.03 %"
"4.7252e+05","2.2725e-12","2.2915e-12","4.1803e-07","4.1828e-07","1.0000e+00","7.1870e-01","3.4181e-03"," 0.71 %"
"6.6037e+05","2.2725e-12","2.2915e-12","2.9912e-07","2.9930e-07","1.2500e+00","7.1870e-01","3.2392e-05"," 0.01 %"
"8.6807e+05","2.2725e-12","2.2915e-12","2.2755e-07","2.2768e-07","1.5000e+00","7.1870e-01","5.8608e-05"," 0.01 %"
"1.0939e+06","2.2725e-12","2.2915e-12","1.8057e-07","1.8068e-07","1.7500e+00","7.1870e-01","5.4053e-05"," 0.01 %"
"1.3365e+06","2.2725e-12","2.2915e-12","1.4779e-07","1.4789e-07","2.0000e+00","7.1870e-01","6.5668e-05"," 0.01 %"
"4.8016e+05","2.2970e-12","2.3161e-12","4.1580e-07","4.1605e-07","1.0000e+00","7.1870e-01","1.2795e-03"," 0.27 %"
"6.7104e+05","2.2970e-12","2.3161e-12","2.9752e-07","2.9770e-07","1.2500e+00","7.1870e-01","1.6657e-05"," 0.00 %"
"1.3581e+06","2.2970e-12","2.3161e-12","1.4701e-07","1.4710e-07","2.0000e+00","7.1870e-01","1.4373e-04"," 0.03 %"
"4.8783e+05","2.3214e-12","2.3407e-12","4.1361e-07","4.1386e-07","1.0000e+00","7.1870e-01","1.1514e-03"," 0.24 %"
"1.3798e+06","2.3214e-12","2.3407e-12","1.4623e-07","1.4632e-07","2.0000e+00","7.1870e-01","3.5732e-05"," 0.01 %"
"4.9555e+05","2.3458e-12","2.3653e-12","4.1145e-07","4.1170e-07","1.0000e+00","7.1870e-01","8.0067e-04"," 0.17 %"
"1.4016e+06","2.3458e-12","2.3653e-12","1.4547e-07","1.4556e-07","2.0000e+00","7.1870e-01","8.3952e-05"," 0.02 %"
"5.0331e+05","2.3702e-12","2.3899e-12","4.0932e-07","4.0957e-07","1.0000e+00","7.1870e-01","1.2760e-03"," 0.27 %"
"9.2464e+05","2.3702e-12","2.3899e-12","2.2281e-07","2.2294e-07","1.5000e+00","7.1870e-01","1.2796e-05"," 0.00 %"
"1.4236e+06","2.3702e-12","2.3899e-12","1.4472e-07","1.4481e-07","2.0000e+00","7.1870e-01","1.0981e-04"," 0.02 %"
"5.1111e+05","2.3946e-12","2.4146e-12","4.0723e-07","4.0748e-07","1.0000e+00","7.1870e-01","1.6248e-03"," 0.34 %"
"7.1429e+05","2.3946e-12","2.4146e-12","2.9139e-07","2.9157e-07","1.2500e+00","7.1870e-01","1.6837e-04"," 0.04 %"
"1.4456e+06","2.3946e-12","2.4146e-12","1.4398e-07","1.4407e-07","2.0000e+00","7.1870e-01","7.4938e-05"," 0.02 %"
"5.1895e+05","2.4191e-12","2.4392e-12","4.0517e-07","4.0542e-07","1.0000e+00","7.1870e-01","9.9278e-04"," 0.21 %"
"1.4678e+06","2.4191e-12","2.4392e-12","1.4325e-07","1.4334e-07","2.0000e+00","7.1870e-01","1.4039e-04"," 0.03 %"
"5.2682e+05","2.4435e-12","2.4638e-12","4.0314e-07","4.0339e-07","1.0000e+00","7.1870e-01","1.4333e-03"," 0.30 %"
"7.3626e+05","2.4435e-12","2.4638e-12","2.8846e-07","2.8864e-07","1.2500e+00","7.1870e-01","2.7452e-05"," 0.01 %"
"1.4901e+06","2.4435e-12","2.4638e-12","1.4253e-07","1.4262e-07","2.0000e+00","7.1870e-01","6.5045e-05"," 0.01 %"
"5.3474e+05","2.4679e-12","2.4884e-12","4.0114e-07","4.0138e-07","1.0000e+00","7.1870e-01","2.4785e-03"," 0.52 %"
"7.4732e+05","2.4679e-12","2.4884e-12","2.8703e-07","2.8721e-07","1.2500e+00","7.1870e-01","1.2800e-04"," 0.03 %"
"1.5125e+06","2.4679e-12","2.4884e-12","1.4182e-07","1.4191e-07","2.0000e+00","7.1870e-01","1.0980e-04"," 0.02 %"
"5.4270e+05","2.4923e-12","2.5131e-12","3.9917e-07","3.9941e-07","1.0000e+00","7.1870e-01","1.1051e-03"," 0.23 %"
"7.5844e+05","2.4923e-12","2.5131e-12","2.8562e-07","2.8580e-07","1.2500e+00","7.1870e-01","1.8520e-04"," 0.04 %"
"9.9700e+05","2.4923e-12","2.5131e-12","2.1728e-07","2.1741e-07","1.5000e+00","7.1870e-01","6.7781e-05"," 0.01 %"
"1.5350e+06","2.4923e-12","2.5131e-12","1.4113e-07","1.4121e-07","2.0000e+00","7.1870e-01","1.5295e-04"," 0.03 %"
"5.5069e+05","2.5167e-12","2.5377e-12","3.9723e-07","3.9747e-07","1.0000e+00","7.1870e-01","1.0446e-03"," 0.22 %"
"7.6962e+05","2.5167e-12","2.5377e-12","2.8423e-07","2.8441e-07","1.2500e+00","7.1870e-01","3.6042e-06"," 0.00 %"
"1.2749e+06","2.5167e-12","2.5377e-12","1.7159e-07","1.7169e-07","1.7500e+00","7.1870e-01","2.3752e-05"," 0.00 %"
"1.5576e+06","2.5167e-12","2.5377e-12","1.4044e-07","1.4053e-07","2.0000e+00","7.1870e-01","2.3606e-05"," 0.00 %"
"5.5873e+05","2.5411e-12","2.5623e-12","3.9532e-07","3.9556e-07","1.0000e+00","7.1870e-01","8.0145e-04"," 0.17 %"
"7.8084e+05","2.5411e-12","2.5623e-12","2.8287e-07","2.8304e-07","1.2500e+00","7.1870e-01","3.4423e-05"," 0.01 %"
"1.5803e+06","2.5411e-12","2.5623e-12","1.3977e-07","1.3985e-07","2.0000e+00","7.1870e-01","4.7007e-05"," 0.01 %"
"5.6680e+05","2.5656e-12","2.5869e-12","3.9343e-07","3.9367e-07","1.0000e+00","7.1870e-01","6.0709e-04"," 0.13 %"
"1.0413e+06","2.5656e-12","2.5869e-12","2.1416e-07","2.1429e-07","1.5000e+00","7.1870e-01","2.8389e-06"," 0.00 %"
"1.6032e+06","2.5656e-12","2.5869e-12","1.3910e-07","1.3918e-07","2.0000e+00","7.1870e-01","5.6187e-05"," 0.01 %"
"5.7491e+05","2.5900e-12","2.6116e-12","3.9157e-07","3.9181e-07","1.0000e+00","7.1870e-01","4.8196e-04"," 0.10 %"
"1.6261e+06","2.5900e-12","2.6116e-12","1.3844e-07","1.3853e-07","2.0000e+00","7.1870e-01","6.6928e-05"," 0.01 %"
"5.8306e+05","2.6144e-12","2.6362e-12","3.8974e-07","3.8998e-07","1.0000e+00","7.1870e-01","6.2321e-04"," 0.13 %"
"8.1485e+05","2.6144e-12","2.6362e-12","2.7887e-07","2.7904e-07","1.2500e+00","7.1870e-01","6.9976e-06"," 0.00 %"
"1.6492e+06","2.6144e-12","2.6362e-12","1.3779e-07","1.3788e-07","2.0000e+00","7.1870e-01","3.9350e-06"," 0.00 %"
"5.9125e+05","2.6388e-12","2.6608e-12","3.8793e-07","3.8817e-07","1.0000e+00","7.1870e-01","1.5746e-03"," 0.33 %"
"1.6723e+06","2.6388e-12","2.6608e-12","1.3715e-07","1.3724e-07","2.0000e+00","7.1870e-01","3.9662e-05"," 0.01 %"
"5.9948e+05","2.6633e-12","2.6854e-12","3.8615e-07","3.8638e-07","1.0000e+00","7.1870e-01","1.0198e-03"," 0.21 %"
"1.6956e+06","2.6633e-12","2.6854e-12","1.3652e-07","1.3661e-07","2.0000e+00","7.1870e-01","5.2497e-05"," 0.01 %"
"6.0774e+05","2.6877e-12","2.7101e-12","3.8439e-07","3.8462e-07","1.0000e+00","7.1870e-01","8.7630e-04"," 0.18 %"
"1.1165e+06","2.6877e-12","2.7101e-12","2.0924e-07","2.0936e-07","1.5000e+00","7.1870e-01","8.7116e-06"," 0.00 %"
"1.7190e+06","2.6877e-12","2.7101e-12","1.3590e-07","1.3599e-07","2.0000e+00","7.1870e-01","3.8603e-05"," 0.01 %"
"6.1604e+05","2.7121e-12","2.7347e-12","3.8265e-07","3.8289e-07","1.0000e+00","7.1870e-01","8.2057e-04"," 0.17 %"
"8.6094e+05","2.7121e-12","2.7347e-12","2.7381e-07","2.7397e-07","1.2500e+00","7.1870e-01","1.4670e-05"," 0.00 %"
"1.4262e+06","2.7121e-12","2.7347e-12","1.6529e-07","1.6539e-07","1.7500e+00","7.1870e-01","6.1810e-05"," 0.01 %"
"1.7424e+06","2.7121e-12","2.7347e-12","1.3529e-07","1.3537e-07","2.0000e+00","7.1870e-01","1.2543e-04"," 0.03 %"
"6.2438e+05","2.7365e-12","2.7593e-12","3.8094e-07","3.8118e-07","1.0000e+00","7.1870e-01","7.7158e-04"," 0.16 %"
"8.7260e+05","2.7365e-12","2.7593e-12","2.7258e-07","2.7275e-07","1.2500e+00","7.1870e-01","7.4344e-05"," 0.02 %"
"1.4455e+06","2.7365e-12","2.7593e-12","1.6455e-07","1.6465e-07","1.7500e+00","7.1870e-01","1.2749e-05"," 0.00 %"
"1.7660e+06","2.7365e-12","2.7593e-12","1.3468e-07","1.3477e-07","2.0000e+00","7.1870e-01","1.2961e-04"," 0.03 %"
"6.3276e+05","2.7609e-12","2.7839e-12","3.7926e-07","3.7949e-07","1.0000e+00","7.1870e-01","3.7858e-04"," 0.08 %"
"8.8430e+05","2.7609e-12","2.7839e-12","2.7137e-07","2.7154e-07","1.2500e+00","7.1870e-01","6.6192e-05"," 0.01 %"
"1.1625e+06","2.7609e-12","2.7839e-12","2.0644e-07","2.0657e-07","1.5000e+00","7.1870e-01","4.9336e-05"," 0.01 %"
"1.7897e+06","2.7609e-12","2.7839e-12","1.3409e-07","1.3417e-07","2.0000e+00","7.1870e-01","3.5037e-05"," 0.01 %"
"6.4117e+05","2.7853e-12","2.8085e-12","3.7759e-07","3.7782e-07","1.0000e+00","7.1870e-01","4.3766e-05"," 0.01 %"
"8.9606e+05","2.7853e-12","2.8085e-12","2.7018e-07","2.7035e-07","1.2500e+00","7.1870e-01","1.3078e-04"," 0.03 %"
"1.1779e+06","2.7853e-12","2.8085e-12","2.0553e-07","2.0566e-07","1.5000e+00","7.1870e-01","9.7864e-05"," 0.02 %"
"1.4843e+06","2.7853e-12","2.8085e-12","1.6310e-07","1.6320e-07","1.7500e+00","7.1870e-01","2.0381e-05"," 0.00 %"
"1.8135e+06","2.7853e-12","2.8085e-12","1.3350e-07","1.3358e-07","2.0000e+00","7.1870e-01","2.6703e-04"," 0.06 %"
"6.4962e+05","2.8098e-12","2.8332e-12","3.7594e-07","3.7617e-07","1.0000e+00","7.1870e-01","8.8015e-05"," 0.02 %"
"9.0787e+05","2.8098e-12","2.8332e-12","2.6900e-07","2.6917e-07","1.2500e+00","7.1870e-01","1.3950e-05"," 0.00 %"
"1.1934e+06","2.8098e-12","2.8332e-12","2.0464e-07","2.0476e-07","1.5000e+00","7.1870e-01","1.5493e-05"," 0.00 %"
"1.8374e+06","2.8098e-12","2.8332e-12","1.3292e-07","1.3300e-07","2.0000e+00","7.1870e-01","1.5989e-04"," 0.03 %"
"6.5811e+05","2.8342e-12","2.8578e-12","3.7432e-07","3.7455e-07","1.0000e+00","7.1870e-01","7.3835e-04"," 0.15 %"
"1.8614e+06","2.8342e-12","2.8578e-12","1.3234e-07","1.3242e-07","2.0000e+00","7.1870e-01","1.1788e-04"," 0.02 %"
"6.6663e+05","2.8586e-12","2.8824e-12","3.7272e-07","3.7295e-07","1.0000e+00","7.1870e-01","3.2513e-04"," 0.07 %"
"9.3165e+05","2.8586e-12","2.8824e-12","2.6670e-07","2.6686e-07","1.2500e+00","7.1870e-01","4.0612e-05"," 0.01 %"
"1.5433e+06","2.8586e-12","2.8824e-12","1.6100e-07","1.6110e-07","1.7500e+00","7.1870e-01","5.0217e-06"," 0.00 %"
"1.8855e+06","2.8586e-12","2.8824e-12","1.3178e-07","1.3186e-07","2.0000e+00","7.1870e-01","1.6492e-04"," 0.03 %"
"6.7519e+05","2.8830e-12","2.9070e-12","3.7114e-07","3.7136e-07","1.0000e+00","7.1870e-01","5.5991e-05"," 0.01 %"
"9.4361e+05","2.8830e-12","2.9070e-12","2.6556e-07","2.6573e-07","1.2500e+00","7.1870e-01","3.7991e-05"," 0.01 %"
"1.9097e+06","2.8830e-12","2.9070e-12","1.3122e-07","1.3130e-07","2.0000e+00","7.1870e-01","9.4388e-05"," 0.02 %"
"6.8379e+05","2.9074e-12","2.9317e-12","3.6958e-07","3.6980e-07","1.0000e+00","7.1870e-01","3.1072e-06"," 0.00 %"
"1.5830e+06","2.9074e-12","2.9317e-12","1.5964e-07","1.5974e-07","1.7500e+00","7.1870e-01","4.5775e-05"," 0.01 %"
"1.9340e+06","2.9074e-12","2.9317e-12","1.3066e-07","1.3074e-07","2.0000e+00","7.1870e-01","2.6213e-05"," 0.01 %"
"6.9242e+05","2.9319e-12","2.9563e-12","3.6803e-07","3.6826e-07","1.0000e+00","7.1870e-01","1.9431e-04"," 0.04 %"
"1.2721e+06","2.9319e-12","2.9563e-12","2.0033e-07","2.0045e-07","1.5000e+00","7.1870e-01","3.0818e-05"," 0.01 %"
"1.9585e+06","2.9319e-12","2.9563e-12","1.3012e-07","1.3020e-07","2.0000e+00","7.1870e-01","1.1237e-04"," 0.02 %"
"7.0109e+05","2.9563e-12","2.9809e-12","3.6651e-07","3.6673e-07","1.0000e+00","7.1870e-01","7.1618e-05"," 0.01 %"
"9.7980e+05","2.9563e-12","2.9809e-12","2.6225e-07","2.6241e-07","1.2500e+00","7.1870e-01","2.8606e-05"," 0.01 %"
"1.6231e+06","2.9563e-12","2.9809e-12","1.5832e-07","1.5841e-07","1.7500e+00","7.1870e-01","9.8356e-06"," 0.00 %"
"1.9830e+06","2.9563e-12","2.9809e-12","1.2958e-07","1.2966e-07","2.0000e+00","7.1870e-01","3.7274e-05"," 0.01 %"
"7.0979e+05","2.9807e-12","3.0055e-12","3.6501e-07","3.6523e-07","1.0000e+00","7.1870e-01","1.7774e-04"," 0.04 %"
"9.9197e+05","2.9807e-12","3.0055e-12","2.6118e-07","2.6134e-07","1.2500e+00","7.1870e-01","2.5662e-05"," 0.01 %"
"2.0076e+06","2.9807e-12","3.0055e-12","1.2905e-07","1.2913e-07","2.0000e+00","7.1870e-01","2.1828e-04"," 0.05 %"
"1.0042e+06","3.0051e-12","3.0301e-12","2.6011e-07","2.6027e-07","1.2500e+00","7.1870e-01","2.9936e-05"," 0.01 %"
"1.3200e+06","3.0051e-12","3.0301e-12","1.9788e-07","1.9800e-07","1.5000e+00","7.1870e-01","2.5504e-05"," 0.01 %"
"1.6634e+06","3.0051e-12","3.0301e-12","1.5703e-07","1.5712e-07","1.7500e+00","7.1870e-01","8.5816e-06"," 0.00 %"
"2.0323e+06","3.0051e-12","3.0301e-12","1.2852e-07","1.2860e-07","2.0000e+00","7.1870e-01","3.7902e-04"," 0.08 %"
"7.2731e+05","3.0295e-12","3.0548e-12","3.6205e-07","3.6227e-07","1.0000e+00","7.1870e-01","5.7985e-05"," 0.01 %"
"1.6838e+06","3.0295e-12","3.0548e-12","1.5639e-07","1.5649e-07","1.7500e+00","7.1870e-01","2.2919e-05"," 0.00 %"
"2.0572e+06","3.0295e-12","3.0548e-12","1.2800e-07","1.2808e-07","2.0000e+00","7.1870e-01","6.0257e-04"," 0.13 %"
"7.3612e+05","3.0540e-12","3.0794e-12","3.6060e-07","3.6082e-07","1.0000e+00","7.1870e-01","5.1015e-05"," 0.01 %"
"1.0288e+06","3.0540e-12","3.0794e-12","2.5803e-07","2.5818e-07","1.2500e+00","7.1870e-01","3.4791e-05"," 0.01 %"
"1.3523e+06","3.0540e-12","3.0794e-12","1.9629e-07","1.9641e-07","1.5000e+00","7.1870e-01","4.5517e-05"," 0.01 %"
"1.7042e+06","3.0540e-12","3.0794e-12","1.5577e-07","1.5586e-07","1.7500e+00","7.1870e-01","4.5550e-06"," 0.00 %"
"2.0821e+06","3.0540e-12","3.0794e-12","1.2749e-07","1.2757e-07","2.0000e+00","7.1870e-01","3.5385e-04"," 0.07 %"
"7.4497e+05","3.0784e-12","3.1040e-12","3.5917e-07","3.5939e-07","1.0000e+00","7.1870e-01","1.1866e-04"," 0.02 %"
"1.3686e+06","3.0784e-12","3.1040e-12","1.9551e-07","1.9563e-07","1.5000e+00","7.1870e-01","5.0595e-05"," 0.01 %"
"2.1071e+06","3.0784e-12","3.1040e-12","1.2699e-07","1.2706e-07","2.0000e+00","7.1870e-01","2.1418e-04"," 0.04 %"
"1.3849e+06","3.1028e-12","3.1286e-12","1.9474e-07","1.9485e-07","1.5000e+00","7.1870e-01","1.4867e-06"," 0.00 %"
"2.1322e+06","3.1028e-12","3.1286e-12","1.2648e-07","1.2656e-07","2.0000e+00","7.1870e-01","1.3959e-04"," 0.03 %"
"2.1574e+06","3.1272e-12","3.1533e-12","1.2599e-07","1.2607e-07","2.0000e+00","7.1870e-01","4.2203e-05"," 0.01 %"
"2.1828e+06","3.1516e-12","3.1779e-12","1.2550e-07","1.2558e-07","2.0000e+00","7.1870e-01","3.2378e-05"," 0.01 %"
"2.2082e+06","3.1761e-12","3.2025e-12","1.2502e-07","1.2509e-07","2.0000e+00","7.1870e-01","2.2630e-05"," 0.00 %"
"2.2337e+06","3.2005e-12","3.2271e-12","1.2454e-07","1.2462e-07","2.0000e+00","7.1870e-01","2.0482e-05"," 0.00 %"
"7.9878e+05","3.2249e-12","3.2518e-12","3.5091e-07","3.5113e-07","1.0000e+00","7.1870e-01","2.6645e-05"," 0.01 %"
"1.8492e+06","3.2249e-12","3.2518e-12","1.5158e-07","1.5167e-07","1.7500e+00","7.1870e-01","1.1814e-05"," 0.00 %"
"2.2593e+06","3.2249e-12","3.2518e-12","1.2407e-07","1.2414e-07","2.0000e+00","7.1870e-01","6.3505e-05"," 0.01 %"
"8.0787e+05","3.2493e-12","3.2764e-12","3.4959e-07","3.4981e-07","1.0000e+00","7.1870e-01","5.3043e-05"," 0.01 %"
"1.4842e+06","3.2493e-12","3.2764e-12","1.9029e-07","1.9041e-07","1.5000e+00","7.1870e-01","3.7624e-05"," 0.01 %"
"2.2850e+06","3.2493e-12","3.2764e-12","1.2360e-07","1.2368e-07","2.0000e+00","7.1870e-01","7.0783e-05"," 0.01 %"
"1.5009e+06","3.2737e-12","3.3010e-12","1.8958e-07","1.8970e-07","1.5000e+00","7.1870e-01","2.6338e-06"," 0.00 %"
"2.3108e+06","3.2737e-12","3.3010e-12","1.2314e-07","1.2321e-07","2.0000e+00","7.1870e-01","1.4469e-04"," 0.03 %"
"8.2616e+05","3.2982e-12","3.3256e-12","3.4700e-07","3.4721e-07","1.0000e+00","7.1870e-01","8.9762e-05"," 0.02 %"
"1.1546e+06","3.2982e-12","3.3256e-12","2.4829e-07","2.4844e-07","1.2500e+00","7.1870e-01","5.1961e-05"," 0.01 %"
"1.5178e+06","3.2982e-12","3.3256e-12","1.8888e-07","1.8900e-07","1.5000e+00","7.1870e-01","1.9801e-05"," 0.00 %"
"2.3367e+06","3.2982e-12","3.3256e-12","1.2268e-07","1.2276e-07","2.0000e+00","7.1870e-01","4.7070e-04"," 0.10 %"
"1.1674e+06","3.3226e-12","3.3503e-12","2.4738e-07","2.4753e-07","1.2500e+00","7.1870e-01","2.9612e-05"," 0.01 %"
"1.9339e+06","3.3226e-12","3.3503e-12","1.4934e-07","1.4943e-07","1.7500e+00","7.1870e-01","2.8203e-05"," 0.01 %"
"2.3627e+06","3.3226e-12","3.3503e-12","1.2223e-07","1.2230e-07","2.0000e+00","7.1870e-01","6.0021e-04"," 0.13 %"
"8.4457e+05","3.3470e-12","3.3749e-12","3.4445e-07","3.4466e-07","1.0000e+00","7.1870e-01","3.4573e-05"," 0.01 %"
"1.5516e+06","3.3470e-12","3.3749e-12","1.8750e-07","1.8761e-07","1.5000e+00","7.1870e-01","2.7700e-05"," 0.01 %"
"1.9552e+06","3.3470e-12","3.3749e-12","1.4879e-07","1.4888e-07","1.7500e+00","7.1870e-01","6.2093e-05"," 0.01 %"
"2.3888e+06","3.3470e-12","3.3749e-12","1.2178e-07","1.2186e-07","2.0000e+00","7.1870e-01","5.3398e-04"," 0.11 %"
"8.5383e+05","3.3714e-12","3.3995e-12","3.4320e-07","3.4341e-07","1.0000e+00","7.1870e-01","6.9571e-05"," 0.01 %"
"1.9767e+06","3.3714e-12","3.3995e-12","1.4825e-07","1.4834e-07","1.7500e+00","7.1870e-01","1.1241e-05"," 0.00 %"
"2.4150e+06","3.3714e-12","3.3995e-12","1.2134e-07","1.2142e-07","2.0000e+00","7.1870e-01","3.5530e-04"," 0.07 %"
"8.6313e+05","3.3958e-12","3.4241e-12","3.4197e-07","3.4218e-07","1.0000e+00","7.1870e-01","4.1660e-05"," 0.01 %"
"1.2063e+06","3.3958e-12","3.4241e-12","2.4469e-07","2.4484e-07","1.2500e+00","7.1870e-01","1.9926e-05"," 0.00 %"
"1.5857e+06","3.3958e-12","3.4241e-12","1.8614e-07","1.8626e-07","1.5000e+00","7.1870e-01","6.3451e-06"," 0.00 %"
"2.4413e+06","3.3958e-12","3.4241e-12","1.2090e-07","1.2098e-07","2.0000e+00","7.1870e-01","1.0579e-04"," 0.02 %"
"2.4677e+06","3.4203e-12","3.4487e-12","1.2047e-07","1.2054e-07","2.0000e+00","7.1870e-01","1.1504e-04"," 0.02 %"
"2.0414e+06","3.4447e-12","3.4734e-12","1.4667e-07","1.4675e-07","1.7500e+00","7.1870e-01","2.6092e-05"," 0.01 %"
"2.4942e+06","3.4447e-12","3.4734e-12","1.2004e-07","1.2012e-07","2.0000e+00","7.1870e-01","3.1729e-05"," 0.01 %"
"2.0632e+06","3.4691e-12","3.4980e-12","1.4615e-07","1.4624e-07","1.7500e+00","7.1870e-01","3.1395e-05"," 0.01 %"
"2.5207e+06","3.4691e-12","3.4980e-12","1.1962e-07","1.1969e-07","2.0000e+00","7.1870e-01","1.6196e-05"," 0.00 %"
"9.0064e+05","3.4935e-12","3.5226e-12","3.3715e-07","3.3736e-07","1.0000e+00","7.1870e-01","1.9262e-05"," 0.00 %"
"1.2587e+06","3.4935e-12","3.5226e-12","2.4125e-07","2.4139e-07","1.2500e+00","7.1870e-01","4.2767e-06"," 0.00 %"
"2.0850e+06","3.4935e-12","3.5226e-12","1.4564e-07","1.4572e-07","1.7500e+00","7.1870e-01","1.1330e-05"," 0.00 %"
"2.6010e+06","3.5424e-12","3.5719e-12","1.1838e-07","1.1845e-07","2.0000e+00","7.1870e-01","1.2877e-05"," 0.00 %"
"2.6279e+06","3.5668e-12","3.5965e-12","1.1797e-07","1.1804e-07","2.0000e+00","7.1870e-01","5.8602e-05"," 0.01 %"
"2.6550e+06","3.5912e-12","3.6211e-12","1.1757e-07","1.1764e-07","2.0000e+00","7.1870e-01","1.3280e-05"," 0.00 %"
"2.6821e+06","3.6156e-12","3.6457e-12","1.1717e-07","1.1724e-07","2.0000e+00","7.1870e-01","4.9870e-05"," 0.01 %"
"2.7093e+06","3.6400e-12","3.6703e-12","1.1678e-07","1.1685e-07","2.0000e+00","7.1870e-01","8.8492e-05"," 0.02 %"
"9.6754e+05","3.6645e-12","3.6950e-12","3.2920e-07","3.2940e-07","1.0000e+00","7.1870e-01","7.9637e-06"," 0.00 %"
"2.7366e+06","3.6645e-12","3.6950e-12","1.1639e-07","1.1646e-07","2.0000e+00","7.1870e-01","1.3459e-04"," 0.03 %"
"9.7723e+05","3.6889e-12","3.7196e-12","3.2811e-07","3.2830e-07","1.0000e+00","7.1870e-01","6.6303e-06"," 0.00 %"
"2.7640e+06","3.6889e-12","3.7196e-12","1.1600e-07","1.1607e-07","2.0000e+00","7.1870e-01","1.7060e-04"," 0.04 %"
"9.8695e+05","3.7133e-12","3.7442e-12","3.2702e-07","3.2722e-07","1.0000e+00","7.1870e-01","1.0911e-05"," 0.00 %"
"2.2848e+06","3.7133e-12","3.7442e-12","1.4126e-07","1.4135e-07","1.7500e+00","7.1870e-01","6.9059e-06"," 0.00 %"
"2.7915e+06","3.7133e-12","3.7442e-12","1.1562e-07","1.1569e-07","2.0000e+00","7.1870e-01","2.2429e-04"," 0.05 %"
"9.9670e+05","3.7377e-12","3.7688e-12","3.2595e-07","3.2615e-07","1.0000e+00","7.1870e-01","2.5608e-05"," 0.01 %"
"1.3929e+06","3.7377e-12","3.7688e-12","2.3323e-07","2.3338e-07","1.2500e+00","7.1870e-01","4.3203e-05"," 0.01 %"
"2.3074e+06","3.7377e-12","3.7688e-12","1.4080e-07","1.4089e-07","1.7500e+00","7.1870e-01","2.1306e-05"," 0.00 %"
"2.8191e+06","3.7377e-12","3.7688e-12","1.1524e-07","1.1531e-07","2.0000e+00","7.1870e-01","1.3995e-04"," 0.03 %"
"1.8490e+06","3.7621e-12","3.7935e-12","1.7685e-07","1.7696e-07","1.5000e+00","7.1870e-01","1.0615e-05"," 0.00 %"
"2.3300e+06","3.7621e-12","3.7935e-12","1.4034e-07","1.4043e-07","1.7500e+00","7.1870e-01","1.8332e-05"," 0.00 %"
"2.8468e+06","3.7621e-12","3.7935e-12","1.1487e-07","1.1494e-07","2.0000e+00","7.1870e-01","1.4764e-04"," 0.03 %"
"1.0163e+06","3.7866e-12","3.8181e-12","3.2384e-07","3.2404e-07","1.0000e+00","7.1870e-01","1.9706e-05"," 0.00 %"
"1.4203e+06","3.7866e-12","3.8181e-12","2.3172e-07","2.3187e-07","1.2500e+00","7.1870e-01","3.4058e-05"," 0.01 %"
"1.8671e+06","3.7866e-12","3.8181e-12","1.7628e-07","1.7639e-07","1.5000e+00","7.1870e-01","3.9059e-05"," 0.01 %"
"2.8745e+06","3.7866e-12","3.8181e-12","1.1450e-07","1.1457e-07","2.0000e+00","7.1870e-01","7.6607e-05"," 0.02 %"
"1.0261e+06","3.8110e-12","3.8427e-12","3.2281e-07","3.2300e-07","1.0000e+00","7.1870e-01","5.7731e-05"," 0.01 %"
"1.4341e+06","3.8110e-12","3.8427e-12","2.3098e-07","2.3112e-07","1.2500e+00","7.1870e-01","2.4368e-05"," 0.01 %"
"2.3756e+06","3.8110e-12","3.8427e-12","1.3944e-07","1.3952e-07","1.7500e+00","7.1870e-01","2.1176e-05"," 0.00 %"
"2.9024e+06","3.8110e-12","3.8427e-12","1.1413e-07","1.1420e-07","2.0000e+00","7.1870e-01","6.4425e-05"," 0.01 %"
"1.0360e+06","3.8354e-12","3.8673e-12","3.2178e-07","3.2197e-07","1.0000e+00","7.1870e-01","4.8943e-06"," 0.00 %"
"1.4479e+06","3.8354e-12","3.8673e-12","2.3024e-07","2.3039e-07","1.2500e+00","7.1870e-01","2.1392e-05"," 0.00 %"
"2.9303e+06","3.8354e-12","3.8673e-12","1.1377e-07","1.1383e-07","2.0000e+00","7.1870e-01","5.0367e-05"," 0.01 %"
"1.0459e+06","3.8598e-12","3.8920e-12","3.2076e-07","3.2095e-07","1.0000e+00","7.1870e-01","3.0121e-05"," 0.01 %"
"1.4617e+06","3.8598e-12","3.8920e-12","2.2952e-07","2.2966e-07","1.2500e+00","7.1870e-01","1.1439e-05"," 0.00 %"
"2.9584e+06","3.8598e-12","3.8920e-12","1.1340e-07","1.1347e-07","2.0000e+00","7.1870e-01","2.3323e-05"," 0.00 %"
"1.0559e+06","3.8842e-12","3.9166e-12","3.1975e-07","3.1994e-07","1.0000e+00","7.1870e-01","8.1728e-05"," 0.02 %"
"1.4756e+06","3.8842e-12","3.9166e-12","2.2879e-07","2.2893e-07","1.2500e+00","7.1870e-01","2.2680e-05"," 0.00 %"
"2.9865e+06","3.8842e-12","3.9166e-12","1.1305e-07","1.1312e-07","2.0000e+00","7.1870e-01","6.4832e-05"," 0.01 %"
"1.0659e+06","3.9087e-12","3.9412e-12","3.1875e-07","3.1894e-07","1.0000e+00","7.1870e-01","6.3725e-05"," 0.01 %"
"1.4896e+06","3.9087e-12","3.9412e-12","2.2808e-07","2.2822e-07","1.2500e+00","7.1870e-01","9.4345e-06"," 0.00 %"
"2.4675e+06","3.9087e-12","3.9412e-12","1.3769e-07","1.3777e-07","1.7500e+00","7.1870e-01","7.9567e-06"," 0.00 %"
"3.0147e+06","3.9087e-12","3.9412e-12","1.1269e-07","1.1276e-07","2.0000e+00","7.1870e-01","2.4520e-05"," 0.01 %"
"3.0430e+06","3.9331e-12","3.9658e-12","1.1234e-07","1.1241e-07","2.0000e+00","7.1870e-01","7.0482e-05"," 0.01 %"
"1.9949e+06","3.9575e-12","3.9905e-12","1.7243e-07","1.7254e-07","1.5000e+00","7.1870e-01","4.0394e-05"," 0.01 %"
"3.0714e+06","3.9575e-12","3.9905e-12","1.1200e-07","1.1207e-07","2.0000e+00","7.1870e-01","6.8223e-05"," 0.01 %"
"1.5316e+06","3.9819e-12","4.0151e-12","2.2597e-07","2.2611e-07","1.2500e+00","7.1870e-01","2.7498e-05"," 0.01 %"
"3.0998e+06","3.9819e-12","4.0151e-12","1.1165e-07","1.1172e-07","2.0000e+00","7.1870e-01","6.4119e-05"," 0.01 %"
"1.1061e+06","4.0063e-12","4.0397e-12","3.1484e-07","3.1503e-07","1.0000e+00","7.1870e-01","1.7135e-06"," 0.00 %"
"2.5605e+06","4.0063e-12","4.0397e-12","1.3600e-07","1.3608e-07","1.7500e+00","7.1870e-01","2.4871e-05"," 0.01 %"
"3.1284e+06","4.0063e-12","4.0397e-12","1.1131e-07","1.1138e-07","2.0000e+00","7.1870e-01","9.2464e-05"," 0.02 %"
"3.1570e+06","4.0308e-12","4.0643e-12","1.1097e-07","1.1104e-07","2.0000e+00","7.1870e-01","1.3048e-04"," 0.03 %"
"3.1858e+06","4.0552e-12","4.0889e-12","1.1064e-07","1.1071e-07","2.0000e+00","7.1870e-01","1.1919e-04"," 0.02 %"
"1.1365e+06","4.0796e-12","4.1136e-12","3.1200e-07","3.1219e-07","1.0000e+00","7.1870e-01","1.9107e-05"," 0.00 %"
"3.2146e+06","4.0796e-12","4.1136e-12","1.1031e-07","1.1037e-07","2.0000e+00","7.1870e-01","5.2556e-05"," 0.01 %"
"1.1468e+06","4.1040e-12","4.1382e-12","3.1107e-07","3.1126e-07","1.0000e+00","7.1870e-01","3.6102e-05"," 0.01 %"
"3.2435e+06","4.1040e-12","4.1382e-12","1.0998e-07","1.1005e-07","2.0000e+00","7.1870e-01","4.2919e-05"," 0.01 %"
"2.1255e+06","4.1284e-12","4.1628e-12","1.6882e-07","1.6893e-07","1.5000e+00","7.1870e-01","3.1521e-05"," 0.01 %"
"3.2725e+06","4.1284e-12","4.1628e-12","1.0965e-07","1.0972e-07","2.0000e+00","7.1870e-01","4.3515e-05"," 0.01 %"
"1.1673e+06","4.1529e-12","4.1874e-12","3.0923e-07","3.0942e-07","1.0000e+00","7.1870e-01","1.4043e-05"," 0.00 %"
"3.3016e+06","4.1529e-12","4.1874e-12","1.0933e-07","1.0940e-07","2.0000e+00","7.1870e-01","9.6363e-08"," 0.00 %"
"1.1776e+06","4.1773e-12","4.2121e-12","3.0833e-07","3.0852e-07","1.0000e+00","7.1870e-01","1.2285e-05"," 0.00 %"
"2.7262e+06","4.1773e-12","4.2121e-12","1.3318e-07","1.3327e-07","1.7500e+00","7.1870e-01","3.7801e-07"," 0.00 %"
"3.3307e+06","4.1773e-12","4.2121e-12","1.0901e-07","1.0908e-07","2.0000e+00","7.1870e-01","4.9306e-05"," 0.01 %"
"1.1879e+06","4.2017e-12","4.2367e-12","3.0743e-07","3.0762e-07","1.0000e+00","7.1870e-01","9.0869e-05"," 0.02 %"
"3.3600e+06","4.2017e-12","4.2367e-12","1.0869e-07","1.0876e-07","2.0000e+00","7.1870e-01","5.7074e-05"," 0.01 %"
"1.1983e+06","4.2261e-12","4.2613e-12","3.0654e-07","3.0673e-07","1.0000e+00","7.1870e-01","1.2701e-04"," 0.03 %"
"2.2014e+06","4.2261e-12","4.2613e-12","1.6686e-07","1.6696e-07","1.5000e+00","7.1870e-01","1.3781e-05"," 0.00 %"
"2.7741e+06","4.2261e-12","4.2613e-12","1.3241e-07","1.3249e-07","1.7500e+00","7.1870e-01","2.3627e-06"," 0.00 %"
"3.3893e+06","4.2261e-12","4.2613e-12","1.0838e-07","1.0845e-07","2.0000e+00","7.1870e-01","5.6020e-05"," 0.01 %"
"2.7982e+06","4.2505e-12","4.2859e-12","1.3203e-07","1.3211e-07","1.7500e+00","7.1870e-01","5.6376e-06"," 0.00 %"
"3.4187e+06","4.2505e-12","4.2859e-12","1.0807e-07","1.0813e-07","2.0000e+00","7.1870e-01","3.2691e-05"," 0.01 %"
"1.7038e+06","4.2750e-12","4.3106e-12","2.1809e-07","2.1822e-07","1.2500e+00","7.1870e-01","2.4513e-05"," 0.01 %"
"2.8223e+06","4.2750e-12","4.3106e-12","1.3165e-07","1.3174e-07","1.7500e+00","7.1870e-01","2.0915e-05"," 0.00 %"
"3.4482e+06","4.2750e-12","4.3106e-12","1.0776e-07","1.0782e-07","2.0000e+00","7.1870e-01","3.1145e-05"," 0.01 %"
"1.2296e+06","4.2994e-12","4.3352e-12","3.0392e-07","3.0410e-07","1.0000e+00","7.1870e-01","2.0668e-05"," 0.00 %"
"3.4778e+06","4.2994e-12","4.3352e-12","1.0745e-07","1.0752e-07","2.0000e+00","7.1870e-01","7.5721e-05"," 0.02 %"
"3.5075e+06","4.3238e-12","4.3598e-12","1.0715e-07","1.0721e-07","2.0000e+00","7.1870e-01","5.0702e-05"," 0.01 %"
"1.2506e+06","4.3482e-12","4.3844e-12","3.0221e-07","3.0239e-07","1.0000e+00","7.1870e-01","2.2522e-05"," 0.00 %"
"3.5372e+06","4.3482e-12","4.3844e-12","1.0685e-07","1.0691e-07","2.0000e+00","7.1870e-01","3.3731e-05"," 0.01 %"
"3.5671e+06","4.3726e-12","4.4091e-12","1.0655e-07","1.0661e-07","2.0000e+00","7.1870e-01","5.1122e-05"," 0.01 %"
"3.5970e+06","4.3971e-12","4.4337e-12","1.0625e-07","1.0632e-07","2.0000e+00","7.1870e-01","8.9653e-05"," 0.02 %"
"3.6270e+06","4.4215e-12","4.4583e-12","1.0596e-07","1.0602e-07","2.0000e+00","7.1870e-01","2.7009e-05"," 0.01 %"
"1.2930e+06","4.4459e-12","4.4829e-12","2.9887e-07","2.9905e-07","1.0000e+00","7.1870e-01","1.8694e-05"," 0.00 %"
"2.9933e+06","4.4459e-12","4.4829e-12","1.2910e-07","1.2918e-07","1.7500e+00","7.1870e-01","1.6195e-05"," 0.00 %"
"3.6571e+06","4.4459e-12","4.4829e-12","1.0567e-07","1.0573e-07","2.0000e+00","7.1870e-01","1.4057e-05"," 0.00 %"
"1.3037e+06","4.4703e-12","4.5075e-12","2.9805e-07","2.9823e-07","1.0000e+00","7.1870e-01","2.6657e-05"," 0.01 %"
"1.8219e+06","4.4703e-12","4.5075e-12","2.1327e-07","2.1340e-07","1.2500e+00","7.1870e-01","5.0031e-06"," 0.00 %"
"2.3950e+06","4.4703e-12","4.5075e-12","1.6224e-07","1.6234e-07","1.5000e+00","7.1870e-01","6.0367e-07"," 0.00 %"
"3.6873e+06","4.4703e-12","4.5075e-12","1.0538e-07","1.0544e-07","2.0000e+00","7.1870e-01","2.1041e-05"," 0.00 %"
"3.7479e+06","4.5191e-12","4.5568e-12","1.0481e-07","1.0487e-07","2.0000e+00","7.1870e-01","1.9669e-05"," 0.00 %"
"3.1174e+06","4.5680e-12","4.6060e-12","1.2736e-07","1.2744e-07","1.7500e+00","7.1870e-01","4.9394e-06"," 0.00 %"
"3.8088e+06","4.5680e-12","4.6060e-12","1.0424e-07","1.0431e-07","2.0000e+00","7.1870e-01","9.9003e-06"," 0.00 %"
"1.3574e+06","4.5924e-12","4.6306e-12","2.9406e-07","2.9424e-07","1.0000e+00","7.1870e-01","2.4624e-06"," 0.00 %"
"3.8394e+06","4.5924e-12","4.6306e-12","1.0397e-07","1.0403e-07","2.0000e+00","7.1870e-01","3.0649e-06"," 0.00 %"
"3.9625e+06","4.6901e-12","4.7291e-12","1.0288e-07","1.0294e-07","2.0000e+00","7.1870e-01","1.4604e-06"," 0.00 %"
"1.9732e+06","4.7145e-12","4.7538e-12","2.0767e-07","2.0780e-07","1.2500e+00","7.1870e-01","4.9839e-06"," 0.00 %"
"3.2686e+06","4.7145e-12","4.7538e-12","1.2537e-07","1.2544e-07","1.7500e+00","7.1870e-01","1.5487e-05"," 0.00 %"
"3.9935e+06","4.7145e-12","4.7538e-12","1.0261e-07","1.0267e-07","2.0000e+00","7.1870e-01","2.2229e-06"," 0.00 %"
"3.3707e+06","4.8122e-12","4.8523e-12","1.2409e-07","1.2416e-07","1.7500e+00","7.1870e-01","1.0081e-05"," 0.00 %"
"1.5006e+06","4.9099e-12","4.9507e-12","2.8440e-07","2.8457e-07","1.0000e+00","7.1870e-01","8.2177e-06"," 0.00 %"
"4.2443e+06","4.9099e-12","4.9507e-12","1.0055e-07","1.0061e-07","2.0000e+00","7.1870e-01","1.3527e-05"," 0.00 %"
"1.5118e+06","4.9343e-12","4.9754e-12","2.8369e-07","2.8386e-07","1.0000e+00","7.1870e-01","2.7233e-04"," 0.06 %"
"3.4998e+06","4.9343e-12","4.9754e-12","1.2254e-07","1.2262e-07","1.7500e+00","7.1870e-01","4.4450e-06"," 0.00 %"
"4.2760e+06","4.9343e-12","4.9754e-12","1.0030e-07","1.0036e-07","2.0000e+00","7.1870e-01","1.8672e-05"," 0.00 %"
"1.5230e+06","4.9587e-12","5.0000e-12","2.8299e-07","2.8316e-07","1.0000e+00","7.1870e-01","2.0510e-03"," 0.43 %"
"2.1285e+06","4.9587e-12","5.0000e-12","2.0249e-07","2.0262e-07","1.2500e+00","7.1870e-01","2.6127e-04"," 0.05 %"
"2.7980e+06","4.9587e-12","5.0000e-12","1.5404e-07","1.5414e-07","1.5000e+00","7.1870e-01","1.7665e-04"," 0.04 %"
"3.5259e+06","4.9587e-12","5.0000e-12","1.2224e-07","1.2232e-07","1.7500e+00","7.1870e-01","6.1060e-05"," 0.01 %"
"4.3078e+06","4.9587e-12","5.0000e-12","1.0005e-07","1.0011e-07","2.0000e+00","7.1870e-01","2.7930e-05"," 0.01 %"
