Sample IDs:;251002_251002E_tht_0days;;
Wavelength [nm];Fluorescence intensity [a.u.];Fluorescence intensity [a.u.];Fluorescence intensity [a.u.]
460;0.20441859960556;0.200600355863571;0.202456086874008
460.450012207031;0.188035100698471;0.205942839384079;0.206119447946548
461.059997558594;0.22567680478096;0.219381600618362;0.22780841588974
461.510009765625;0.206069707870483;0.23120328783989;0.232257902622223
461.959991455078;0.208327174186707;0.218873828649521;0.233601272106171
462.570007324219;0.204379379749298;0.235875755548477;0.234542280435562
463.029998779297;0.222096413373947;0.240538537502289;0.217026770114899
463.480010986328;0.22650283575058;0.245296478271484;0.258341163396835
463.929992675781;0.251126974821091;0.237448006868362;0.251838862895966
464.540008544922;0.2571821808815;0.243942201137543;0.255491584539413
465;0.24030402302742;0.254258692264557;0.25155571103096
465.450012207031;0.241481870412827;0.242949306964874;0.275702476501465
466.059997558594;0.253497421741486;0.249598801136017;0.287874579429626
466.510009765625;0.261974215507507;0.267355501651764;0.268267840147018
466.959991455078;0.26355841755867;0.281954407691956;0.281497210264206
467.570007324219;0.259087115526199;0.260724574327469;0.28757718205452
468.029998779297;0.245666116476059;0.275438010692596;0.266385972499847
468.480010986328;0.25904592871666;0.283109217882156;0.286037772893906
468.929992675781;0.277838200330734;0.277674913406372;0.289394348859787
469.540008544922;0.289125055074692;0.278942942619324;0.29950937628746
470;0.28940537571907;0.292384147644043;0.298154205083847
470.440002441406;0.267369568347931;0.303398460149765;0.304442763328552
471.040008544922;0.283198565244675;0.307207614183426;0.308280110359192
471.489990234375;0.274539202451706;0.306092441082001;0.310790330171585
471.940002441406;0.28002205491066;0.288538932800293;0.330975025892258
472.529998779297;0.287524193525314;0.301450550556183;0.303597062826157
472.980010986328;0.307771950960159;0.313188225030899;0.321466773748398
473.429992675781;0.300008058547974;0.326212584972382;0.31380507349968
474.019989013672;0.311531543731689;0.312816828489304;0.326295107603073
474.470001220703;0.304798901081085;0.321689397096634;0.328456938266754
475.070007324219;0.314387649297714;0.320925682783127;0.327731430530548
475.519989013672;0.315550267696381;0.320149123668671;0.334697335958481
475.970001220703;0.304987728595734;0.330972284078598;0.339852303266525
476.559997558594;0.317211955785751;0.34565207362175;0.353403627872467
477.010009765625;0.313870221376419;0.317186892032623;0.328917235136032
477.459991455078;0.324939221143723;0.309871077537537;0.33897590637207
478.049987792969;0.308450996875763;0.339786112308502;0.371720880270004
478.5;0.328156769275665;0.335669577121735;0.32720884680748
478.950012207031;0.3339464366436;0.332845538854599;0.336495190858841
479.549987792969;0.311439961194992;0.329299628734589;0.322304666042328
480;0.319381475448608;0.341201394796371;0.357236534357071
480.450012207031;0.311106503009796;0.33440038561821;0.354160606861114
481.059997558594;0.332737535238266;0.351498991250992;0.360874205827713
481.510009765625;0.335241109132767;0.334628999233246;0.355430394411087
481.959991455078;0.321979165077209;0.31445699930191;0.345103472471237
482.570007324219;0.322804540395737;0.340861707925796;0.360089272260666
483.029998779297;0.323624491691589;0.347996354103088;0.331812351942062
483.480010986328;0.338510692119598;0.337691962718964;0.335527032613754
483.929992675781;0.334942400455475;0.335321366786957;0.353330790996551
484.540008544922;0.339162468910217;0.343255609273911;0.364809215068817
485;0.326082140207291;0.340493232011795;0.359853327274322
485.450012207031;0.343355000019073;0.335281312465668;0.343031078577042
486.059997558594;0.331234395503998;0.343845695257187;0.363493293523788
486.510009765625;0.344269931316376;0.364602655172348;0.342861831188202
486.959991455078;0.32653734087944;0.336220413446426;0.345946192741394
487.570007324219;0.345559686422348;0.347154229879379;0.357656180858612
488.029998779297;0.31335911154747;0.341384619474411;0.345671474933624
488.480010986328;0.337680280208588;0.353171914815903;0.360152453184128
488.929992675781;0.341400772333145;0.341393798589706;0.352588921785355
489.540008544922;0.323331147432327;0.340738862752914;0.351206123828888
490;0.341284483671188;0.350266396999359;0.354235231876373
490.440002441406;0.341331392526627;0.343398720026016;0.34492039680481
491.040008544922;0.333874821662903;0.324819415807724;0.377418488264084
491.489990234375;0.324525654315948;0.334197223186493;0.342970430850983
491.940002441406;0.326941221952438;0.334913074970245;0.352372288703918
492.529998779297;0.330471992492676;0.358914703130722;0.344829887151718
492.980010986328;0.327587395906448;0.334879696369171;0.350370526313782
493.429992675781;0.333337634801865;0.352113634347916;0.341412335634232
494.019989013672;0.333232581615448;0.337751924991608;0.361148476600647
494.470001220703;0.336529821157455;0.338032841682434;0.350172281265259
495.070007324219;0.324885964393616;0.334915101528168;0.337503045797348
495.519989013672;0.322425425052643;0.332134962081909;0.341697514057159
495.970001220703;0.333043545484543;0.337244600057602;0.344154059886932
496.559997558594;0.295776456594467;0.329339295625687;0.322349369525909
497.010009765625;0.334521532058716;0.325995713472366;0.333246409893036
497.459991455078;0.303493469953537;0.322238713502884;0.319642692804337
498.049987792969;0.330291986465454;0.318903177976608;0.334523856639862
498.5;0.33146458864212;0.336777985095978;0.344645112752914
498.950012207031;0.319318026304245;0.314006239175796;0.324880719184876
499.549987792969;0.30852934718132;0.312690049409866;0.334292620420456
500;0.31024768948555;0.335757046937943;0.343630284070969
500.440002441406;0.322915315628052;0.315502196550369;0.313834995031357
501.040008544922;0.326075077056885;0.332705914974213;0.329456895589828
501.489990234375;0.310404598712921;0.314522683620453;0.328049808740616
501.940002441406;0.307865053415298;0.320726931095123;0.313035428524017
502.529998779297;0.298258304595947;0.317122846841812;0.327358722686768
502.980010986328;0.312303364276886;0.310687214136124;0.331206947565079
503.429992675781;0.316020637750626;0.320308715105057;0.306800752878189
504.019989013672;0.295046478509903;0.316746950149536;0.298896640539169
504.470001220703;0.287757396697998;0.312164604663849;0.317340761423111
505.070007324219;0.308814197778702;0.300676345825195;0.301551729440689
505.519989013672;0.311692386865616;0.312843769788742;0.338522285223007
505.970001220703;0.322094589471817;0.297391265630722;0.306010007858276
506.559997558594;0.318020433187485;0.328702062368393;0.315916776657105
507.010009765625;0.347245693206787;0.29712039232254;0.328965276479721
507.459991455078;0.33189931511879;0.312970131635666;0.34384673833847
508.049987792969;0.335297912359238;0.34232285618782;0.342816352844238
508.5;0.315704673528671;0.316013783216476;0.327877253293991
508.950012207031;0.329356640577316;0.326778292655945;0.331828564405441
509.549987792969;0.348712265491486;0.343013107776642;0.331750124692917
510;0.336744636297226;0.339879512786865;0.344919770956039
510.440002441406;0.340653985738754;0.355887353420258;0.371559202671051
511.040008544922;0.339923948049545;0.364658504724503;0.376541435718536
511.489990234375;0.365008026361465;0.3535076379776;0.379171401262283
511.940002441406;0.354677885770798;0.339985936880112;0.371783912181854
512.530029296875;0.378235280513763;0.367892533540726;0.380125969648361
512.97998046875;0.383937299251556;0.3796626329422;0.377184927463532
513.429992675781;0.374943107366562;0.387066155672073;0.385860025882721
514.02001953125;0.396034210920334;0.397516041994095;0.398503810167313
514.469970703125;0.393254727125168;0.388658165931702;0.388982683420181
515.070007324219;0.395666360855103;0.386862963438034;0.416823834180832
515.52001953125;0.402976363897324;0.403820544481277;0.395332992076874
515.969970703125;0.400050759315491;0.386160522699356;0.421688824892044
516.559997558594;0.415762215852737;0.391809552907944;0.416018843650818
517.010009765625;0.413181453943253;0.387727737426758;0.403839915990829
517.460021972656;0.388647854328156;0.395320326089859;0.415713936090469
518.049987792969;0.389175653457642;0.381841629743576;0.376563608646393
518.5;0.384834349155426;0.391245871782303;0.400503218173981
518.950012207031;0.393777132034302;0.397137135267258;0.409061104059219
519.549987792969;0.355510741472244;0.39392563700676;0.392684459686279
520;0.385835915803909;0.367043733596802;0.367749392986298
520.440002441406;0.367558538913727;0.364123404026031;0.37527933716774
521.02001953125;0.339352756738663;0.350331991910934;0.370545297861099
521.469970703125;0.306297719478607;0.337096244096756;0.359827369451523
522.049987792969;0.311815172433853;0.336538285017014;0.335536807775497
522.5;0.32495054602623;0.339486509561539;0.323840141296387
522.940002441406;0.315320819616318;0.309150636196136;0.311711639165878
523.52001953125;0.305690109729767;0.298890799283981;0.300629287958145
523.969970703125;0.290558516979218;0.282455891370773;0.283848732709885
524.549987792969;0.267572939395905;0.282624840736389;0.305395096540451
525;0.254483044147491;0.266848057508469;0.286719292402267
525.440002441406;0.269584387540817;0.247647047042847;0.249043226242065
526.02001953125;0.2430340051651;0.256418913602829;0.240576595067978
526.469970703125;0.226861387491226;0.259479492902756;0.248485714197159
527.049987792969;0.258137226104736;0.238987892866135;0.227451860904694
527.5;0.22449517250061;0.227002382278442;0.224410176277161
527.940002441406;0.225520014762878;0.220650404691696;0.220735520124435
528.52001953125;0.209108740091324;0.212740570306778;0.214669018983841
528.969970703125;0.206734627485275;0.198995769023895;0.224690020084381
529.549987792969;0.196670800447464;0.205525517463684;0.211717337369919
530;0.202381670475006;0.19387611746788;0.207972675561905
530.440002441406;0.200700789690018;0.185870260000229;0.195200115442276
531.039978027344;0.207127451896667;0.180151343345642;0.189860641956329
531.489990234375;0.187093049287796;0.19790256023407;0.182319343090057
531.940002441406;0.200456619262695;0.181235551834106;0.186399221420288
532.530029296875;0.176340073347092;0.16102996468544;0.187985062599182
532.97998046875;0.180423736572266;0.196080803871155;0.175285458564758
533.429992675781;0.173251867294312;0.18199610710144;0.170973837375641
534.02001953125;0.183656364679337;0.178463786840439;0.190394341945648
534.469970703125;0.173334181308746;0.180837869644165;0.184564799070358
535.070007324219;0.188647419214249;0.167119383811951;0.162401139736176
535.52001953125;0.155046284198761;0.168664753437042;0.169811069965363
535.969970703125;0.183887481689453;0.161093562841415;0.166116386651993
536.559997558594;0.162390112876892;0.156026780605316;0.167986422777176
537.010009765625;0.158448100090027;0.171700686216354;0.166893839836121
537.460021972656;0.173796027898788;0.172229707241058;0.163006484508514
538.049987792969;0.158895403146744;0.166538894176483;0.159684389829636
538.5;0.160611659288406;0.167290836572647;0.155111521482468
538.950012207031;0.177971839904785;0.160970091819763;0.182592064142227
539.549987792969;0.159831643104553;0.169185698032379;0.158570945262909
540;0.153113722801209;0.149190902709961;0.165181338787079
540.440002441406;0.163682222366333;0.136752098798752;0.143866211175919
541.02001953125;0.160911113023758;0.149689793586731;0.13956293463707
541.469970703125;0.15743213891983;0.159555107355118;0.161438584327698
542.049987792969;0.140955924987793;0.148839265108109;0.155125766992569
542.5;0.142474114894867;0.147249311208725;0.147589027881622
542.940002441406;0.146190702915192;0.138840943574905;0.14327272772789
543.52001953125;0.137122631072998;0.128984957933426;0.143563717603683
543.969970703125;0.153283596038818;0.132056802511215;0.141661614179611
544.549987792969;0.152946203947067;0.148778527975082;0.144117534160614
545;0.127090364694595;0.149192959070206;0.146159797906876
545.440002441406;0.137518048286438;0.142154276371002;0.144968003034592
546.02001953125;0.135006874799728;0.12839087843895;0.133842498064041
546.469970703125;0.131193369626999;0.129406422376633;0.139754772186279
547.049987792969;0.131769567728043;0.149037539958954;0.12962594628334
547.5;0.131053388118744;0.125348567962646;0.145991504192352
547.940002441406;0.120160229504108;0.122223936021328;0.144510418176651
548.52001953125;0.122401349246502;0.125494778156281;0.135498523712158
548.969970703125;0.129360556602478;0.131836146116257;0.138321250677109
549.549987792969;0.118353627622128;0.123676471412182;0.130157768726349
550;0.113153144717216;0.133451461791992;0.136315435171127
550.440002441406;0.113011918962002;0.114983148872852;0.130816400051117
551.039978027344;0.113667108118534;0.140252351760864;0.115651942789555
551.489990234375;0.129516929388046;0.127134323120117;0.122424118220806
551.940002441406;0.112549498677254;0.130472362041473;0.111750893294811
552.530029296875;0.108490325510502;0.127508193254471;0.106710031628609
552.97998046875;0.129442125558853;0.122788988053799;0.117726407945156
553.429992675781;0.107021942734718;0.114778183400631;0.116669990122318
554.02001953125;0.102684579789639;0.116645596921444;0.11477117985487
554.469970703125;0.11226674169302;0.122804753482342;0.115167267620564
555.070007324219;0.110230557620525;0.111401192843914;0.107749797403812
555.52001953125;0.110042832791805;0.0993150696158409;0.1035151258111
555.969970703125;0.115631841123104;0.0993051454424858;0.111530445516109
556.559997558594;0.110276915132999;0.10624735802412;0.105539172887802
557.010009765625;0.105870500206947;0.0984743162989616;0.106219455599785
557.460021972656;0.106790587306023;0.0890902206301689;0.100214242935181
558.049987792969;0.0888894349336624;0.0880722552537918;0.0979591384530067
558.5;0.0978112295269966;0.0923926308751106;0.102227851748466
558.950012207031;0.0987703576683998;0.0958492532372475;0.108948722481728
559.549987792969;0.101576276123524;0.0944502800703049;0.100260742008686
560;0.101962111890316;0.0941261723637581;0.108745083212852
