Sample IDs:;251002_251002H_tht_0days;;
Wavelength [nm];Fluorescence intensity [a.u.];Fluorescence intensity [a.u.];Fluorescence intensity [a.u.]
460;0.212224125862122;0.225524604320526;0.225402295589447
460.450012207031;0.20017072558403;0.224037170410156;0.235179215669632
461.059997558594;0.214095860719681;0.2196344435215;0.254461020231247
461.510009765625;0.231391578912735;0.233448952436447;0.239295661449432
461.959991455078;0.223947495222092;0.230110585689545;0.225127369165421
462.570007324219;0.246362388134003;0.240398168563843;0.267436444759369
463.029998779297;0.260485053062439;0.23968580365181;0.249328970909119
463.480010986328;0.252521336078644;0.264258980751038;0.257795572280884
463.929992675781;0.258034139871597;0.249812185764313;0.265813499689102
464.540008544922;0.262998193502426;0.255891978740692;0.266121208667755
465;0.264013737440109;0.274697929620743;0.273211717605591
465.450012207031;0.272153675556183;0.278909176588058;0.272889405488968
466.059997558594;0.278560876846313;0.280197262763977;0.2923783659935
466.510009765625;0.271483987569809;0.269763976335526;0.273299783468246
466.959991455078;0.298507332801819;0.29273596405983;0.306412726640701
467.570007324219;0.298454374074936;0.306283861398697;0.278691828250885
468.029998779297;0.293165594339371;0.282469868659973;0.308460354804993
468.480010986328;0.31066170334816;0.306858450174332;0.311923652887344
468.929992675781;0.310914516448975;0.285504013299942;0.324311167001724
469.540008544922;0.296829164028168;0.304822236299515;0.319115340709686
470;0.307631403207779;0.321143299341202;0.325262248516083
470.440002441406;0.306543529033661;0.30574032664299;0.328113198280334
471.040008544922;0.325723081827164;0.318787425756454;0.340690732002258
471.489990234375;0.326905995607376;0.320962488651276;0.316743850708008
471.940002441406;0.330192983150482;0.323570042848587;0.330610334873199
472.529998779297;0.325575262308121;0.338580250740051;0.327551364898682
472.980010986328;0.324522763490677;0.340113669633865;0.33238559961319
473.429992675781;0.33407136797905;0.344985634088516;0.342073291540146
474.019989013672;0.34403333067894;0.35250735282898;0.373913884162903
474.470001220703;0.345878750085831;0.362938106060028;0.362407684326172
475.070007324219;0.34518113732338;0.361394315958023;0.361843526363373
475.519989013672;0.369414806365967;0.330752640962601;0.368095725774765
475.970001220703;0.362710773944855;0.371115744113922;0.35616335272789
476.559997558594;0.347625225782394;0.343763947486877;0.363350987434387
477.010009765625;0.355916619300842;0.350100010633469;0.351011961698532
477.459991455078;0.351116240024567;0.348361521959305;0.382197320461273
478.049987792969;0.365117698907852;0.351517379283905;0.368611007928848
478.5;0.339163333177567;0.372771710157394;0.372529864311218
478.950012207031;0.365455150604248;0.370072394609451;0.390747755765915
479.549987792969;0.366554081439972;0.384772121906281;0.38694241642952
480;0.354504853487015;0.354369878768921;0.384574830532074
480.450012207031;0.354232251644135;0.37304425239563;0.381756216287613
481.059997558594;0.389785319566727;0.372819066047668;0.391300708055496
481.510009765625;0.37424772977829;0.386714637279511;0.395310163497925
481.959991455078;0.392578393220902;0.353195577859879;0.391324996948242
482.570007324219;0.368662774562836;0.384869456291199;0.407447755336761
483.029998779297;0.370353251695633;0.392499089241028;0.396947413682938
483.480010986328;0.380827099084854;0.394267201423645;0.395983129739761
483.929992675781;0.376526892185211;0.393346905708313;0.390688866376877
484.540008544922;0.367753326892853;0.398382723331451;0.391099601984024
485;0.384847074747086;0.384416282176971;0.392272442579269
485.450012207031;0.370625823736191;0.38396567106247;0.376748949289322
486.059997558594;0.356949418783188;0.383681982755661;0.379729688167572
486.510009765625;0.375575482845306;0.375856280326843;0.39230689406395
486.959991455078;0.390123844146729;0.380820840597153;0.376689672470093
487.570007324219;0.365195125341415;0.379771023988724;0.391375452280045
488.029998779297;0.376268982887268;0.395307511091232;0.393570303916931
488.480010986328;0.391117095947266;0.379590034484863;0.390804260969162
488.929992675781;0.361295610666275;0.397944122552872;0.393013328313828
489.540008544922;0.348570734262466;0.35160493850708;0.38709282875061
490;0.361185550689697;0.393070369958878;0.37991851568222
490.440002441406;0.386272788047791;0.375822693109512;0.395398020744324
491.040008544922;0.397233843803406;0.357043474912643;0.386368960142136
491.489990234375;0.372684597969055;0.387767463922501;0.4163778424263
491.940002441406;0.356103986501694;0.386078476905823;0.391759991645813
492.529998779297;0.382830500602722;0.375609993934631;0.380081385374069
492.980010986328;0.372644811868668;0.373791962862015;0.379896402359009
493.429992675781;0.373718351125717;0.384076327085495;0.397891223430634
494.019989013672;0.359879404306412;0.371295839548111;0.385900944471359
494.470001220703;0.357201099395752;0.352700233459473;0.379902392625809
495.070007324219;0.330216586589813;0.358859121799469;0.387690544128418
495.519989013672;0.341601192951202;0.375690251588821;0.37357422709465
495.970001220703;0.359493792057037;0.35795196890831;0.374617397785187
496.559997558594;0.351669490337372;0.366501569747925;0.373376607894897
497.010009765625;0.333092123270035;0.366407543420792;0.355733543634415
497.459991455078;0.371320456266403;0.35364380478859;0.352999895811081
498.049987792969;0.338017851114273;0.345251113176346;0.362518489360809
498.5;0.348503470420837;0.366055160760879;0.373374313116074
498.950012207031;0.346036911010742;0.358285129070282;0.391561537981033
499.549987792969;0.345193445682526;0.33756610751152;0.395466655492783
500;0.339391082525253;0.360427498817444;0.349453449249268
500.440002441406;0.352077931165695;0.340403228998184;0.366404414176941
501.040008544922;0.342762231826782;0.357577562332153;0.366851359605789
501.489990234375;0.363828331232071;0.344494760036468;0.339899837970734
501.940002441406;0.349873483181;0.359059512615204;0.368955582380295
502.529998779297;0.327335149049759;0.350129544734955;0.364534914493561
502.980010986328;0.334728717803955;0.347893327474594;0.360954612493515
503.429992675781;0.33497342467308;0.361196905374527;0.34831765294075
504.019989013672;0.329373270273209;0.341859340667725;0.356392025947571
504.470001220703;0.321301639080048;0.357057750225067;0.360858112573624
505.070007324219;0.331339478492737;0.33816647529602;0.332574874162674
505.519989013672;0.361267775297165;0.354755073785782;0.377351641654968
505.970001220703;0.32713508605957;0.342673540115356;0.361857920885086
506.559997558594;0.331820547580719;0.352308988571167;0.357080966234207
507.010009765625;0.342070668935776;0.344388365745544;0.374034941196442
507.459991455078;0.359436452388763;0.339457035064697;0.354648590087891
508.049987792969;0.334580183029175;0.32973450422287;0.36621430516243
508.5;0.344489634037018;0.340979248285294;0.382019251585007
508.950012207031;0.339664816856384;0.367457687854767;0.3712098300457
509.549987792969;0.382402360439301;0.358832478523254;0.368849456310272
510;0.35634434223175;0.374911695718765;0.390434592962265
510.440002441406;0.370563894510269;0.372669816017151;0.396303981542587
511.040008544922;0.38855117559433;0.400560230016708;0.407618403434753
511.489990234375;0.377454549074173;0.407460004091263;0.414972454309463
511.940002441406;0.384307831525803;0.399246871471405;0.420788735151291
512.530029296875;0.404423922300339;0.384496480226517;0.399921864271164
512.97998046875;0.423381000757217;0.403031080961227;0.412181496620178
513.429992675781;0.411807417869568;0.427782088518143;0.411194920539856
514.02001953125;0.407232880592346;0.423326343297958;0.433890014886856
514.469970703125;0.422282010316849;0.399008631706238;0.453991770744324
515.070007324219;0.425483077764511;0.417696475982666;0.425975531339645
515.52001953125;0.406205028295517;0.408004850149155;0.440515726804733
515.969970703125;0.440068006515503;0.4358049929142;0.449641019105911
516.559997558594;0.42298948764801;0.420966416597366;0.432266086339951
517.010009765625;0.421639293432236;0.432571828365326;0.441378146409988
517.460021972656;0.420854538679123;0.425594747066498;0.460310012102127
518.049987792969;0.441990047693253;0.42033651471138;0.435755342245102
518.5;0.421491801738739;0.412442892789841;0.416256159543991
518.950012207031;0.409418553113937;0.416598051786423;0.427393436431885
519.549987792969;0.405832886695862;0.386902928352356;0.407809287309647
520;0.384119838476181;0.399328142404556;0.399233520030975
520.440002441406;0.382397472858429;0.393154770135879;0.410278975963593
521.02001953125;0.356441050767899;0.355374902486801;0.391031801700592
521.469970703125;0.346394866704941;0.377338141202927;0.376958787441254
522.049987792969;0.338775217533112;0.363857746124268;0.35160019993782
522.5;0.345172107219696;0.355546414852142;0.360114842653275
522.940002441406;0.323628783226013;0.332888513803482;0.36101096868515
523.52001953125;0.299736201763153;0.323571473360062;0.3262058198452
523.969970703125;0.317135661840439;0.30525341629982;0.321536868810654
524.549987792969;0.290656298398972;0.297758907079697;0.313893556594849
525;0.29510372877121;0.299259096384048;0.304609507322311
525.440002441406;0.265200078487396;0.285906940698624;0.285744905471802
526.02001953125;0.274025678634644;0.262785494327545;0.280774980783463
526.469970703125;0.268543034791946;0.264289855957031;0.275153368711472
527.049987792969;0.240412354469299;0.247240960597992;0.255577355623245
527.5;0.241183400154114;0.244376480579376;0.26086637377739
527.940002441406;0.238364219665527;0.243149966001511;0.244299799203873
528.52001953125;0.2353695333004;0.233436703681946;0.250588029623032
528.969970703125;0.211867302656174;0.226581633090973;0.232825309038162
529.549987792969;0.213203310966492;0.237297743558884;0.23470601439476
530;0.208339393138886;0.210801213979721;0.228880733251572
530.440002441406;0.205960631370544;0.208135634660721;0.221421331167221
531.039978027344;0.201703578233719;0.225931733846664;0.221305072307587
531.489990234375;0.194541931152344;0.216929227113724;0.20593073964119
531.940002441406;0.219984203577042;0.201602458953857;0.213631749153137
532.530029296875;0.201901346445084;0.192459553480148;0.208402156829834
532.97998046875;0.194368094205856;0.205868273973465;0.21274808049202
533.429992675781;0.180785983800888;0.202199399471283;0.209083676338196
534.02001953125;0.197561830282211;0.19798544049263;0.193428099155426
534.469970703125;0.186470538377762;0.185064107179642;0.177093118429184
535.070007324219;0.199143260717392;0.187535911798477;0.189275741577148
535.52001953125;0.192661970853806;0.195222169160843;0.186898797750473
535.969970703125;0.184630483388901;0.187342524528503;0.210840880870819
536.559997558594;0.195873320102692;0.167078644037247;0.202779650688171
537.010009765625;0.185711681842804;0.192111134529114;0.20284104347229
537.460021972656;0.190438121557236;0.172612309455872;0.17450425028801
538.049987792969;0.181382924318314;0.1626917719841;0.176121026277542
538.5;0.187651067972183;0.184682071208954;0.198173612356186
538.950012207031;0.173947125673294;0.169547230005264;0.182853668928146
539.549987792969;0.166889935731888;0.184948682785034;0.182774215936661
540;0.167867004871368;0.170561701059341;0.166837871074677
540.440002441406;0.155142188072205;0.162905991077423;0.172851115465164
541.02001953125;0.155230641365051;0.167136311531067;0.149259924888611
541.469970703125;0.159233123064041;0.147537976503372;0.193044483661652
542.049987792969;0.152950346469879;0.158585220575333;0.155108988285065
542.5;0.177718728780746;0.161853581666946;0.171346604824066
542.940002441406;0.156586796045303;0.171029031276703;0.161152213811874
543.52001953125;0.161415576934814;0.154072999954224;0.175115704536438
543.969970703125;0.167460322380066;0.167190879583359;0.166883021593094
544.549987792969;0.145220398902893;0.164837956428528;0.165893316268921
545;0.146981298923492;0.177512884140015;0.142575800418854
545.440002441406;0.153310030698776;0.133713096380234;0.148642659187317
546.02001953125;0.14659520983696;0.147854387760162;0.167189568281174
546.469970703125;0.140599846839905;0.150589525699615;0.157826721668243
547.049987792969;0.14888921380043;0.144232839345932;0.147442698478699
547.5;0.153523653745651;0.138048648834229;0.144876629114151
547.940002441406;0.151478379964828;0.15660548210144;0.152488082647324
548.52001953125;0.13116917014122;0.133769422769547;0.148367196321487
548.969970703125;0.115796156227589;0.11910504847765;0.152406275272369
549.549987792969;0.13870957493782;0.13828706741333;0.125339865684509
550;0.144070535898209;0.128725498914719;0.153806686401367
550.440002441406;0.128463536500931;0.132018268108368;0.134697258472443
551.039978027344;0.141367733478546;0.121540777385235;0.141700923442841
551.489990234375;0.122798927128315;0.144013553857803;0.130710244178772
551.940002441406;0.126114904880524;0.134893178939819;0.126664787530899
552.530029296875;0.129108816385269;0.11876142770052;0.122824423015118
552.97998046875;0.138409674167633;0.125683486461639;0.113233238458633
553.429992675781;0.10788157582283;0.132861942052841;0.13666570186615
554.02001953125;0.110875010490417;0.118119038641453;0.123397387564182
554.469970703125;0.127906888723373;0.126270800828934;0.120867379009724
555.070007324219;0.117817722260952;0.122941084206104;0.120869867503643
555.52001953125;0.106909714639187;0.0962918102741241;0.132906347513199
555.969970703125;0.11528641730547;0.123190753161907;0.126712560653687
556.559997558594;0.112610764801502;0.123109512031078;0.12958836555481
557.010009765625;0.107586205005646;0.117045469582081;0.123201332986355
557.460021972656;0.110278315842152;0.118289954960346;0.112398318946362
558.049987792969;0.126482278108597;0.113600559532642;0.11433657258749
558.5;0.102893486618996;0.126486092805862;0.115259982645512
558.950012207031;0.0967894494533539;0.12751829624176;0.101872503757477
559.549987792969;0.09068663418293;0.102077782154083;0.111542597413063
560;0.113969050347805;0.108487114310265;0.10491905361414
