IDs:;model_00_087_uM
Concentration [uM]:;00.087
Time [s];Surface tension [mJ/m^2];Area [mm^2];Volume [mm^3]
0.0;72.0;Inf;Inf
1.0;72.0;Inf;Inf
2.0;72.0;Inf;Inf
3.0;72.0;Inf;Inf
4.0;72.0;Inf;Inf
5.0;72.0;Inf;Inf
6.0;72.0;Inf;Inf
7.0;72.0;Inf;Inf
8.0;72.0;Inf;Inf
9.0;72.0;Inf;Inf
10.0;72.0;Inf;Inf
11.0;72.0;Inf;Inf
12.0;72.0;Inf;Inf
13.0;72.0;Inf;Inf
14.0;72.0;Inf;Inf
15.0;72.0;Inf;Inf
16.0;72.0;Inf;Inf
17.0;72.0;Inf;Inf
18.0;72.0;Inf;Inf
19.0;72.0;Inf;Inf
20.0;72.0;Inf;Inf
21.0;72.0;Inf;Inf
22.0;72.0;Inf;Inf
23.0;72.0;Inf;Inf
24.0;72.0;Inf;Inf
25.0;72.0;Inf;Inf
26.0;72.0;Inf;Inf
27.0;72.0;Inf;Inf
28.0;72.0;Inf;Inf
29.0;72.0;Inf;Inf
30.0;72.0;Inf;Inf
31.0;72.0;Inf;Inf
32.0;72.0;Inf;Inf
33.0;72.0;Inf;Inf
34.0;72.0;Inf;Inf
35.0;72.0;Inf;Inf
36.0;72.0;Inf;Inf
37.0;72.0;Inf;Inf
38.0;72.0;Inf;Inf
39.0;72.0;Inf;Inf
40.0;72.0;Inf;Inf
41.0;72.0;Inf;Inf
42.0;72.0;Inf;Inf
43.0;72.0;Inf;Inf
44.0;72.0;Inf;Inf
45.0;72.0;Inf;Inf
46.0;72.0;Inf;Inf
47.0;72.0;Inf;Inf
48.0;72.0;Inf;Inf
49.0;72.0;Inf;Inf
50.0;72.0;Inf;Inf
51.0;72.0;Inf;Inf
52.0;72.0;Inf;Inf
53.0;72.0;Inf;Inf
54.0;72.0;Inf;Inf
55.0;72.0;Inf;Inf
56.0;72.0;Inf;Inf
57.0;72.0;Inf;Inf
58.0;72.0;Inf;Inf
59.0;72.0;Inf;Inf
60.0;72.0;Inf;Inf
61.0;72.0;Inf;Inf
62.0;72.0;Inf;Inf
63.0;72.0;Inf;Inf
64.0;72.0;Inf;Inf
65.0;72.0;Inf;Inf
66.0;72.0;Inf;Inf
67.0;72.0;Inf;Inf
68.0;72.0;Inf;Inf
69.0;72.0;Inf;Inf
70.0;72.0;Inf;Inf
71.0;72.0;Inf;Inf
72.0;72.0;Inf;Inf
73.0;72.0;Inf;Inf
74.0;72.0;Inf;Inf
75.0;72.0;Inf;Inf
76.0;72.0;Inf;Inf
77.0;72.0;Inf;Inf
78.0;72.0;Inf;Inf
79.0;72.0;Inf;Inf
80.0;72.0;Inf;Inf
81.0;72.0;Inf;Inf
82.0;72.0;Inf;Inf
83.0;72.0;Inf;Inf
84.0;72.0;Inf;Inf
85.0;72.0;Inf;Inf
86.0;72.0;Inf;Inf
87.0;72.0;Inf;Inf
88.0;72.0;Inf;Inf
89.0;72.0;Inf;Inf
90.0;72.0;Inf;Inf
91.0;72.0;Inf;Inf
92.0;72.0;Inf;Inf
93.0;72.0;Inf;Inf
94.0;72.0;Inf;Inf
95.0;72.0;Inf;Inf
96.0;72.0;Inf;Inf
97.0;72.0;Inf;Inf
98.0;72.0;Inf;Inf
99.0;72.0;Inf;Inf
100.0;72.0;Inf;Inf
101.0;72.0;Inf;Inf
102.0;72.0;Inf;Inf
103.0;72.0;Inf;Inf
104.0;72.0;Inf;Inf
105.0;72.0;Inf;Inf
106.0;72.0;Inf;Inf
107.0;72.0;Inf;Inf
108.0;72.0;Inf;Inf
109.0;72.0;Inf;Inf
110.0;72.0;Inf;Inf
111.0;72.0;Inf;Inf
112.0;72.0;Inf;Inf
113.0;72.0;Inf;Inf
114.0;72.0;Inf;Inf
115.0;72.0;Inf;Inf
116.0;72.0;Inf;Inf
117.0;72.0;Inf;Inf
118.0;72.0;Inf;Inf
119.0;72.0;Inf;Inf
120.0;72.0;Inf;Inf
121.0;72.0;Inf;Inf
122.0;72.0;Inf;Inf
123.0;72.0;Inf;Inf
124.0;72.0;Inf;Inf
125.0;72.0;Inf;Inf
126.0;72.0;Inf;Inf
127.0;72.0;Inf;Inf
128.0;72.0;Inf;Inf
129.0;72.0;Inf;Inf
130.0;72.0;Inf;Inf
131.0;72.0;Inf;Inf
132.0;72.0;Inf;Inf
133.0;72.0;Inf;Inf
134.0;72.0;Inf;Inf
135.0;72.0;Inf;Inf
136.0;72.0;Inf;Inf
137.0;72.0;Inf;Inf
138.0;72.0;Inf;Inf
139.0;72.0;Inf;Inf
140.0;72.0;Inf;Inf
141.0;72.0;Inf;Inf
142.0;72.0;Inf;Inf
143.0;72.0;Inf;Inf
144.0;72.0;Inf;Inf
145.0;72.0;Inf;Inf
146.0;72.0;Inf;Inf
147.0;72.0;Inf;Inf
148.0;72.0;Inf;Inf
149.0;72.0;Inf;Inf
150.0;72.0;Inf;Inf
151.0;72.0;Inf;Inf
152.0;72.0;Inf;Inf
153.0;72.0;Inf;Inf
154.0;72.0;Inf;Inf
155.0;72.0;Inf;Inf
156.0;72.0;Inf;Inf
157.0;72.0;Inf;Inf
158.0;72.0;Inf;Inf
159.0;72.0;Inf;Inf
160.0;72.0;Inf;Inf
161.0;72.0;Inf;Inf
162.0;72.0;Inf;Inf
163.0;72.0;Inf;Inf
164.0;72.0;Inf;Inf
165.0;72.0;Inf;Inf
166.0;72.0;Inf;Inf
167.0;72.0;Inf;Inf
168.0;72.0;Inf;Inf
169.0;72.0;Inf;Inf
170.0;72.0;Inf;Inf
171.0;72.0;Inf;Inf
172.0;72.0;Inf;Inf
173.0;72.0;Inf;Inf
174.0;72.0;Inf;Inf
175.0;72.0;Inf;Inf
176.0;72.0;Inf;Inf
177.0;72.0;Inf;Inf
178.0;72.0;Inf;Inf
179.0;72.0;Inf;Inf
180.0;72.0;Inf;Inf
181.0;72.0;Inf;Inf
182.0;72.0;Inf;Inf
183.0;72.0;Inf;Inf
184.0;72.0;Inf;Inf
185.0;72.0;Inf;Inf
186.0;72.0;Inf;Inf
187.0;72.0;Inf;Inf
188.0;72.0;Inf;Inf
189.0;72.0;Inf;Inf
190.0;72.0;Inf;Inf
191.0;72.0;Inf;Inf
192.0;72.0;Inf;Inf
193.0;72.0;Inf;Inf
194.0;72.0;Inf;Inf
195.0;72.0;Inf;Inf
196.0;72.0;Inf;Inf
197.0;72.0;Inf;Inf
198.0;72.0;Inf;Inf
199.0;72.0;Inf;Inf
200.0;72.0;Inf;Inf
201.0;72.0;Inf;Inf
202.0;72.0;Inf;Inf
203.0;72.0;Inf;Inf
204.0;72.0;Inf;Inf
205.0;72.0;Inf;Inf
206.0;72.0;Inf;Inf
207.0;72.0;Inf;Inf
208.0;72.0;Inf;Inf
209.0;72.0;Inf;Inf
210.0;72.0;Inf;Inf
211.0;72.0;Inf;Inf
212.0;72.0;Inf;Inf
213.0;72.0;Inf;Inf
214.0;72.0;Inf;Inf
215.0;72.0;Inf;Inf
216.0;72.0;Inf;Inf
217.0;72.0;Inf;Inf
218.0;72.0;Inf;Inf
219.0;72.0;Inf;Inf
220.0;72.0;Inf;Inf
221.0;72.0;Inf;Inf
222.0;72.0;Inf;Inf
223.0;72.0;Inf;Inf
224.0;72.0;Inf;Inf
225.0;72.0;Inf;Inf
226.0;72.0;Inf;Inf
227.0;72.0;Inf;Inf
228.0;72.0;Inf;Inf
229.0;72.0;Inf;Inf
230.0;72.0;Inf;Inf
231.0;72.0;Inf;Inf
232.0;72.0;Inf;Inf
233.0;72.0;Inf;Inf
234.0;72.0;Inf;Inf
235.0;72.0;Inf;Inf
236.0;72.0;Inf;Inf
237.0;72.0;Inf;Inf
238.0;72.0;Inf;Inf
239.0;72.0;Inf;Inf
240.0;72.0;Inf;Inf
241.0;72.0;Inf;Inf
242.0;72.0;Inf;Inf
243.0;72.0;Inf;Inf
244.0;72.0;Inf;Inf
245.0;72.0;Inf;Inf
246.0;72.0;Inf;Inf
247.0;72.0;Inf;Inf
248.0;72.0;Inf;Inf
249.0;72.0;Inf;Inf
250.0;72.0;Inf;Inf
251.0;72.0;Inf;Inf
252.0;72.0;Inf;Inf
253.0;72.0;Inf;Inf
254.0;72.0;Inf;Inf
255.0;72.0;Inf;Inf
256.0;72.0;Inf;Inf
257.0;72.0;Inf;Inf
258.0;72.0;Inf;Inf
259.0;72.0;Inf;Inf
260.0;72.0;Inf;Inf
261.0;72.0;Inf;Inf
262.0;72.0;Inf;Inf
263.0;72.0;Inf;Inf
264.0;72.0;Inf;Inf
265.0;72.0;Inf;Inf
266.0;72.0;Inf;Inf
267.0;72.0;Inf;Inf
268.0;72.0;Inf;Inf
269.0;72.0;Inf;Inf
270.0;72.0;Inf;Inf
271.0;72.0;Inf;Inf
272.0;72.0;Inf;Inf
273.0;72.0;Inf;Inf
274.0;72.0;Inf;Inf
275.0;72.0;Inf;Inf
276.0;72.0;Inf;Inf
277.0;72.0;Inf;Inf
278.0;72.0;Inf;Inf
279.0;72.0;Inf;Inf
280.0;72.0;Inf;Inf
281.0;72.0;Inf;Inf
282.0;72.0;Inf;Inf
283.0;72.0;Inf;Inf
284.0;72.0;Inf;Inf
285.0;72.0;Inf;Inf
286.0;72.0;Inf;Inf
287.0;72.0;Inf;Inf
288.0;72.0;Inf;Inf
289.0;72.0;Inf;Inf
290.0;72.0;Inf;Inf
291.0;72.0;Inf;Inf
292.0;72.0;Inf;Inf
293.0;72.0;Inf;Inf
294.0;72.0;Inf;Inf
295.0;72.0;Inf;Inf
296.0;72.0;Inf;Inf
297.0;72.0;Inf;Inf
298.0;72.0;Inf;Inf
299.0;72.0;Inf;Inf
300.0;72.0;Inf;Inf
301.0;72.0;Inf;Inf
302.0;72.0;Inf;Inf
303.0;72.0;Inf;Inf
304.0;72.0;Inf;Inf
305.0;72.0;Inf;Inf
306.0;72.0;Inf;Inf
307.0;72.0;Inf;Inf
308.0;72.0;Inf;Inf
309.0;72.0;Inf;Inf
310.0;72.0;Inf;Inf
311.0;72.0;Inf;Inf
312.0;72.0;Inf;Inf
313.0;72.0;Inf;Inf
314.0;72.0;Inf;Inf
315.0;72.0;Inf;Inf
316.0;72.0;Inf;Inf
317.0;72.0;Inf;Inf
318.0;72.0;Inf;Inf
319.0;72.0;Inf;Inf
320.0;72.0;Inf;Inf
321.0;72.0;Inf;Inf
322.0;72.0;Inf;Inf
323.0;72.0;Inf;Inf
324.0;72.0;Inf;Inf
325.0;72.0;Inf;Inf
326.0;72.0;Inf;Inf
327.0;72.0;Inf;Inf
328.0;72.0;Inf;Inf
329.0;72.0;Inf;Inf
330.0;72.0;Inf;Inf
331.0;72.0;Inf;Inf
332.0;72.0;Inf;Inf
333.0;72.0;Inf;Inf
334.0;72.0;Inf;Inf
335.0;72.0;Inf;Inf
336.0;72.0;Inf;Inf
337.0;72.0;Inf;Inf
338.0;72.0;Inf;Inf
339.0;72.0;Inf;Inf
340.0;72.0;Inf;Inf
341.0;72.0;Inf;Inf
342.0;72.0;Inf;Inf
343.0;72.0;Inf;Inf
344.0;72.0;Inf;Inf
345.0;72.0;Inf;Inf
346.0;72.0;Inf;Inf
347.0;72.0;Inf;Inf
348.0;72.0;Inf;Inf
349.0;72.0;Inf;Inf
350.0;72.0;Inf;Inf
351.0;72.0;Inf;Inf
352.0;72.0;Inf;Inf
353.0;72.0;Inf;Inf
354.0;72.0;Inf;Inf
355.0;72.0;Inf;Inf
356.0;72.0;Inf;Inf
357.0;72.0;Inf;Inf
358.0;72.0;Inf;Inf
359.0;72.0;Inf;Inf
360.0;72.0;Inf;Inf
361.0;72.0;Inf;Inf
362.0;72.0;Inf;Inf
363.0;72.0;Inf;Inf
364.0;72.0;Inf;Inf
365.0;72.0;Inf;Inf
366.0;72.0;Inf;Inf
367.0;72.0;Inf;Inf
368.0;72.0;Inf;Inf
369.0;72.0;Inf;Inf
370.0;72.0;Inf;Inf
371.0;72.0;Inf;Inf
372.0;72.0;Inf;Inf
373.0;72.0;Inf;Inf
374.0;72.0;Inf;Inf
375.0;72.0;Inf;Inf
376.0;72.0;Inf;Inf
377.0;72.0;Inf;Inf
378.0;72.0;Inf;Inf
379.0;72.0;Inf;Inf
380.0;72.0;Inf;Inf
381.0;72.0;Inf;Inf
382.0;72.0;Inf;Inf
383.0;72.0;Inf;Inf
384.0;72.0;Inf;Inf
385.0;72.0;Inf;Inf
386.0;72.0;Inf;Inf
387.0;72.0;Inf;Inf
388.0;72.0;Inf;Inf
389.0;72.0;Inf;Inf
390.0;72.0;Inf;Inf
391.0;72.0;Inf;Inf
392.0;72.0;Inf;Inf
393.0;72.0;Inf;Inf
394.0;72.0;Inf;Inf
395.0;72.0;Inf;Inf
396.0;72.0;Inf;Inf
397.0;72.0;Inf;Inf
398.0;72.0;Inf;Inf
399.0;72.0;Inf;Inf
400.0;72.0;Inf;Inf
401.0;72.0;Inf;Inf
402.0;72.0;Inf;Inf
403.0;72.0;Inf;Inf
404.0;72.0;Inf;Inf
405.0;72.0;Inf;Inf
406.0;72.0;Inf;Inf
407.0;72.0;Inf;Inf
408.0;72.0;Inf;Inf
409.0;72.0;Inf;Inf
410.0;72.0;Inf;Inf
411.0;72.0;Inf;Inf
412.0;72.0;Inf;Inf
413.0;72.0;Inf;Inf
414.0;72.0;Inf;Inf
415.0;72.0;Inf;Inf
416.0;72.0;Inf;Inf
417.0;72.0;Inf;Inf
418.0;72.0;Inf;Inf
419.0;72.0;Inf;Inf
420.0;72.0;Inf;Inf
421.0;72.0;Inf;Inf
422.0;72.0;Inf;Inf
423.0;72.0;Inf;Inf
424.0;72.0;Inf;Inf
425.0;72.0;Inf;Inf
426.0;72.0;Inf;Inf
427.0;72.0;Inf;Inf
428.0;72.0;Inf;Inf
429.0;72.0;Inf;Inf
430.0;72.0;Inf;Inf
431.0;72.0;Inf;Inf
432.0;72.0;Inf;Inf
433.0;72.0;Inf;Inf
434.0;72.0;Inf;Inf
435.0;72.0;Inf;Inf
436.0;72.0;Inf;Inf
437.0;72.0;Inf;Inf
438.0;72.0;Inf;Inf
439.0;72.0;Inf;Inf
440.0;72.0;Inf;Inf
441.0;72.0;Inf;Inf
442.0;72.0;Inf;Inf
443.0;72.0;Inf;Inf
444.0;72.0;Inf;Inf
445.0;72.0;Inf;Inf
446.0;72.0;Inf;Inf
447.0;72.0;Inf;Inf
448.0;72.0;Inf;Inf
449.0;72.0;Inf;Inf
450.0;72.0;Inf;Inf
451.0;72.0;Inf;Inf
452.0;72.0;Inf;Inf
453.0;72.0;Inf;Inf
454.0;72.0;Inf;Inf
455.0;72.0;Inf;Inf
456.0;72.0;Inf;Inf
457.0;72.0;Inf;Inf
458.0;72.0;Inf;Inf
459.0;72.0;Inf;Inf
460.0;72.0;Inf;Inf
461.0;72.0;Inf;Inf
462.0;72.0;Inf;Inf
463.0;72.0;Inf;Inf
464.0;72.0;Inf;Inf
465.0;72.0;Inf;Inf
466.0;72.0;Inf;Inf
467.0;72.0;Inf;Inf
468.0;72.0;Inf;Inf
469.0;72.0;Inf;Inf
470.0;72.0;Inf;Inf
471.0;72.0;Inf;Inf
472.0;72.0;Inf;Inf
473.0;72.0;Inf;Inf
474.0;72.0;Inf;Inf
475.0;72.0;Inf;Inf
476.0;72.0;Inf;Inf
477.0;72.0;Inf;Inf
478.0;72.0;Inf;Inf
479.0;72.0;Inf;Inf
480.0;72.0;Inf;Inf
481.0;72.0;Inf;Inf
482.0;72.0;Inf;Inf
483.0;72.0;Inf;Inf
484.0;72.0;Inf;Inf
485.0;72.0;Inf;Inf
486.0;72.0;Inf;Inf
487.0;72.0;Inf;Inf
488.0;72.0;Inf;Inf
489.0;72.0;Inf;Inf
490.0;72.0;Inf;Inf
491.0;72.0;Inf;Inf
492.0;72.0;Inf;Inf
493.0;72.0;Inf;Inf
494.0;72.0;Inf;Inf
495.0;72.0;Inf;Inf
496.0;72.0;Inf;Inf
497.0;72.0;Inf;Inf
498.0;72.0;Inf;Inf
499.0;72.0;Inf;Inf
500.0;72.0;Inf;Inf
501.0;72.0;Inf;Inf
502.0;72.0;Inf;Inf
503.0;72.0;Inf;Inf
504.0;72.0;Inf;Inf
505.0;72.0;Inf;Inf
506.0;72.0;Inf;Inf
507.0;72.0;Inf;Inf
508.0;72.0;Inf;Inf
509.0;72.0;Inf;Inf
510.0;72.0;Inf;Inf
511.0;72.0;Inf;Inf
512.0;72.0;Inf;Inf
513.0;72.0;Inf;Inf
514.0;72.0;Inf;Inf
515.0;72.0;Inf;Inf
516.0;72.0;Inf;Inf
517.0;72.0;Inf;Inf
518.0;72.0;Inf;Inf
519.0;72.0;Inf;Inf
520.0;72.0;Inf;Inf
521.0;72.0;Inf;Inf
522.0;72.0;Inf;Inf
523.0;72.0;Inf;Inf
524.0;72.0;Inf;Inf
525.0;72.0;Inf;Inf
526.0;72.0;Inf;Inf
527.0;72.0;Inf;Inf
528.0;72.0;Inf;Inf
529.0;72.0;Inf;Inf
530.0;72.0;Inf;Inf
531.0;72.0;Inf;Inf
532.0;72.0;Inf;Inf
533.0;72.0;Inf;Inf
534.0;72.0;Inf;Inf
535.0;72.0;Inf;Inf
536.0;72.0;Inf;Inf
537.0;72.0;Inf;Inf
538.0;72.0;Inf;Inf
539.0;72.0;Inf;Inf
540.0;72.0;Inf;Inf
541.0;72.0;Inf;Inf
542.0;72.0;Inf;Inf
543.0;72.0;Inf;Inf
544.0;72.0;Inf;Inf
545.0;72.0;Inf;Inf
546.0;72.0;Inf;Inf
547.0;72.0;Inf;Inf
548.0;72.0;Inf;Inf
549.0;72.0;Inf;Inf
550.0;72.0;Inf;Inf
551.0;72.0;Inf;Inf
552.0;72.0;Inf;Inf
553.0;72.0;Inf;Inf
554.0;72.0;Inf;Inf
555.0;72.0;Inf;Inf
556.0;72.0;Inf;Inf
557.0;72.0;Inf;Inf
558.0;72.0;Inf;Inf
559.0;72.0;Inf;Inf
560.0;72.0;Inf;Inf
561.0;72.0;Inf;Inf
562.0;72.0;Inf;Inf
563.0;72.0;Inf;Inf
564.0;72.0;Inf;Inf
565.0;72.0;Inf;Inf
566.0;72.0;Inf;Inf
567.0;72.0;Inf;Inf
568.0;72.0;Inf;Inf
569.0;72.0;Inf;Inf
570.0;72.0;Inf;Inf
571.0;72.0;Inf;Inf
572.0;72.0;Inf;Inf
573.0;72.0;Inf;Inf
574.0;72.0;Inf;Inf
575.0;72.0;Inf;Inf
576.0;72.0;Inf;Inf
577.0;72.0;Inf;Inf
578.0;72.0;Inf;Inf
579.0;72.0;Inf;Inf
580.0;72.0;Inf;Inf
581.0;72.0;Inf;Inf
582.0;72.0;Inf;Inf
583.0;72.0;Inf;Inf
584.0;72.0;Inf;Inf
585.0;72.0;Inf;Inf
586.0;72.0;Inf;Inf
587.0;72.0;Inf;Inf
588.0;72.0;Inf;Inf
589.0;72.0;Inf;Inf
590.0;72.0;Inf;Inf
591.0;72.0;Inf;Inf
592.0;72.0;Inf;Inf
593.0;72.0;Inf;Inf
594.0;72.0;Inf;Inf
595.0;72.0;Inf;Inf
596.0;72.0;Inf;Inf
597.0;72.0;Inf;Inf
598.0;72.0;Inf;Inf
599.0;72.0;Inf;Inf
600.0;72.0;Inf;Inf
601.0;72.0;Inf;Inf
602.0;72.0;Inf;Inf
603.0;72.0;Inf;Inf
604.0;72.0;Inf;Inf
605.0;72.0;Inf;Inf
606.0;72.0;Inf;Inf
607.0;72.0;Inf;Inf
608.0;72.0;Inf;Inf
609.0;72.0;Inf;Inf
610.0;72.0;Inf;Inf
611.0;72.0;Inf;Inf
612.0;72.0;Inf;Inf
613.0;72.0;Inf;Inf
614.0;72.0;Inf;Inf
615.0;72.0;Inf;Inf
616.0;72.0;Inf;Inf
617.0;72.0;Inf;Inf
618.0;72.0;Inf;Inf
619.0;72.0;Inf;Inf
620.0;72.0;Inf;Inf
621.0;72.0;Inf;Inf
622.0;72.0;Inf;Inf
623.0;72.0;Inf;Inf
624.0;72.0;Inf;Inf
625.0;72.0;Inf;Inf
626.0;72.0;Inf;Inf
627.0;72.0;Inf;Inf
628.0;72.0;Inf;Inf
629.0;72.0;Inf;Inf
630.0;72.0;Inf;Inf
631.0;72.0;Inf;Inf
632.0;72.0;Inf;Inf
633.0;72.0;Inf;Inf
634.0;72.0;Inf;Inf
635.0;72.0;Inf;Inf
636.0;72.0;Inf;Inf
637.0;72.0;Inf;Inf
638.0;72.0;Inf;Inf
639.0;72.0;Inf;Inf
640.0;72.0;Inf;Inf
641.0;72.0;Inf;Inf
642.0;72.0;Inf;Inf
643.0;72.0;Inf;Inf
644.0;72.0;Inf;Inf
645.0;72.0;Inf;Inf
646.0;72.0;Inf;Inf
647.0;72.0;Inf;Inf
648.0;72.0;Inf;Inf
649.0;72.0;Inf;Inf
650.0;72.0;Inf;Inf
651.0;72.0;Inf;Inf
652.0;72.0;Inf;Inf
653.0;72.0;Inf;Inf
654.0;72.0;Inf;Inf
655.0;72.0;Inf;Inf
656.0;72.0;Inf;Inf
657.0;72.0;Inf;Inf
658.0;72.0;Inf;Inf
659.0;72.0;Inf;Inf
660.0;72.0;Inf;Inf
661.0;72.0;Inf;Inf
662.0;72.0;Inf;Inf
663.0;72.0;Inf;Inf
664.0;72.0;Inf;Inf
665.0;72.0;Inf;Inf
666.0;72.0;Inf;Inf
667.0;72.0;Inf;Inf
668.0;72.0;Inf;Inf
669.0;72.0;Inf;Inf
670.0;72.0;Inf;Inf
671.0;72.0;Inf;Inf
672.0;72.0;Inf;Inf
673.0;72.0;Inf;Inf
674.0;72.0;Inf;Inf
675.0;72.0;Inf;Inf
676.0;72.0;Inf;Inf
677.0;72.0;Inf;Inf
678.0;72.0;Inf;Inf
679.0;72.0;Inf;Inf
680.0;72.0;Inf;Inf
681.0;72.0;Inf;Inf
682.0;72.0;Inf;Inf
683.0;72.0;Inf;Inf
684.0;72.0;Inf;Inf
685.0;72.0;Inf;Inf
686.0;72.0;Inf;Inf
687.0;72.0;Inf;Inf
688.0;72.0;Inf;Inf
689.0;72.0;Inf;Inf
690.0;72.0;Inf;Inf
691.0;72.0;Inf;Inf
692.0;72.0;Inf;Inf
693.0;72.0;Inf;Inf
694.0;72.0;Inf;Inf
695.0;72.0;Inf;Inf
696.0;72.0;Inf;Inf
697.0;72.0;Inf;Inf
698.0;72.0;Inf;Inf
699.0;72.0;Inf;Inf
700.0;72.0;Inf;Inf
701.0;72.0;Inf;Inf
702.0;72.0;Inf;Inf
703.0;72.0;Inf;Inf
704.0;72.0;Inf;Inf
705.0;72.0;Inf;Inf
706.0;72.0;Inf;Inf
707.0;72.0;Inf;Inf
708.0;72.0;Inf;Inf
709.0;72.0;Inf;Inf
710.0;72.0;Inf;Inf
711.0;72.0;Inf;Inf
712.0;72.0;Inf;Inf
713.0;72.0;Inf;Inf
714.0;72.0;Inf;Inf
715.0;72.0;Inf;Inf
716.0;72.0;Inf;Inf
717.0;72.0;Inf;Inf
718.0;72.0;Inf;Inf
719.0;72.0;Inf;Inf
720.0;72.0;Inf;Inf
721.0;72.0;Inf;Inf
722.0;72.0;Inf;Inf
723.0;72.0;Inf;Inf
724.0;72.0;Inf;Inf
725.0;72.0;Inf;Inf
726.0;72.0;Inf;Inf
727.0;72.0;Inf;Inf
728.0;72.0;Inf;Inf
729.0;72.0;Inf;Inf
730.0;72.0;Inf;Inf
731.0;72.0;Inf;Inf
732.0;72.0;Inf;Inf
733.0;72.0;Inf;Inf
734.0;72.0;Inf;Inf
735.0;72.0;Inf;Inf
736.0;72.0;Inf;Inf
737.0;72.0;Inf;Inf
738.0;72.0;Inf;Inf
739.0;72.0;Inf;Inf
740.0;72.0;Inf;Inf
741.0;72.0;Inf;Inf
742.0;72.0;Inf;Inf
743.0;72.0;Inf;Inf
744.0;72.0;Inf;Inf
745.0;72.0;Inf;Inf
746.0;72.0;Inf;Inf
747.0;72.0;Inf;Inf
748.0;72.0;Inf;Inf
749.0;72.0;Inf;Inf
750.0;72.0;Inf;Inf
751.0;72.0;Inf;Inf
752.0;72.0;Inf;Inf
753.0;72.0;Inf;Inf
754.0;72.0;Inf;Inf
755.0;72.0;Inf;Inf
756.0;72.0;Inf;Inf
757.0;72.0;Inf;Inf
758.0;72.0;Inf;Inf
759.0;72.0;Inf;Inf
760.0;72.0;Inf;Inf
761.0;72.0;Inf;Inf
762.0;72.0;Inf;Inf
763.0;72.0;Inf;Inf
764.0;72.0;Inf;Inf
765.0;72.0;Inf;Inf
766.0;72.0;Inf;Inf
767.0;72.0;Inf;Inf
768.0;72.0;Inf;Inf
769.0;72.0;Inf;Inf
770.0;72.0;Inf;Inf
771.0;72.0;Inf;Inf
772.0;72.0;Inf;Inf
773.0;72.0;Inf;Inf
774.0;72.0;Inf;Inf
775.0;72.0;Inf;Inf
776.0;72.0;Inf;Inf
777.0;72.0;Inf;Inf
778.0;72.0;Inf;Inf
779.0;72.0;Inf;Inf
780.0;72.0;Inf;Inf
781.0;72.0;Inf;Inf
782.0;72.0;Inf;Inf
783.0;72.0;Inf;Inf
784.0;72.0;Inf;Inf
785.0;72.0;Inf;Inf
786.0;72.0;Inf;Inf
787.0;72.0;Inf;Inf
788.0;72.0;Inf;Inf
789.0;72.0;Inf;Inf
790.0;72.0;Inf;Inf
791.0;72.0;Inf;Inf
792.0;72.0;Inf;Inf
793.0;72.0;Inf;Inf
794.0;72.0;Inf;Inf
795.0;72.0;Inf;Inf
796.0;72.0;Inf;Inf
797.0;72.0;Inf;Inf
798.0;72.0;Inf;Inf
799.0;72.0;Inf;Inf
800.0;72.0;Inf;Inf
801.0;72.0;Inf;Inf
802.0;72.0;Inf;Inf
803.0;72.0;Inf;Inf
804.0;72.0;Inf;Inf
805.0;72.0;Inf;Inf
806.0;72.0;Inf;Inf
807.0;72.0;Inf;Inf
808.0;72.0;Inf;Inf
809.0;72.0;Inf;Inf
810.0;72.0;Inf;Inf
811.0;72.0;Inf;Inf
812.0;72.0;Inf;Inf
813.0;72.0;Inf;Inf
814.0;72.0;Inf;Inf
815.0;72.0;Inf;Inf
816.0;72.0;Inf;Inf
817.0;72.0;Inf;Inf
818.0;72.0;Inf;Inf
819.0;72.0;Inf;Inf
820.0;72.0;Inf;Inf
821.0;72.0;Inf;Inf
822.0;72.0;Inf;Inf
823.0;72.0;Inf;Inf
824.0;72.0;Inf;Inf
825.0;72.0;Inf;Inf
826.0;72.0;Inf;Inf
827.0;72.0;Inf;Inf
828.0;72.0;Inf;Inf
829.0;72.0;Inf;Inf
830.0;72.0;Inf;Inf
831.0;72.0;Inf;Inf
832.0;72.0;Inf;Inf
833.0;72.0;Inf;Inf
834.0;72.0;Inf;Inf
835.0;72.0;Inf;Inf
836.0;72.0;Inf;Inf
837.0;72.0;Inf;Inf
838.0;72.0;Inf;Inf
839.0;72.0;Inf;Inf
840.0;72.0;Inf;Inf
841.0;72.0;Inf;Inf
842.0;72.0;Inf;Inf
843.0;72.0;Inf;Inf
844.0;72.0;Inf;Inf
845.0;72.0;Inf;Inf
846.0;72.0;Inf;Inf
847.0;72.0;Inf;Inf
848.0;72.0;Inf;Inf
849.0;72.0;Inf;Inf
850.0;72.0;Inf;Inf
851.0;72.0;Inf;Inf
852.0;72.0;Inf;Inf
853.0;72.0;Inf;Inf
854.0;72.0;Inf;Inf
855.0;72.0;Inf;Inf
856.0;72.0;Inf;Inf
857.0;72.0;Inf;Inf
858.0;72.0;Inf;Inf
859.0;72.0;Inf;Inf
860.0;72.0;Inf;Inf
861.0;72.0;Inf;Inf
862.0;72.0;Inf;Inf
863.0;72.0;Inf;Inf
864.0;72.0;Inf;Inf
865.0;72.0;Inf;Inf
866.0;72.0;Inf;Inf
867.0;72.0;Inf;Inf
868.0;72.0;Inf;Inf
869.0;72.0;Inf;Inf
870.0;72.0;Inf;Inf
871.0;72.0;Inf;Inf
872.0;72.0;Inf;Inf
873.0;72.0;Inf;Inf
874.0;72.0;Inf;Inf
875.0;72.0;Inf;Inf
876.0;72.0;Inf;Inf
877.0;72.0;Inf;Inf
878.0;72.0;Inf;Inf
879.0;72.0;Inf;Inf
880.0;72.0;Inf;Inf
881.0;72.0;Inf;Inf
882.0;72.0;Inf;Inf
883.0;72.0;Inf;Inf
884.0;72.0;Inf;Inf
885.0;72.0;Inf;Inf
886.0;72.0;Inf;Inf
887.0;72.0;Inf;Inf
888.0;72.0;Inf;Inf
889.0;72.0;Inf;Inf
890.0;72.0;Inf;Inf
891.0;72.0;Inf;Inf
892.0;72.0;Inf;Inf
893.0;72.0;Inf;Inf
894.0;72.0;Inf;Inf
895.0;72.0;Inf;Inf
896.0;72.0;Inf;Inf
897.0;72.0;Inf;Inf
898.0;72.0;Inf;Inf
899.0;72.0;Inf;Inf
900.0;72.0;Inf;Inf
901.0;72.0;Inf;Inf
902.0;72.0;Inf;Inf
903.0;72.0;Inf;Inf
904.0;72.0;Inf;Inf
905.0;72.0;Inf;Inf
906.0;72.0;Inf;Inf
907.0;72.0;Inf;Inf
908.0;72.0;Inf;Inf
909.0;72.0;Inf;Inf
910.0;72.0;Inf;Inf
911.0;72.0;Inf;Inf
912.0;72.0;Inf;Inf
913.0;72.0;Inf;Inf
914.0;72.0;Inf;Inf
915.0;72.0;Inf;Inf
916.0;72.0;Inf;Inf
917.0;72.0;Inf;Inf
918.0;72.0;Inf;Inf
919.0;72.0;Inf;Inf
920.0;72.0;Inf;Inf
921.0;72.0;Inf;Inf
922.0;72.0;Inf;Inf
923.0;72.0;Inf;Inf
924.0;72.0;Inf;Inf
925.0;72.0;Inf;Inf
926.0;72.0;Inf;Inf
927.0;72.0;Inf;Inf
928.0;72.0;Inf;Inf
929.0;72.0;Inf;Inf
930.0;72.0;Inf;Inf
931.0;72.0;Inf;Inf
932.0;72.0;Inf;Inf
933.0;72.0;Inf;Inf
934.0;72.0;Inf;Inf
935.0;72.0;Inf;Inf
936.0;72.0;Inf;Inf
937.0;72.0;Inf;Inf
938.0;72.0;Inf;Inf
939.0;72.0;Inf;Inf
940.0;72.0;Inf;Inf
941.0;72.0;Inf;Inf
942.0;72.0;Inf;Inf
943.0;72.0;Inf;Inf
944.0;72.0;Inf;Inf
945.0;72.0;Inf;Inf
946.0;72.0;Inf;Inf
947.0;72.0;Inf;Inf
948.0;72.0;Inf;Inf
949.0;72.0;Inf;Inf
950.0;72.0;Inf;Inf
951.0;72.0;Inf;Inf
952.0;72.0;Inf;Inf
953.0;72.0;Inf;Inf
954.0;72.0;Inf;Inf
955.0;72.0;Inf;Inf
956.0;72.0;Inf;Inf
957.0;72.0;Inf;Inf
958.0;72.0;Inf;Inf
959.0;72.0;Inf;Inf
960.0;72.0;Inf;Inf
961.0;72.0;Inf;Inf
962.0;72.0;Inf;Inf
963.0;72.0;Inf;Inf
964.0;72.0;Inf;Inf
965.0;72.0;Inf;Inf
966.0;72.0;Inf;Inf
967.0;72.0;Inf;Inf
968.0;72.0;Inf;Inf
969.0;72.0;Inf;Inf
970.0;72.0;Inf;Inf
971.0;72.0;Inf;Inf
972.0;72.0;Inf;Inf
973.0;72.0;Inf;Inf
974.0;72.0;Inf;Inf
975.0;72.0;Inf;Inf
976.0;72.0;Inf;Inf
977.0;72.0;Inf;Inf
978.0;72.0;Inf;Inf
979.0;72.0;Inf;Inf
980.0;72.0;Inf;Inf
981.0;72.0;Inf;Inf
982.0;72.0;Inf;Inf
983.0;72.0;Inf;Inf
984.0;72.0;Inf;Inf
985.0;72.0;Inf;Inf
986.0;72.0;Inf;Inf
987.0;72.0;Inf;Inf
988.0;72.0;Inf;Inf
989.0;72.0;Inf;Inf
990.0;72.0;Inf;Inf
991.0;72.0;Inf;Inf
992.0;72.0;Inf;Inf
993.0;72.0;Inf;Inf
994.0;72.0;Inf;Inf
995.0;72.0;Inf;Inf
996.0;72.0;Inf;Inf
997.0;72.0;Inf;Inf
998.0;72.0;Inf;Inf
999.0;72.0;Inf;Inf
1000.0;72.0;Inf;Inf
1001.0;72.0;Inf;Inf
1002.0;72.0;Inf;Inf
1003.0;72.0;Inf;Inf
1004.0;72.0;Inf;Inf
1005.0;72.0;Inf;Inf
1006.0;72.0;Inf;Inf
1007.0;72.0;Inf;Inf
1008.0;72.0;Inf;Inf
1009.0;72.0;Inf;Inf
1010.0;72.0;Inf;Inf
1011.0;72.0;Inf;Inf
1012.0;72.0;Inf;Inf
1013.0;72.0;Inf;Inf
1014.0;72.0;Inf;Inf
1015.0;72.0;Inf;Inf
1016.0;72.0;Inf;Inf
1017.0;72.0;Inf;Inf
1018.0;72.0;Inf;Inf
1019.0;72.0;Inf;Inf
1020.0;72.0;Inf;Inf
1021.0;72.0;Inf;Inf
1022.0;72.0;Inf;Inf
1023.0;72.0;Inf;Inf
1024.0;72.0;Inf;Inf
1025.0;72.0;Inf;Inf
1026.0;72.0;Inf;Inf
1027.0;72.0;Inf;Inf
1028.0;72.0;Inf;Inf
1029.0;72.0;Inf;Inf
1030.0;72.0;Inf;Inf
1031.0;72.0;Inf;Inf
1032.0;72.0;Inf;Inf
1033.0;72.0;Inf;Inf
1034.0;72.0;Inf;Inf
1035.0;72.0;Inf;Inf
1036.0;72.0;Inf;Inf
1037.0;72.0;Inf;Inf
1038.0;72.0;Inf;Inf
1039.0;72.0;Inf;Inf
1040.0;72.0;Inf;Inf
1041.0;72.0;Inf;Inf
1042.0;72.0;Inf;Inf
1043.0;72.0;Inf;Inf
1044.0;72.0;Inf;Inf
1045.0;72.0;Inf;Inf
1046.0;72.0;Inf;Inf
1047.0;72.0;Inf;Inf
1048.0;72.0;Inf;Inf
1049.0;72.0;Inf;Inf
1050.0;72.0;Inf;Inf
1051.0;72.0;Inf;Inf
1052.0;72.0;Inf;Inf
1053.0;72.0;Inf;Inf
1054.0;72.0;Inf;Inf
1055.0;72.0;Inf;Inf
1056.0;72.0;Inf;Inf
1057.0;72.0;Inf;Inf
1058.0;72.0;Inf;Inf
1059.0;72.0;Inf;Inf
1060.0;72.0;Inf;Inf
1061.0;72.0;Inf;Inf
1062.0;72.0;Inf;Inf
1063.0;72.0;Inf;Inf
1064.0;72.0;Inf;Inf
1065.0;72.0;Inf;Inf
1066.0;72.0;Inf;Inf
1067.0;72.0;Inf;Inf
1068.0;72.0;Inf;Inf
1069.0;72.0;Inf;Inf
1070.0;72.0;Inf;Inf
1071.0;72.0;Inf;Inf
1072.0;72.0;Inf;Inf
1073.0;72.0;Inf;Inf
1074.0;72.0;Inf;Inf
1075.0;72.0;Inf;Inf
1076.0;72.0;Inf;Inf
1077.0;72.0;Inf;Inf
1078.0;72.0;Inf;Inf
1079.0;72.0;Inf;Inf
1080.0;72.0;Inf;Inf
1081.0;72.0;Inf;Inf
1082.0;72.0;Inf;Inf
1083.0;72.0;Inf;Inf
1084.0;72.0;Inf;Inf
1085.0;72.0;Inf;Inf
1086.0;72.0;Inf;Inf
1087.0;72.0;Inf;Inf
1088.0;72.0;Inf;Inf
1089.0;72.0;Inf;Inf
1090.0;72.0;Inf;Inf
1091.0;72.0;Inf;Inf
1092.0;72.0;Inf;Inf
1093.0;72.0;Inf;Inf
1094.0;72.0;Inf;Inf
1095.0;72.0;Inf;Inf
1096.0;72.0;Inf;Inf
1097.0;72.0;Inf;Inf
1098.0;72.0;Inf;Inf
1099.0;72.0;Inf;Inf
1100.0;72.0;Inf;Inf
1101.0;72.0;Inf;Inf
1102.0;72.0;Inf;Inf
1103.0;72.0;Inf;Inf
1104.0;72.0;Inf;Inf
1105.0;72.0;Inf;Inf
1106.0;72.0;Inf;Inf
1107.0;72.0;Inf;Inf
1108.0;72.0;Inf;Inf
1109.0;72.0;Inf;Inf
1110.0;72.0;Inf;Inf
1111.0;72.0;Inf;Inf
1112.0;72.0;Inf;Inf
1113.0;72.0;Inf;Inf
1114.0;72.0;Inf;Inf
1115.0;72.0;Inf;Inf
1116.0;72.0;Inf;Inf
1117.0;72.0;Inf;Inf
1118.0;72.0;Inf;Inf
1119.0;72.0;Inf;Inf
1120.0;72.0;Inf;Inf
1121.0;72.0;Inf;Inf
1122.0;72.0;Inf;Inf
1123.0;72.0;Inf;Inf
1124.0;72.0;Inf;Inf
1125.0;72.0;Inf;Inf
1126.0;72.0;Inf;Inf
1127.0;72.0;Inf;Inf
1128.0;72.0;Inf;Inf
1129.0;72.0;Inf;Inf
1130.0;72.0;Inf;Inf
1131.0;72.0;Inf;Inf
1132.0;72.0;Inf;Inf
1133.0;72.0;Inf;Inf
1134.0;72.0;Inf;Inf
1135.0;72.0;Inf;Inf
1136.0;72.0;Inf;Inf
1137.0;72.0;Inf;Inf
1138.0;72.0;Inf;Inf
1139.0;72.0;Inf;Inf
1140.0;72.0;Inf;Inf
1141.0;72.0;Inf;Inf
1142.0;72.0;Inf;Inf
1143.0;72.0;Inf;Inf
1144.0;72.0;Inf;Inf
1145.0;72.0;Inf;Inf
1146.0;72.0;Inf;Inf
1147.0;72.0;Inf;Inf
1148.0;72.0;Inf;Inf
1149.0;72.0;Inf;Inf
1150.0;72.0;Inf;Inf
1151.0;72.0;Inf;Inf
1152.0;72.0;Inf;Inf
1153.0;72.0;Inf;Inf
1154.0;72.0;Inf;Inf
1155.0;72.0;Inf;Inf
1156.0;72.0;Inf;Inf
1157.0;72.0;Inf;Inf
1158.0;72.0;Inf;Inf
1159.0;72.0;Inf;Inf
1160.0;72.0;Inf;Inf
1161.0;72.0;Inf;Inf
1162.0;72.0;Inf;Inf
1163.0;72.0;Inf;Inf
1164.0;72.0;Inf;Inf
1165.0;72.0;Inf;Inf
1166.0;72.0;Inf;Inf
1167.0;72.0;Inf;Inf
1168.0;72.0;Inf;Inf
1169.0;72.0;Inf;Inf
1170.0;72.0;Inf;Inf
1171.0;72.0;Inf;Inf
1172.0;72.0;Inf;Inf
1173.0;72.0;Inf;Inf
1174.0;72.0;Inf;Inf
1175.0;72.0;Inf;Inf
1176.0;72.0;Inf;Inf
1177.0;72.0;Inf;Inf
1178.0;72.0;Inf;Inf
1179.0;72.0;Inf;Inf
1180.0;72.0;Inf;Inf
1181.0;72.0;Inf;Inf
1182.0;72.0;Inf;Inf
1183.0;72.0;Inf;Inf
1184.0;72.0;Inf;Inf
1185.0;72.0;Inf;Inf
1186.0;72.0;Inf;Inf
1187.0;72.0;Inf;Inf
1188.0;72.0;Inf;Inf
1189.0;72.0;Inf;Inf
1190.0;72.0;Inf;Inf
1191.0;72.0;Inf;Inf
1192.0;72.0;Inf;Inf
1193.0;72.0;Inf;Inf
1194.0;72.0;Inf;Inf
1195.0;72.0;Inf;Inf
1196.0;72.0;Inf;Inf
1197.0;72.0;Inf;Inf
1198.0;72.0;Inf;Inf
1199.0;72.0;Inf;Inf
1200.0;72.0;Inf;Inf
1201.0;72.0;Inf;Inf
1202.0;72.0;Inf;Inf
1203.0;72.0;Inf;Inf
1204.0;72.0;Inf;Inf
1205.0;72.0;Inf;Inf
1206.0;72.0;Inf;Inf
1207.0;72.0;Inf;Inf
1208.0;72.0;Inf;Inf
1209.0;72.0;Inf;Inf
1210.0;72.0;Inf;Inf
1211.0;72.0;Inf;Inf
1212.0;72.0;Inf;Inf
1213.0;72.0;Inf;Inf
1214.0;72.0;Inf;Inf
1215.0;72.0;Inf;Inf
1216.0;72.0;Inf;Inf
1217.0;72.0;Inf;Inf
1218.0;72.0;Inf;Inf
1219.0;72.0;Inf;Inf
1220.0;72.0;Inf;Inf
1221.0;72.0;Inf;Inf
1222.0;72.0;Inf;Inf
1223.0;72.0;Inf;Inf
1224.0;72.0;Inf;Inf
1225.0;72.0;Inf;Inf
1226.0;72.0;Inf;Inf
1227.0;72.0;Inf;Inf
1228.0;72.0;Inf;Inf
1229.0;72.0;Inf;Inf
1230.0;72.0;Inf;Inf
1231.0;72.0;Inf;Inf
1232.0;72.0;Inf;Inf
1233.0;72.0;Inf;Inf
1234.0;72.0;Inf;Inf
1235.0;72.0;Inf;Inf
1236.0;72.0;Inf;Inf
1237.0;72.0;Inf;Inf
1238.0;72.0;Inf;Inf
1239.0;72.0;Inf;Inf
1240.0;72.0;Inf;Inf
1241.0;72.0;Inf;Inf
1242.0;72.0;Inf;Inf
1243.0;72.0;Inf;Inf
1244.0;72.0;Inf;Inf
1245.0;72.0;Inf;Inf
1246.0;72.0;Inf;Inf
1247.0;72.0;Inf;Inf
1248.0;72.0;Inf;Inf
1249.0;72.0;Inf;Inf
1250.0;72.0;Inf;Inf
1251.0;72.0;Inf;Inf
1252.0;72.0;Inf;Inf
1253.0;72.0;Inf;Inf
1254.0;72.0;Inf;Inf
1255.0;72.0;Inf;Inf
1256.0;72.0;Inf;Inf
1257.0;72.0;Inf;Inf
1258.0;72.0;Inf;Inf
1259.0;72.0;Inf;Inf
1260.0;72.0;Inf;Inf
1261.0;72.0;Inf;Inf
1262.0;72.0;Inf;Inf
1263.0;72.0;Inf;Inf
1264.0;72.0;Inf;Inf
1265.0;72.0;Inf;Inf
1266.0;72.0;Inf;Inf
1267.0;72.0;Inf;Inf
1268.0;72.0;Inf;Inf
1269.0;72.0;Inf;Inf
1270.0;72.0;Inf;Inf
1271.0;72.0;Inf;Inf
1272.0;72.0;Inf;Inf
1273.0;72.0;Inf;Inf
1274.0;72.0;Inf;Inf
1275.0;72.0;Inf;Inf
1276.0;72.0;Inf;Inf
1277.0;72.0;Inf;Inf
1278.0;72.0;Inf;Inf
1279.0;72.0;Inf;Inf
1280.0;72.0;Inf;Inf
1281.0;72.0;Inf;Inf
1282.0;72.0;Inf;Inf
1283.0;72.0;Inf;Inf
1284.0;72.0;Inf;Inf
1285.0;72.0;Inf;Inf
1286.0;72.0;Inf;Inf
1287.0;72.0;Inf;Inf
1288.0;72.0;Inf;Inf
1289.0;72.0;Inf;Inf
1290.0;72.0;Inf;Inf
1291.0;72.0;Inf;Inf
1292.0;72.0;Inf;Inf
1293.0;72.0;Inf;Inf
1294.0;72.0;Inf;Inf
1295.0;72.0;Inf;Inf
1296.0;72.0;Inf;Inf
1297.0;72.0;Inf;Inf
1298.0;72.0;Inf;Inf
1299.0;72.0;Inf;Inf
1300.0;72.0;Inf;Inf
1301.0;72.0;Inf;Inf
1302.0;72.0;Inf;Inf
1303.0;72.0;Inf;Inf
1304.0;72.0;Inf;Inf
1305.0;72.0;Inf;Inf
1306.0;72.0;Inf;Inf
1307.0;72.0;Inf;Inf
1308.0;72.0;Inf;Inf
1309.0;72.0;Inf;Inf
1310.0;72.0;Inf;Inf
1311.0;72.0;Inf;Inf
1312.0;72.0;Inf;Inf
1313.0;72.0;Inf;Inf
1314.0;72.0;Inf;Inf
1315.0;72.0;Inf;Inf
1316.0;72.0;Inf;Inf
1317.0;72.0;Inf;Inf
1318.0;72.0;Inf;Inf
1319.0;72.0;Inf;Inf
1320.0;72.0;Inf;Inf
1321.0;72.0;Inf;Inf
1322.0;72.0;Inf;Inf
1323.0;72.0;Inf;Inf
1324.0;72.0;Inf;Inf
1325.0;72.0;Inf;Inf
1326.0;72.0;Inf;Inf
1327.0;72.0;Inf;Inf
1328.0;72.0;Inf;Inf
1329.0;72.0;Inf;Inf
1330.0;72.0;Inf;Inf
1331.0;72.0;Inf;Inf
1332.0;72.0;Inf;Inf
1333.0;72.0;Inf;Inf
1334.0;72.0;Inf;Inf
1335.0;72.0;Inf;Inf
1336.0;72.0;Inf;Inf
1337.0;72.0;Inf;Inf
1338.0;72.0;Inf;Inf
1339.0;72.0;Inf;Inf
1340.0;72.0;Inf;Inf
1341.0;72.0;Inf;Inf
1342.0;72.0;Inf;Inf
1343.0;72.0;Inf;Inf
1344.0;72.0;Inf;Inf
1345.0;72.0;Inf;Inf
1346.0;72.0;Inf;Inf
1347.0;72.0;Inf;Inf
1348.0;72.0;Inf;Inf
1349.0;72.0;Inf;Inf
1350.0;72.0;Inf;Inf
1351.0;72.0;Inf;Inf
1352.0;72.0;Inf;Inf
1353.0;72.0;Inf;Inf
1354.0;72.0;Inf;Inf
1355.0;72.0;Inf;Inf
1356.0;72.0;Inf;Inf
1357.0;72.0;Inf;Inf
1358.0;72.0;Inf;Inf
1359.0;72.0;Inf;Inf
1360.0;72.0;Inf;Inf
1361.0;72.0;Inf;Inf
1362.0;72.0;Inf;Inf
1363.0;72.0;Inf;Inf
1364.0;72.0;Inf;Inf
1365.0;72.0;Inf;Inf
1366.0;72.0;Inf;Inf
1367.0;72.0;Inf;Inf
1368.0;72.0;Inf;Inf
1369.0;72.0;Inf;Inf
1370.0;72.0;Inf;Inf
1371.0;72.0;Inf;Inf
1372.0;72.0;Inf;Inf
1373.0;72.0;Inf;Inf
1374.0;72.0;Inf;Inf
1375.0;72.0;Inf;Inf
1376.0;72.0;Inf;Inf
1377.0;72.0;Inf;Inf
1378.0;72.0;Inf;Inf
1379.0;72.0;Inf;Inf
1380.0;72.0;Inf;Inf
1381.0;72.0;Inf;Inf
1382.0;72.0;Inf;Inf
1383.0;72.0;Inf;Inf
1384.0;72.0;Inf;Inf
1385.0;72.0;Inf;Inf
1386.0;72.0;Inf;Inf
1387.0;72.0;Inf;Inf
1388.0;72.0;Inf;Inf
1389.0;72.0;Inf;Inf
1390.0;72.0;Inf;Inf
1391.0;72.0;Inf;Inf
1392.0;72.0;Inf;Inf
1393.0;72.0;Inf;Inf
1394.0;72.0;Inf;Inf
1395.0;72.0;Inf;Inf
1396.0;72.0;Inf;Inf
1397.0;72.0;Inf;Inf
1398.0;72.0;Inf;Inf
1399.0;72.0;Inf;Inf
1400.0;72.0;Inf;Inf
1401.0;72.0;Inf;Inf
1402.0;72.0;Inf;Inf
1403.0;72.0;Inf;Inf
1404.0;72.0;Inf;Inf
1405.0;72.0;Inf;Inf
1406.0;72.0;Inf;Inf
1407.0;72.0;Inf;Inf
1408.0;72.0;Inf;Inf
1409.0;72.0;Inf;Inf
1410.0;72.0;Inf;Inf
1411.0;72.0;Inf;Inf
1412.0;72.0;Inf;Inf
1413.0;72.0;Inf;Inf
1414.0;72.0;Inf;Inf
1415.0;72.0;Inf;Inf
1416.0;72.0;Inf;Inf
1417.0;72.0;Inf;Inf
1418.0;72.0;Inf;Inf
1419.0;72.0;Inf;Inf
1420.0;72.0;Inf;Inf
1421.0;72.0;Inf;Inf
1422.0;72.0;Inf;Inf
1423.0;72.0;Inf;Inf
1424.0;72.0;Inf;Inf
1425.0;72.0;Inf;Inf
1426.0;72.0;Inf;Inf
1427.0;72.0;Inf;Inf
1428.0;72.0;Inf;Inf
1429.0;72.0;Inf;Inf
1430.0;72.0;Inf;Inf
1431.0;72.0;Inf;Inf
1432.0;72.0;Inf;Inf
1433.0;72.0;Inf;Inf
1434.0;72.0;Inf;Inf
1435.0;72.0;Inf;Inf
1436.0;72.0;Inf;Inf
1437.0;72.0;Inf;Inf
1438.0;72.0;Inf;Inf
1439.0;72.0;Inf;Inf
1440.0;72.0;Inf;Inf
1441.0;72.0;Inf;Inf
1442.0;72.0;Inf;Inf
1443.0;72.0;Inf;Inf
1444.0;72.0;Inf;Inf
1445.0;72.0;Inf;Inf
1446.0;72.0;Inf;Inf
1447.0;72.0;Inf;Inf
1448.0;72.0;Inf;Inf
1449.0;72.0;Inf;Inf
1450.0;72.0;Inf;Inf
1451.0;72.0;Inf;Inf
1452.0;72.0;Inf;Inf
1453.0;72.0;Inf;Inf
1454.0;72.0;Inf;Inf
1455.0;72.0;Inf;Inf
1456.0;72.0;Inf;Inf
1457.0;72.0;Inf;Inf
1458.0;72.0;Inf;Inf
1459.0;72.0;Inf;Inf
1460.0;72.0;Inf;Inf
1461.0;72.0;Inf;Inf
1462.0;72.0;Inf;Inf
1463.0;72.0;Inf;Inf
1464.0;72.0;Inf;Inf
1465.0;72.0;Inf;Inf
1466.0;72.0;Inf;Inf
1467.0;72.0;Inf;Inf
1468.0;72.0;Inf;Inf
1469.0;72.0;Inf;Inf
1470.0;72.0;Inf;Inf
1471.0;72.0;Inf;Inf
1472.0;72.0;Inf;Inf
1473.0;72.0;Inf;Inf
1474.0;72.0;Inf;Inf
1475.0;72.0;Inf;Inf
1476.0;72.0;Inf;Inf
1477.0;72.0;Inf;Inf
1478.0;72.0;Inf;Inf
1479.0;72.0;Inf;Inf
1480.0;72.0;Inf;Inf
1481.0;72.0;Inf;Inf
1482.0;72.0;Inf;Inf
1483.0;72.0;Inf;Inf
1484.0;72.0;Inf;Inf
1485.0;72.0;Inf;Inf
1486.0;72.0;Inf;Inf
1487.0;72.0;Inf;Inf
1488.0;72.0;Inf;Inf
1489.0;72.0;Inf;Inf
1490.0;72.0;Inf;Inf
1491.0;72.0;Inf;Inf
1492.0;72.0;Inf;Inf
1493.0;72.0;Inf;Inf
1494.0;72.0;Inf;Inf
1495.0;72.0;Inf;Inf
1496.0;72.0;Inf;Inf
1497.0;72.0;Inf;Inf
1498.0;72.0;Inf;Inf
1499.0;72.0;Inf;Inf
1500.0;72.0;Inf;Inf
1501.0;72.0;Inf;Inf
1502.0;72.0;Inf;Inf
1503.0;72.0;Inf;Inf
1504.0;72.0;Inf;Inf
1505.0;72.0;Inf;Inf
1506.0;72.0;Inf;Inf
1507.0;72.0;Inf;Inf
1508.0;72.0;Inf;Inf
1509.0;72.0;Inf;Inf
1510.0;72.0;Inf;Inf
1511.0;72.0;Inf;Inf
1512.0;72.0;Inf;Inf
1513.0;72.0;Inf;Inf
1514.0;72.0;Inf;Inf
1515.0;72.0;Inf;Inf
1516.0;72.0;Inf;Inf
1517.0;72.0;Inf;Inf
1518.0;72.0;Inf;Inf
1519.0;72.0;Inf;Inf
1520.0;72.0;Inf;Inf
1521.0;72.0;Inf;Inf
1522.0;72.0;Inf;Inf
1523.0;72.0;Inf;Inf
1524.0;72.0;Inf;Inf
1525.0;72.0;Inf;Inf
1526.0;72.0;Inf;Inf
1527.0;72.0;Inf;Inf
1528.0;72.0;Inf;Inf
1529.0;72.0;Inf;Inf
1530.0;72.0;Inf;Inf
1531.0;72.0;Inf;Inf
1532.0;72.0;Inf;Inf
1533.0;72.0;Inf;Inf
1534.0;72.0;Inf;Inf
1535.0;72.0;Inf;Inf
1536.0;72.0;Inf;Inf
1537.0;72.0;Inf;Inf
1538.0;72.0;Inf;Inf
1539.0;72.0;Inf;Inf
1540.0;72.0;Inf;Inf
1541.0;72.0;Inf;Inf
1542.0;72.0;Inf;Inf
1543.0;72.0;Inf;Inf
1544.0;72.0;Inf;Inf
1545.0;72.0;Inf;Inf
1546.0;72.0;Inf;Inf
1547.0;72.0;Inf;Inf
1548.0;72.0;Inf;Inf
1549.0;72.0;Inf;Inf
1550.0;72.0;Inf;Inf
1551.0;72.0;Inf;Inf
1552.0;72.0;Inf;Inf
1553.0;72.0;Inf;Inf
1554.0;72.0;Inf;Inf
1555.0;72.0;Inf;Inf
1556.0;72.0;Inf;Inf
1557.0;72.0;Inf;Inf
1558.0;72.0;Inf;Inf
1559.0;72.0;Inf;Inf
1560.0;72.0;Inf;Inf
1561.0;72.0;Inf;Inf
1562.0;72.0;Inf;Inf
1563.0;72.0;Inf;Inf
1564.0;72.0;Inf;Inf
1565.0;72.0;Inf;Inf
1566.0;72.0;Inf;Inf
1567.0;72.0;Inf;Inf
1568.0;72.0;Inf;Inf
1569.0;72.0;Inf;Inf
1570.0;72.0;Inf;Inf
1571.0;72.0;Inf;Inf
1572.0;72.0;Inf;Inf
1573.0;72.0;Inf;Inf
1574.0;72.0;Inf;Inf
1575.0;72.0;Inf;Inf
1576.0;72.0;Inf;Inf
1577.0;72.0;Inf;Inf
1578.0;72.0;Inf;Inf
1579.0;72.0;Inf;Inf
1580.0;72.0;Inf;Inf
1581.0;72.0;Inf;Inf
1582.0;72.0;Inf;Inf
1583.0;72.0;Inf;Inf
1584.0;72.0;Inf;Inf
1585.0;72.0;Inf;Inf
1586.0;72.0;Inf;Inf
1587.0;72.0;Inf;Inf
1588.0;72.0;Inf;Inf
1589.0;72.0;Inf;Inf
1590.0;72.0;Inf;Inf
1591.0;72.0;Inf;Inf
1592.0;72.0;Inf;Inf
1593.0;72.0;Inf;Inf
1594.0;72.0;Inf;Inf
1595.0;72.0;Inf;Inf
1596.0;72.0;Inf;Inf
1597.0;72.0;Inf;Inf
1598.0;72.0;Inf;Inf
1599.0;72.0;Inf;Inf
1600.0;72.0;Inf;Inf
1601.0;72.0;Inf;Inf
1602.0;72.0;Inf;Inf
1603.0;72.0;Inf;Inf
1604.0;72.0;Inf;Inf
1605.0;72.0;Inf;Inf
1606.0;72.0;Inf;Inf
1607.0;72.0;Inf;Inf
1608.0;72.0;Inf;Inf
1609.0;72.0;Inf;Inf
1610.0;72.0;Inf;Inf
1611.0;72.0;Inf;Inf
1612.0;72.0;Inf;Inf
1613.0;72.0;Inf;Inf
1614.0;72.0;Inf;Inf
1615.0;72.0;Inf;Inf
1616.0;72.0;Inf;Inf
1617.0;72.0;Inf;Inf
1618.0;72.0;Inf;Inf
1619.0;72.0;Inf;Inf
1620.0;72.0;Inf;Inf
1621.0;72.0;Inf;Inf
1622.0;72.0;Inf;Inf
1623.0;72.0;Inf;Inf
1624.0;72.0;Inf;Inf
1625.0;72.0;Inf;Inf
1626.0;72.0;Inf;Inf
1627.0;72.0;Inf;Inf
1628.0;72.0;Inf;Inf
1629.0;72.0;Inf;Inf
1630.0;72.0;Inf;Inf
1631.0;72.0;Inf;Inf
1632.0;72.0;Inf;Inf
1633.0;72.0;Inf;Inf
1634.0;72.0;Inf;Inf
1635.0;72.0;Inf;Inf
1636.0;72.0;Inf;Inf
1637.0;72.0;Inf;Inf
1638.0;72.0;Inf;Inf
1639.0;72.0;Inf;Inf
1640.0;72.0;Inf;Inf
1641.0;72.0;Inf;Inf
1642.0;72.0;Inf;Inf
1643.0;72.0;Inf;Inf
1644.0;72.0;Inf;Inf
1645.0;72.0;Inf;Inf
1646.0;72.0;Inf;Inf
1647.0;72.0;Inf;Inf
1648.0;72.0;Inf;Inf
1649.0;72.0;Inf;Inf
1650.0;72.0;Inf;Inf
1651.0;72.0;Inf;Inf
1652.0;72.0;Inf;Inf
1653.0;72.0;Inf;Inf
1654.0;72.0;Inf;Inf
1655.0;72.0;Inf;Inf
1656.0;72.0;Inf;Inf
1657.0;72.0;Inf;Inf
1658.0;72.0;Inf;Inf
1659.0;72.0;Inf;Inf
1660.0;72.0;Inf;Inf
1661.0;72.0;Inf;Inf
1662.0;72.0;Inf;Inf
1663.0;72.0;Inf;Inf
1664.0;72.0;Inf;Inf
1665.0;72.0;Inf;Inf
1666.0;72.0;Inf;Inf
1667.0;72.0;Inf;Inf
1668.0;72.0;Inf;Inf
1669.0;72.0;Inf;Inf
1670.0;72.0;Inf;Inf
1671.0;72.0;Inf;Inf
1672.0;72.0;Inf;Inf
1673.0;72.0;Inf;Inf
1674.0;72.0;Inf;Inf
1675.0;72.0;Inf;Inf
1676.0;72.0;Inf;Inf
1677.0;72.0;Inf;Inf
1678.0;72.0;Inf;Inf
1679.0;72.0;Inf;Inf
1680.0;72.0;Inf;Inf
1681.0;72.0;Inf;Inf
1682.0;72.0;Inf;Inf
1683.0;72.0;Inf;Inf
1684.0;72.0;Inf;Inf
1685.0;72.0;Inf;Inf
1686.0;72.0;Inf;Inf
1687.0;72.0;Inf;Inf
1688.0;72.0;Inf;Inf
1689.0;72.0;Inf;Inf
1690.0;72.0;Inf;Inf
1691.0;72.0;Inf;Inf
1692.0;72.0;Inf;Inf
1693.0;72.0;Inf;Inf
1694.0;72.0;Inf;Inf
1695.0;72.0;Inf;Inf
1696.0;72.0;Inf;Inf
1697.0;72.0;Inf;Inf
1698.0;72.0;Inf;Inf
1699.0;72.0;Inf;Inf
1700.0;72.0;Inf;Inf
1701.0;72.0;Inf;Inf
1702.0;72.0;Inf;Inf
1703.0;72.0;Inf;Inf
1704.0;72.0;Inf;Inf
1705.0;72.0;Inf;Inf
1706.0;72.0;Inf;Inf
1707.0;72.0;Inf;Inf
1708.0;72.0;Inf;Inf
1709.0;72.0;Inf;Inf
1710.0;72.0;Inf;Inf
1711.0;72.0;Inf;Inf
1712.0;72.0;Inf;Inf
1713.0;72.0;Inf;Inf
1714.0;72.0;Inf;Inf
1715.0;72.0;Inf;Inf
1716.0;72.0;Inf;Inf
1717.0;72.0;Inf;Inf
1718.0;72.0;Inf;Inf
1719.0;72.0;Inf;Inf
1720.0;72.0;Inf;Inf
1721.0;72.0;Inf;Inf
1722.0;72.0;Inf;Inf
1723.0;72.0;Inf;Inf
1724.0;72.0;Inf;Inf
1725.0;72.0;Inf;Inf
1726.0;72.0;Inf;Inf
1727.0;72.0;Inf;Inf
1728.0;72.0;Inf;Inf
1729.0;72.0;Inf;Inf
1730.0;72.0;Inf;Inf
1731.0;72.0;Inf;Inf
1732.0;72.0;Inf;Inf
1733.0;72.0;Inf;Inf
1734.0;72.0;Inf;Inf
1735.0;72.0;Inf;Inf
1736.0;72.0;Inf;Inf
1737.0;72.0;Inf;Inf
1738.0;72.0;Inf;Inf
1739.0;72.0;Inf;Inf
1740.0;72.0;Inf;Inf
1741.0;72.0;Inf;Inf
1742.0;72.0;Inf;Inf
1743.0;72.0;Inf;Inf
1744.0;72.0;Inf;Inf
1745.0;72.0;Inf;Inf
1746.0;72.0;Inf;Inf
1747.0;72.0;Inf;Inf
1748.0;72.0;Inf;Inf
1749.0;72.0;Inf;Inf
1750.0;72.0;Inf;Inf
1751.0;72.0;Inf;Inf
1752.0;72.0;Inf;Inf
1753.0;72.0;Inf;Inf
1754.0;72.0;Inf;Inf
1755.0;72.0;Inf;Inf
1756.0;72.0;Inf;Inf
1757.0;72.0;Inf;Inf
1758.0;72.0;Inf;Inf
1759.0;72.0;Inf;Inf
1760.0;72.0;Inf;Inf
1761.0;72.0;Inf;Inf
1762.0;72.0;Inf;Inf
1763.0;72.0;Inf;Inf
1764.0;72.0;Inf;Inf
1765.0;72.0;Inf;Inf
1766.0;72.0;Inf;Inf
1767.0;72.0;Inf;Inf
1768.0;72.0;Inf;Inf
1769.0;72.0;Inf;Inf
1770.0;72.0;Inf;Inf
1771.0;72.0;Inf;Inf
1772.0;72.0;Inf;Inf
1773.0;72.0;Inf;Inf
1774.0;72.0;Inf;Inf
1775.0;72.0;Inf;Inf
1776.0;72.0;Inf;Inf
1777.0;72.0;Inf;Inf
1778.0;72.0;Inf;Inf
1779.0;72.0;Inf;Inf
1780.0;72.0;Inf;Inf
1781.0;72.0;Inf;Inf
1782.0;72.0;Inf;Inf
1783.0;72.0;Inf;Inf
1784.0;72.0;Inf;Inf
1785.0;72.0;Inf;Inf
1786.0;72.0;Inf;Inf
1787.0;72.0;Inf;Inf
1788.0;72.0;Inf;Inf
1789.0;72.0;Inf;Inf
1790.0;72.0;Inf;Inf
1791.0;72.0;Inf;Inf
1792.0;72.0;Inf;Inf
1793.0;72.0;Inf;Inf
1794.0;72.0;Inf;Inf
1795.0;72.0;Inf;Inf
1796.0;72.0;Inf;Inf
1797.0;72.0;Inf;Inf
1798.0;72.0;Inf;Inf
1799.0;72.0;Inf;Inf
1800.0;72.0;Inf;Inf
1801.0;72.0;Inf;Inf
1802.0;72.0;Inf;Inf
1803.0;72.0;Inf;Inf
1804.0;72.0;Inf;Inf
1805.0;72.0;Inf;Inf
1806.0;72.0;Inf;Inf
1807.0;72.0;Inf;Inf
1808.0;72.0;Inf;Inf
1809.0;72.0;Inf;Inf
1810.0;72.0;Inf;Inf
1811.0;72.0;Inf;Inf
1812.0;72.0;Inf;Inf
1813.0;72.0;Inf;Inf
1814.0;72.0;Inf;Inf
1815.0;72.0;Inf;Inf
1816.0;72.0;Inf;Inf
1817.0;72.0;Inf;Inf
1818.0;72.0;Inf;Inf
1819.0;72.0;Inf;Inf
1820.0;72.0;Inf;Inf
1821.0;72.0;Inf;Inf
1822.0;72.0;Inf;Inf
1823.0;72.0;Inf;Inf
1824.0;72.0;Inf;Inf
1825.0;72.0;Inf;Inf
1826.0;72.0;Inf;Inf
1827.0;72.0;Inf;Inf
1828.0;72.0;Inf;Inf
1829.0;72.0;Inf;Inf
1830.0;72.0;Inf;Inf
1831.0;72.0;Inf;Inf
1832.0;72.0;Inf;Inf
1833.0;72.0;Inf;Inf
1834.0;72.0;Inf;Inf
1835.0;72.0;Inf;Inf
1836.0;72.0;Inf;Inf
1837.0;72.0;Inf;Inf
1838.0;72.0;Inf;Inf
1839.0;72.0;Inf;Inf
1840.0;72.0;Inf;Inf
1841.0;72.0;Inf;Inf
1842.0;72.0;Inf;Inf
1843.0;72.0;Inf;Inf
1844.0;72.0;Inf;Inf
1845.0;72.0;Inf;Inf
1846.0;72.0;Inf;Inf
1847.0;72.0;Inf;Inf
1848.0;72.0;Inf;Inf
1849.0;72.0;Inf;Inf
1850.0;72.0;Inf;Inf
1851.0;72.0;Inf;Inf
1852.0;72.0;Inf;Inf
1853.0;72.0;Inf;Inf
1854.0;72.0;Inf;Inf
1855.0;72.0;Inf;Inf
1856.0;72.0;Inf;Inf
1857.0;72.0;Inf;Inf
1858.0;72.0;Inf;Inf
1859.0;72.0;Inf;Inf
1860.0;72.0;Inf;Inf
1861.0;72.0;Inf;Inf
1862.0;72.0;Inf;Inf
1863.0;72.0;Inf;Inf
1864.0;72.0;Inf;Inf
1865.0;72.0;Inf;Inf
1866.0;72.0;Inf;Inf
1867.0;72.0;Inf;Inf
1868.0;72.0;Inf;Inf
1869.0;72.0;Inf;Inf
1870.0;72.0;Inf;Inf
1871.0;72.0;Inf;Inf
1872.0;72.0;Inf;Inf
1873.0;72.0;Inf;Inf
1874.0;72.0;Inf;Inf
1875.0;72.0;Inf;Inf
1876.0;72.0;Inf;Inf
1877.0;72.0;Inf;Inf
1878.0;72.0;Inf;Inf
1879.0;72.0;Inf;Inf
1880.0;72.0;Inf;Inf
1881.0;72.0;Inf;Inf
1882.0;72.0;Inf;Inf
1883.0;72.0;Inf;Inf
1884.0;72.0;Inf;Inf
1885.0;72.0;Inf;Inf
1886.0;72.0;Inf;Inf
1887.0;72.0;Inf;Inf
1888.0;72.0;Inf;Inf
1889.0;72.0;Inf;Inf
1890.0;72.0;Inf;Inf
1891.0;72.0;Inf;Inf
1892.0;72.0;Inf;Inf
1893.0;72.0;Inf;Inf
1894.0;72.0;Inf;Inf
1895.0;72.0;Inf;Inf
1896.0;72.0;Inf;Inf
1897.0;72.0;Inf;Inf
1898.0;72.0;Inf;Inf
1899.0;72.0;Inf;Inf
1900.0;72.0;Inf;Inf
1901.0;72.0;Inf;Inf
1902.0;72.0;Inf;Inf
1903.0;72.0;Inf;Inf
1904.0;72.0;Inf;Inf
1905.0;72.0;Inf;Inf
1906.0;72.0;Inf;Inf
1907.0;72.0;Inf;Inf
1908.0;72.0;Inf;Inf
1909.0;72.0;Inf;Inf
1910.0;72.0;Inf;Inf
1911.0;72.0;Inf;Inf
1912.0;72.0;Inf;Inf
1913.0;72.0;Inf;Inf
1914.0;72.0;Inf;Inf
1915.0;72.0;Inf;Inf
1916.0;72.0;Inf;Inf
1917.0;72.0;Inf;Inf
1918.0;72.0;Inf;Inf
1919.0;72.0;Inf;Inf
1920.0;72.0;Inf;Inf
1921.0;72.0;Inf;Inf
1922.0;72.0;Inf;Inf
1923.0;72.0;Inf;Inf
1924.0;72.0;Inf;Inf
1925.0;72.0;Inf;Inf
1926.0;72.0;Inf;Inf
1927.0;72.0;Inf;Inf
1928.0;72.0;Inf;Inf
1929.0;72.0;Inf;Inf
1930.0;72.0;Inf;Inf
1931.0;72.0;Inf;Inf
1932.0;72.0;Inf;Inf
1933.0;72.0;Inf;Inf
1934.0;72.0;Inf;Inf
1935.0;72.0;Inf;Inf
1936.0;72.0;Inf;Inf
1937.0;72.0;Inf;Inf
1938.0;72.0;Inf;Inf
1939.0;72.0;Inf;Inf
1940.0;72.0;Inf;Inf
1941.0;72.0;Inf;Inf
1942.0;72.0;Inf;Inf
1943.0;72.0;Inf;Inf
1944.0;72.0;Inf;Inf
1945.0;72.0;Inf;Inf
1946.0;72.0;Inf;Inf
1947.0;72.0;Inf;Inf
1948.0;72.0;Inf;Inf
1949.0;72.0;Inf;Inf
1950.0;72.0;Inf;Inf
1951.0;72.0;Inf;Inf
1952.0;72.0;Inf;Inf
1953.0;72.0;Inf;Inf
1954.0;72.0;Inf;Inf
1955.0;72.0;Inf;Inf
1956.0;72.0;Inf;Inf
1957.0;72.0;Inf;Inf
1958.0;72.0;Inf;Inf
1959.0;72.0;Inf;Inf
1960.0;72.0;Inf;Inf
1961.0;72.0;Inf;Inf
1962.0;72.0;Inf;Inf
1963.0;72.0;Inf;Inf
1964.0;72.0;Inf;Inf
1965.0;72.0;Inf;Inf
1966.0;72.0;Inf;Inf
1967.0;72.0;Inf;Inf
1968.0;72.0;Inf;Inf
1969.0;72.0;Inf;Inf
1970.0;72.0;Inf;Inf
1971.0;72.0;Inf;Inf
1972.0;72.0;Inf;Inf
1973.0;72.0;Inf;Inf
1974.0;72.0;Inf;Inf
1975.0;72.0;Inf;Inf
1976.0;72.0;Inf;Inf
1977.0;72.0;Inf;Inf
1978.0;72.0;Inf;Inf
1979.0;72.0;Inf;Inf
1980.0;72.0;Inf;Inf
1981.0;72.0;Inf;Inf
1982.0;72.0;Inf;Inf
1983.0;72.0;Inf;Inf
1984.0;72.0;Inf;Inf
1985.0;72.0;Inf;Inf
1986.0;72.0;Inf;Inf
1987.0;72.0;Inf;Inf
1988.0;72.0;Inf;Inf
1989.0;72.0;Inf;Inf
1990.0;72.0;Inf;Inf
1991.0;72.0;Inf;Inf
1992.0;72.0;Inf;Inf
1993.0;72.0;Inf;Inf
1994.0;72.0;Inf;Inf
1995.0;72.0;Inf;Inf
1996.0;72.0;Inf;Inf
1997.0;72.0;Inf;Inf
1998.0;72.0;Inf;Inf
1999.0;72.0;Inf;Inf
2000.0;72.0;Inf;Inf
2001.0;72.0;Inf;Inf
2002.0;72.0;Inf;Inf
2003.0;72.0;Inf;Inf
2004.0;72.0;Inf;Inf
2005.0;72.0;Inf;Inf
2006.0;72.0;Inf;Inf
2007.0;72.0;Inf;Inf
2008.0;72.0;Inf;Inf
2009.0;72.0;Inf;Inf
2010.0;72.0;Inf;Inf
2011.0;72.0;Inf;Inf
2012.0;72.0;Inf;Inf
2013.0;72.0;Inf;Inf
2014.0;72.0;Inf;Inf
2015.0;72.0;Inf;Inf
2016.0;72.0;Inf;Inf
2017.0;72.0;Inf;Inf
2018.0;72.0;Inf;Inf
2019.0;72.0;Inf;Inf
2020.0;72.0;Inf;Inf
2021.0;72.0;Inf;Inf
2022.0;72.0;Inf;Inf
2023.0;72.0;Inf;Inf
2024.0;72.0;Inf;Inf
2025.0;72.0;Inf;Inf
2026.0;72.0;Inf;Inf
2027.0;72.0;Inf;Inf
2028.0;72.0;Inf;Inf
2029.0;72.0;Inf;Inf
2030.0;72.0;Inf;Inf
2031.0;72.0;Inf;Inf
2032.0;72.0;Inf;Inf
2033.0;72.0;Inf;Inf
2034.0;72.0;Inf;Inf
2035.0;72.0;Inf;Inf
2036.0;72.0;Inf;Inf
2037.0;72.0;Inf;Inf
2038.0;72.0;Inf;Inf
2039.0;72.0;Inf;Inf
2040.0;72.0;Inf;Inf
2041.0;72.0;Inf;Inf
2042.0;72.0;Inf;Inf
2043.0;72.0;Inf;Inf
2044.0;72.0;Inf;Inf
2045.0;72.0;Inf;Inf
2046.0;72.0;Inf;Inf
2047.0;72.0;Inf;Inf
2048.0;72.0;Inf;Inf
2049.0;72.0;Inf;Inf
2050.0;72.0;Inf;Inf
2051.0;72.0;Inf;Inf
2052.0;72.0;Inf;Inf
2053.0;72.0;Inf;Inf
2054.0;72.0;Inf;Inf
2055.0;72.0;Inf;Inf
2056.0;72.0;Inf;Inf
2057.0;72.0;Inf;Inf
2058.0;72.0;Inf;Inf
2059.0;72.0;Inf;Inf
2060.0;72.0;Inf;Inf
2061.0;72.0;Inf;Inf
2062.0;72.0;Inf;Inf
2063.0;72.0;Inf;Inf
2064.0;72.0;Inf;Inf
2065.0;72.0;Inf;Inf
2066.0;72.0;Inf;Inf
2067.0;72.0;Inf;Inf
2068.0;72.0;Inf;Inf
2069.0;72.0;Inf;Inf
2070.0;72.0;Inf;Inf
2071.0;72.0;Inf;Inf
2072.0;72.0;Inf;Inf
2073.0;72.0;Inf;Inf
2074.0;72.0;Inf;Inf
2075.0;72.0;Inf;Inf
2076.0;72.0;Inf;Inf
2077.0;72.0;Inf;Inf
2078.0;72.0;Inf;Inf
2079.0;72.0;Inf;Inf
2080.0;72.0;Inf;Inf
2081.0;72.0;Inf;Inf
2082.0;72.0;Inf;Inf
2083.0;72.0;Inf;Inf
2084.0;72.0;Inf;Inf
2085.0;72.0;Inf;Inf
2086.0;72.0;Inf;Inf
2087.0;72.0;Inf;Inf
2088.0;72.0;Inf;Inf
2089.0;72.0;Inf;Inf
2090.0;72.0;Inf;Inf
2091.0;72.0;Inf;Inf
2092.0;72.0;Inf;Inf
2093.0;72.0;Inf;Inf
2094.0;72.0;Inf;Inf
2095.0;72.0;Inf;Inf
2096.0;72.0;Inf;Inf
2097.0;72.0;Inf;Inf
2098.0;72.0;Inf;Inf
2099.0;72.0;Inf;Inf
2100.0;72.0;Inf;Inf
2101.0;72.0;Inf;Inf
2102.0;72.0;Inf;Inf
2103.0;72.0;Inf;Inf
2104.0;72.0;Inf;Inf
2105.0;72.0;Inf;Inf
2106.0;72.0;Inf;Inf
2107.0;72.0;Inf;Inf
2108.0;72.0;Inf;Inf
2109.0;72.0;Inf;Inf
2110.0;72.0;Inf;Inf
2111.0;72.0;Inf;Inf
2112.0;72.0;Inf;Inf
2113.0;72.0;Inf;Inf
2114.0;72.0;Inf;Inf
2115.0;72.0;Inf;Inf
2116.0;72.0;Inf;Inf
2117.0;72.0;Inf;Inf
2118.0;72.0;Inf;Inf
2119.0;72.0;Inf;Inf
2120.0;72.0;Inf;Inf
2121.0;72.0;Inf;Inf
2122.0;72.0;Inf;Inf
2123.0;72.0;Inf;Inf
2124.0;72.0;Inf;Inf
2125.0;72.0;Inf;Inf
2126.0;72.0;Inf;Inf
2127.0;72.0;Inf;Inf
2128.0;72.0;Inf;Inf
2129.0;72.0;Inf;Inf
2130.0;72.0;Inf;Inf
2131.0;72.0;Inf;Inf
2132.0;72.0;Inf;Inf
2133.0;72.0;Inf;Inf
2134.0;72.0;Inf;Inf
2135.0;72.0;Inf;Inf
2136.0;72.0;Inf;Inf
2137.0;72.0;Inf;Inf
2138.0;72.0;Inf;Inf
2139.0;72.0;Inf;Inf
2140.0;72.0;Inf;Inf
2141.0;72.0;Inf;Inf
2142.0;72.0;Inf;Inf
2143.0;72.0;Inf;Inf
2144.0;72.0;Inf;Inf
2145.0;72.0;Inf;Inf
2146.0;72.0;Inf;Inf
2147.0;72.0;Inf;Inf
2148.0;72.0;Inf;Inf
2149.0;72.0;Inf;Inf
2150.0;72.0;Inf;Inf
2151.0;72.0;Inf;Inf
2152.0;72.0;Inf;Inf
2153.0;72.0;Inf;Inf
2154.0;72.0;Inf;Inf
2155.0;72.0;Inf;Inf
2156.0;72.0;Inf;Inf
2157.0;72.0;Inf;Inf
2158.0;72.0;Inf;Inf
2159.0;72.0;Inf;Inf
2160.0;72.0;Inf;Inf
2161.0;72.0;Inf;Inf
2162.0;72.0;Inf;Inf
2163.0;72.0;Inf;Inf
2164.0;72.0;Inf;Inf
2165.0;72.0;Inf;Inf
2166.0;72.0;Inf;Inf
2167.0;72.0;Inf;Inf
2168.0;72.0;Inf;Inf
2169.0;72.0;Inf;Inf
2170.0;72.0;Inf;Inf
2171.0;72.0;Inf;Inf
2172.0;72.0;Inf;Inf
2173.0;72.0;Inf;Inf
2174.0;72.0;Inf;Inf
2175.0;72.0;Inf;Inf
2176.0;72.0;Inf;Inf
2177.0;72.0;Inf;Inf
2178.0;72.0;Inf;Inf
2179.0;72.0;Inf;Inf
2180.0;72.0;Inf;Inf
2181.0;72.0;Inf;Inf
2182.0;72.0;Inf;Inf
2183.0;72.0;Inf;Inf
2184.0;72.0;Inf;Inf
2185.0;72.0;Inf;Inf
2186.0;72.0;Inf;Inf
2187.0;72.0;Inf;Inf
2188.0;72.0;Inf;Inf
2189.0;72.0;Inf;Inf
2190.0;72.0;Inf;Inf
2191.0;72.0;Inf;Inf
2192.0;72.0;Inf;Inf
2193.0;72.0;Inf;Inf
2194.0;72.0;Inf;Inf
2195.0;72.0;Inf;Inf
2196.0;72.0;Inf;Inf
2197.0;72.0;Inf;Inf
2198.0;72.0;Inf;Inf
2199.0;72.0;Inf;Inf
2200.0;72.0;Inf;Inf
2201.0;72.0;Inf;Inf
2202.0;72.0;Inf;Inf
2203.0;72.0;Inf;Inf
2204.0;72.0;Inf;Inf
2205.0;72.0;Inf;Inf
2206.0;72.0;Inf;Inf
2207.0;72.0;Inf;Inf
2208.0;72.0;Inf;Inf
2209.0;72.0;Inf;Inf
2210.0;72.0;Inf;Inf
2211.0;72.0;Inf;Inf
2212.0;72.0;Inf;Inf
2213.0;72.0;Inf;Inf
2214.0;72.0;Inf;Inf
2215.0;72.0;Inf;Inf
2216.0;72.0;Inf;Inf
2217.0;72.0;Inf;Inf
2218.0;72.0;Inf;Inf
2219.0;72.0;Inf;Inf
2220.0;72.0;Inf;Inf
2221.0;72.0;Inf;Inf
2222.0;72.0;Inf;Inf
2223.0;72.0;Inf;Inf
2224.0;72.0;Inf;Inf
2225.0;72.0;Inf;Inf
2226.0;72.0;Inf;Inf
2227.0;72.0;Inf;Inf
2228.0;72.0;Inf;Inf
2229.0;72.0;Inf;Inf
2230.0;72.0;Inf;Inf
2231.0;72.0;Inf;Inf
2232.0;72.0;Inf;Inf
2233.0;72.0;Inf;Inf
2234.0;72.0;Inf;Inf
2235.0;72.0;Inf;Inf
2236.0;72.0;Inf;Inf
2237.0;72.0;Inf;Inf
2238.0;72.0;Inf;Inf
2239.0;72.0;Inf;Inf
2240.0;72.0;Inf;Inf
2241.0;72.0;Inf;Inf
2242.0;72.0;Inf;Inf
2243.0;72.0;Inf;Inf
2244.0;72.0;Inf;Inf
2245.0;72.0;Inf;Inf
2246.0;72.0;Inf;Inf
2247.0;72.0;Inf;Inf
2248.0;72.0;Inf;Inf
2249.0;72.0;Inf;Inf
2250.0;72.0;Inf;Inf
2251.0;72.0;Inf;Inf
2252.0;72.0;Inf;Inf
2253.0;72.0;Inf;Inf
2254.0;72.0;Inf;Inf
2255.0;72.0;Inf;Inf
2256.0;72.0;Inf;Inf
2257.0;72.0;Inf;Inf
2258.0;72.0;Inf;Inf
2259.0;72.0;Inf;Inf
2260.0;72.0;Inf;Inf
2261.0;72.0;Inf;Inf
2262.0;72.0;Inf;Inf
2263.0;72.0;Inf;Inf
2264.0;72.0;Inf;Inf
2265.0;72.0;Inf;Inf
2266.0;72.0;Inf;Inf
2267.0;72.0;Inf;Inf
2268.0;72.0;Inf;Inf
2269.0;72.0;Inf;Inf
2270.0;72.0;Inf;Inf
2271.0;72.0;Inf;Inf
2272.0;72.0;Inf;Inf
2273.0;72.0;Inf;Inf
2274.0;72.0;Inf;Inf
2275.0;72.0;Inf;Inf
2276.0;72.0;Inf;Inf
2277.0;72.0;Inf;Inf
2278.0;72.0;Inf;Inf
2279.0;72.0;Inf;Inf
2280.0;72.0;Inf;Inf
2281.0;72.0;Inf;Inf
2282.0;72.0;Inf;Inf
2283.0;72.0;Inf;Inf
2284.0;72.0;Inf;Inf
2285.0;72.0;Inf;Inf
2286.0;72.0;Inf;Inf
2287.0;72.0;Inf;Inf
2288.0;72.0;Inf;Inf
2289.0;72.0;Inf;Inf
2290.0;72.0;Inf;Inf
2291.0;72.0;Inf;Inf
2292.0;72.0;Inf;Inf
2293.0;72.0;Inf;Inf
2294.0;72.0;Inf;Inf
2295.0;72.0;Inf;Inf
2296.0;72.0;Inf;Inf
2297.0;72.0;Inf;Inf
2298.0;72.0;Inf;Inf
2299.0;72.0;Inf;Inf
2300.0;72.0;Inf;Inf
2301.0;72.0;Inf;Inf
2302.0;72.0;Inf;Inf
2303.0;72.0;Inf;Inf
2304.0;72.0;Inf;Inf
2305.0;72.0;Inf;Inf
2306.0;72.0;Inf;Inf
2307.0;72.0;Inf;Inf
2308.0;72.0;Inf;Inf
2309.0;72.0;Inf;Inf
2310.0;72.0;Inf;Inf
2311.0;72.0;Inf;Inf
2312.0;72.0;Inf;Inf
2313.0;72.0;Inf;Inf
2314.0;72.0;Inf;Inf
2315.0;72.0;Inf;Inf
2316.0;72.0;Inf;Inf
2317.0;72.0;Inf;Inf
2318.0;72.0;Inf;Inf
2319.0;72.0;Inf;Inf
2320.0;72.0;Inf;Inf
2321.0;72.0;Inf;Inf
2322.0;72.0;Inf;Inf
2323.0;72.0;Inf;Inf
2324.0;72.0;Inf;Inf
2325.0;72.0;Inf;Inf
2326.0;72.0;Inf;Inf
2327.0;72.0;Inf;Inf
2328.0;72.0;Inf;Inf
2329.0;72.0;Inf;Inf
2330.0;72.0;Inf;Inf
2331.0;72.0;Inf;Inf
2332.0;72.0;Inf;Inf
2333.0;72.0;Inf;Inf
2334.0;72.0;Inf;Inf
2335.0;72.0;Inf;Inf
2336.0;72.0;Inf;Inf
2337.0;72.0;Inf;Inf
2338.0;72.0;Inf;Inf
2339.0;72.0;Inf;Inf
2340.0;72.0;Inf;Inf
2341.0;72.0;Inf;Inf
2342.0;72.0;Inf;Inf
2343.0;72.0;Inf;Inf
2344.0;72.0;Inf;Inf
2345.0;72.0;Inf;Inf
2346.0;72.0;Inf;Inf
2347.0;72.0;Inf;Inf
2348.0;72.0;Inf;Inf
2349.0;72.0;Inf;Inf
2350.0;72.0;Inf;Inf
2351.0;72.0;Inf;Inf
2352.0;72.0;Inf;Inf
2353.0;72.0;Inf;Inf
2354.0;72.0;Inf;Inf
2355.0;72.0;Inf;Inf
2356.0;72.0;Inf;Inf
2357.0;72.0;Inf;Inf
2358.0;72.0;Inf;Inf
2359.0;72.0;Inf;Inf
2360.0;72.0;Inf;Inf
2361.0;72.0;Inf;Inf
2362.0;72.0;Inf;Inf
2363.0;72.0;Inf;Inf
2364.0;72.0;Inf;Inf
2365.0;72.0;Inf;Inf
2366.0;72.0;Inf;Inf
2367.0;72.0;Inf;Inf
2368.0;72.0;Inf;Inf
2369.0;72.0;Inf;Inf
2370.0;72.0;Inf;Inf
2371.0;72.0;Inf;Inf
2372.0;72.0;Inf;Inf
2373.0;72.0;Inf;Inf
2374.0;72.0;Inf;Inf
2375.0;72.0;Inf;Inf
2376.0;72.0;Inf;Inf
2377.0;72.0;Inf;Inf
2378.0;72.0;Inf;Inf
2379.0;72.0;Inf;Inf
2380.0;72.0;Inf;Inf
2381.0;72.0;Inf;Inf
2382.0;72.0;Inf;Inf
2383.0;72.0;Inf;Inf
2384.0;72.0;Inf;Inf
2385.0;72.0;Inf;Inf
2386.0;72.0;Inf;Inf
2387.0;72.0;Inf;Inf
2388.0;72.0;Inf;Inf
2389.0;72.0;Inf;Inf
2390.0;72.0;Inf;Inf
2391.0;72.0;Inf;Inf
2392.0;72.0;Inf;Inf
2393.0;72.0;Inf;Inf
2394.0;72.0;Inf;Inf
2395.0;72.0;Inf;Inf
2396.0;72.0;Inf;Inf
2397.0;72.0;Inf;Inf
2398.0;72.0;Inf;Inf
2399.0;72.0;Inf;Inf
2400.0;72.0;Inf;Inf
2401.0;72.0;Inf;Inf
2402.0;72.0;Inf;Inf
2403.0;72.0;Inf;Inf
2404.0;72.0;Inf;Inf
2405.0;72.0;Inf;Inf
2406.0;72.0;Inf;Inf
2407.0;72.0;Inf;Inf
2408.0;72.0;Inf;Inf
2409.0;72.0;Inf;Inf
2410.0;72.0;Inf;Inf
2411.0;72.0;Inf;Inf
2412.0;72.0;Inf;Inf
2413.0;72.0;Inf;Inf
2414.0;72.0;Inf;Inf
2415.0;72.0;Inf;Inf
2416.0;72.0;Inf;Inf
2417.0;72.0;Inf;Inf
2418.0;72.0;Inf;Inf
2419.0;72.0;Inf;Inf
2420.0;72.0;Inf;Inf
2421.0;72.0;Inf;Inf
2422.0;72.0;Inf;Inf
2423.0;72.0;Inf;Inf
2424.0;72.0;Inf;Inf
2425.0;72.0;Inf;Inf
2426.0;72.0;Inf;Inf
2427.0;72.0;Inf;Inf
2428.0;72.0;Inf;Inf
2429.0;72.0;Inf;Inf
2430.0;72.0;Inf;Inf
2431.0;72.0;Inf;Inf
2432.0;72.0;Inf;Inf
2433.0;72.0;Inf;Inf
2434.0;72.0;Inf;Inf
2435.0;72.0;Inf;Inf
2436.0;72.0;Inf;Inf
2437.0;72.0;Inf;Inf
2438.0;72.0;Inf;Inf
2439.0;72.0;Inf;Inf
2440.0;72.0;Inf;Inf
2441.0;72.0;Inf;Inf
2442.0;72.0;Inf;Inf
2443.0;72.0;Inf;Inf
2444.0;72.0;Inf;Inf
2445.0;72.0;Inf;Inf
2446.0;72.0;Inf;Inf
2447.0;72.0;Inf;Inf
2448.0;72.0;Inf;Inf
2449.0;72.0;Inf;Inf
2450.0;72.0;Inf;Inf
2451.0;72.0;Inf;Inf
2452.0;72.0;Inf;Inf
2453.0;72.0;Inf;Inf
2454.0;72.0;Inf;Inf
2455.0;72.0;Inf;Inf
2456.0;72.0;Inf;Inf
2457.0;72.0;Inf;Inf
2458.0;72.0;Inf;Inf
2459.0;72.0;Inf;Inf
2460.0;72.0;Inf;Inf
2461.0;72.0;Inf;Inf
2462.0;72.0;Inf;Inf
2463.0;72.0;Inf;Inf
2464.0;72.0;Inf;Inf
2465.0;72.0;Inf;Inf
2466.0;72.0;Inf;Inf
2467.0;72.0;Inf;Inf
2468.0;72.0;Inf;Inf
2469.0;72.0;Inf;Inf
2470.0;72.0;Inf;Inf
2471.0;72.0;Inf;Inf
2472.0;72.0;Inf;Inf
2473.0;72.0;Inf;Inf
2474.0;72.0;Inf;Inf
2475.0;72.0;Inf;Inf
2476.0;72.0;Inf;Inf
2477.0;72.0;Inf;Inf
2478.0;72.0;Inf;Inf
2479.0;72.0;Inf;Inf
2480.0;72.0;Inf;Inf
2481.0;72.0;Inf;Inf
2482.0;72.0;Inf;Inf
2483.0;72.0;Inf;Inf
2484.0;72.0;Inf;Inf
2485.0;72.0;Inf;Inf
2486.0;72.0;Inf;Inf
2487.0;72.0;Inf;Inf
2488.0;72.0;Inf;Inf
2489.0;72.0;Inf;Inf
2490.0;72.0;Inf;Inf
2491.0;72.0;Inf;Inf
2492.0;72.0;Inf;Inf
2493.0;72.0;Inf;Inf
2494.0;72.0;Inf;Inf
2495.0;72.0;Inf;Inf
2496.0;72.0;Inf;Inf
2497.0;72.0;Inf;Inf
2498.0;72.0;Inf;Inf
2499.0;72.0;Inf;Inf
2500.0;72.0;Inf;Inf
2501.0;72.0;Inf;Inf
2502.0;72.0;Inf;Inf
2503.0;72.0;Inf;Inf
2504.0;72.0;Inf;Inf
2505.0;72.0;Inf;Inf
2506.0;72.0;Inf;Inf
2507.0;72.0;Inf;Inf
2508.0;72.0;Inf;Inf
2509.0;72.0;Inf;Inf
2510.0;72.0;Inf;Inf
2511.0;72.0;Inf;Inf
2512.0;72.0;Inf;Inf
2513.0;72.0;Inf;Inf
2514.0;72.0;Inf;Inf
2515.0;72.0;Inf;Inf
2516.0;72.0;Inf;Inf
2517.0;72.0;Inf;Inf
2518.0;72.0;Inf;Inf
2519.0;72.0;Inf;Inf
2520.0;72.0;Inf;Inf
2521.0;72.0;Inf;Inf
2522.0;72.0;Inf;Inf
2523.0;72.0;Inf;Inf
2524.0;72.0;Inf;Inf
2525.0;72.0;Inf;Inf
2526.0;72.0;Inf;Inf
2527.0;72.0;Inf;Inf
2528.0;72.0;Inf;Inf
2529.0;72.0;Inf;Inf
2530.0;72.0;Inf;Inf
2531.0;72.0;Inf;Inf
2532.0;72.0;Inf;Inf
2533.0;72.0;Inf;Inf
2534.0;72.0;Inf;Inf
2535.0;72.0;Inf;Inf
2536.0;72.0;Inf;Inf
2537.0;72.0;Inf;Inf
2538.0;72.0;Inf;Inf
2539.0;72.0;Inf;Inf
2540.0;72.0;Inf;Inf
2541.0;72.0;Inf;Inf
2542.0;72.0;Inf;Inf
2543.0;72.0;Inf;Inf
2544.0;72.0;Inf;Inf
2545.0;72.0;Inf;Inf
2546.0;72.0;Inf;Inf
2547.0;72.0;Inf;Inf
2548.0;72.0;Inf;Inf
2549.0;72.0;Inf;Inf
2550.0;72.0;Inf;Inf
2551.0;72.0;Inf;Inf
2552.0;72.0;Inf;Inf
2553.0;72.0;Inf;Inf
2554.0;72.0;Inf;Inf
2555.0;72.0;Inf;Inf
2556.0;72.0;Inf;Inf
2557.0;72.0;Inf;Inf
2558.0;72.0;Inf;Inf
2559.0;72.0;Inf;Inf
2560.0;72.0;Inf;Inf
2561.0;72.0;Inf;Inf
2562.0;72.0;Inf;Inf
2563.0;72.0;Inf;Inf
2564.0;72.0;Inf;Inf
2565.0;72.0;Inf;Inf
2566.0;72.0;Inf;Inf
2567.0;72.0;Inf;Inf
2568.0;72.0;Inf;Inf
2569.0;72.0;Inf;Inf
2570.0;72.0;Inf;Inf
2571.0;72.0;Inf;Inf
2572.0;72.0;Inf;Inf
2573.0;72.0;Inf;Inf
2574.0;72.0;Inf;Inf
2575.0;72.0;Inf;Inf
2576.0;72.0;Inf;Inf
2577.0;72.0;Inf;Inf
2578.0;72.0;Inf;Inf
2579.0;72.0;Inf;Inf
2580.0;72.0;Inf;Inf
2581.0;72.0;Inf;Inf
2582.0;72.0;Inf;Inf
2583.0;72.0;Inf;Inf
2584.0;72.0;Inf;Inf
2585.0;72.0;Inf;Inf
2586.0;72.0;Inf;Inf
2587.0;72.0;Inf;Inf
2588.0;72.0;Inf;Inf
2589.0;72.0;Inf;Inf
2590.0;72.0;Inf;Inf
2591.0;72.0;Inf;Inf
2592.0;72.0;Inf;Inf
2593.0;72.0;Inf;Inf
2594.0;72.0;Inf;Inf
2595.0;72.0;Inf;Inf
2596.0;72.0;Inf;Inf
2597.0;72.0;Inf;Inf
2598.0;72.0;Inf;Inf
2599.0;72.0;Inf;Inf
2600.0;72.0;Inf;Inf
2601.0;72.0;Inf;Inf
2602.0;72.0;Inf;Inf
2603.0;72.0;Inf;Inf
2604.0;72.0;Inf;Inf
2605.0;72.0;Inf;Inf
2606.0;72.0;Inf;Inf
2607.0;72.0;Inf;Inf
2608.0;72.0;Inf;Inf
2609.0;72.0;Inf;Inf
2610.0;72.0;Inf;Inf
2611.0;72.0;Inf;Inf
2612.0;72.0;Inf;Inf
2613.0;72.0;Inf;Inf
2614.0;72.0;Inf;Inf
2615.0;72.0;Inf;Inf
2616.0;72.0;Inf;Inf
2617.0;72.0;Inf;Inf
2618.0;72.0;Inf;Inf
2619.0;72.0;Inf;Inf
2620.0;72.0;Inf;Inf
2621.0;72.0;Inf;Inf
2622.0;72.0;Inf;Inf
2623.0;72.0;Inf;Inf
2624.0;72.0;Inf;Inf
2625.0;72.0;Inf;Inf
2626.0;72.0;Inf;Inf
2627.0;72.0;Inf;Inf
2628.0;72.0;Inf;Inf
2629.0;72.0;Inf;Inf
2630.0;72.0;Inf;Inf
2631.0;72.0;Inf;Inf
2632.0;72.0;Inf;Inf
2633.0;72.0;Inf;Inf
2634.0;72.0;Inf;Inf
2635.0;72.0;Inf;Inf
2636.0;72.0;Inf;Inf
2637.0;72.0;Inf;Inf
2638.0;72.0;Inf;Inf
2639.0;72.0;Inf;Inf
2640.0;72.0;Inf;Inf
2641.0;72.0;Inf;Inf
2642.0;72.0;Inf;Inf
2643.0;72.0;Inf;Inf
2644.0;72.0;Inf;Inf
2645.0;72.0;Inf;Inf
2646.0;72.0;Inf;Inf
2647.0;72.0;Inf;Inf
2648.0;72.0;Inf;Inf
2649.0;72.0;Inf;Inf
2650.0;72.0;Inf;Inf
2651.0;72.0;Inf;Inf
2652.0;72.0;Inf;Inf
2653.0;72.0;Inf;Inf
2654.0;72.0;Inf;Inf
2655.0;72.0;Inf;Inf
2656.0;72.0;Inf;Inf
2657.0;72.0;Inf;Inf
2658.0;72.0;Inf;Inf
2659.0;72.0;Inf;Inf
2660.0;72.0;Inf;Inf
2661.0;72.0;Inf;Inf
2662.0;72.0;Inf;Inf
2663.0;72.0;Inf;Inf
2664.0;72.0;Inf;Inf
2665.0;72.0;Inf;Inf
2666.0;72.0;Inf;Inf
2667.0;72.0;Inf;Inf
2668.0;72.0;Inf;Inf
2669.0;72.0;Inf;Inf
2670.0;72.0;Inf;Inf
2671.0;72.0;Inf;Inf
2672.0;72.0;Inf;Inf
2673.0;72.0;Inf;Inf
2674.0;72.0;Inf;Inf
2675.0;72.0;Inf;Inf
2676.0;72.0;Inf;Inf
2677.0;72.0;Inf;Inf
2678.0;72.0;Inf;Inf
2679.0;72.0;Inf;Inf
2680.0;72.0;Inf;Inf
2681.0;72.0;Inf;Inf
2682.0;72.0;Inf;Inf
2683.0;72.0;Inf;Inf
2684.0;72.0;Inf;Inf
2685.0;72.0;Inf;Inf
2686.0;72.0;Inf;Inf
2687.0;72.0;Inf;Inf
2688.0;72.0;Inf;Inf
2689.0;72.0;Inf;Inf
2690.0;72.0;Inf;Inf
2691.0;72.0;Inf;Inf
2692.0;72.0;Inf;Inf
2693.0;72.0;Inf;Inf
2694.0;72.0;Inf;Inf
2695.0;72.0;Inf;Inf
2696.0;72.0;Inf;Inf
2697.0;72.0;Inf;Inf
2698.0;72.0;Inf;Inf
2699.0;72.0;Inf;Inf
2700.0;72.0;Inf;Inf
2701.0;72.0;Inf;Inf
2702.0;72.0;Inf;Inf
2703.0;72.0;Inf;Inf
2704.0;72.0;Inf;Inf
2705.0;72.0;Inf;Inf
2706.0;72.0;Inf;Inf
2707.0;72.0;Inf;Inf
2708.0;72.0;Inf;Inf
2709.0;72.0;Inf;Inf
2710.0;72.0;Inf;Inf
2711.0;72.0;Inf;Inf
2712.0;72.0;Inf;Inf
2713.0;72.0;Inf;Inf
2714.0;72.0;Inf;Inf
2715.0;72.0;Inf;Inf
2716.0;72.0;Inf;Inf
2717.0;72.0;Inf;Inf
2718.0;72.0;Inf;Inf
2719.0;72.0;Inf;Inf
2720.0;72.0;Inf;Inf
2721.0;72.0;Inf;Inf
2722.0;72.0;Inf;Inf
2723.0;72.0;Inf;Inf
2724.0;72.0;Inf;Inf
2725.0;72.0;Inf;Inf
2726.0;72.0;Inf;Inf
2727.0;72.0;Inf;Inf
2728.0;72.0;Inf;Inf
2729.0;72.0;Inf;Inf
2730.0;72.0;Inf;Inf
2731.0;72.0;Inf;Inf
2732.0;72.0;Inf;Inf
2733.0;72.0;Inf;Inf
2734.0;72.0;Inf;Inf
2735.0;72.0;Inf;Inf
2736.0;72.0;Inf;Inf
2737.0;72.0;Inf;Inf
2738.0;72.0;Inf;Inf
2739.0;72.0;Inf;Inf
2740.0;72.0;Inf;Inf
2741.0;72.0;Inf;Inf
2742.0;72.0;Inf;Inf
2743.0;72.0;Inf;Inf
2744.0;72.0;Inf;Inf
2745.0;72.0;Inf;Inf
2746.0;72.0;Inf;Inf
2747.0;72.0;Inf;Inf
2748.0;72.0;Inf;Inf
2749.0;72.0;Inf;Inf
2750.0;72.0;Inf;Inf
2751.0;72.0;Inf;Inf
2752.0;72.0;Inf;Inf
2753.0;72.0;Inf;Inf
2754.0;72.0;Inf;Inf
2755.0;72.0;Inf;Inf
2756.0;72.0;Inf;Inf
2757.0;72.0;Inf;Inf
2758.0;72.0;Inf;Inf
2759.0;72.0;Inf;Inf
2760.0;72.0;Inf;Inf
2761.0;72.0;Inf;Inf
2762.0;72.0;Inf;Inf
2763.0;72.0;Inf;Inf
2764.0;72.0;Inf;Inf
2765.0;72.0;Inf;Inf
2766.0;72.0;Inf;Inf
2767.0;72.0;Inf;Inf
2768.0;72.0;Inf;Inf
2769.0;72.0;Inf;Inf
2770.0;72.0;Inf;Inf
2771.0;72.0;Inf;Inf
2772.0;72.0;Inf;Inf
2773.0;72.0;Inf;Inf
2774.0;72.0;Inf;Inf
2775.0;72.0;Inf;Inf
2776.0;72.0;Inf;Inf
2777.0;72.0;Inf;Inf
2778.0;72.0;Inf;Inf
2779.0;72.0;Inf;Inf
2780.0;72.0;Inf;Inf
2781.0;72.0;Inf;Inf
2782.0;72.0;Inf;Inf
2783.0;72.0;Inf;Inf
2784.0;72.0;Inf;Inf
2785.0;72.0;Inf;Inf
2786.0;72.0;Inf;Inf
2787.0;72.0;Inf;Inf
2788.0;72.0;Inf;Inf
2789.0;72.0;Inf;Inf
2790.0;72.0;Inf;Inf
2791.0;72.0;Inf;Inf
2792.0;72.0;Inf;Inf
2793.0;72.0;Inf;Inf
2794.0;72.0;Inf;Inf
2795.0;72.0;Inf;Inf
2796.0;72.0;Inf;Inf
2797.0;72.0;Inf;Inf
2798.0;72.0;Inf;Inf
2799.0;72.0;Inf;Inf
2800.0;72.0;Inf;Inf
2801.0;72.0;Inf;Inf
2802.0;72.0;Inf;Inf
2803.0;72.0;Inf;Inf
2804.0;72.0;Inf;Inf
2805.0;72.0;Inf;Inf
2806.0;72.0;Inf;Inf
2807.0;72.0;Inf;Inf
2808.0;72.0;Inf;Inf
2809.0;72.0;Inf;Inf
2810.0;72.0;Inf;Inf
2811.0;72.0;Inf;Inf
2812.0;72.0;Inf;Inf
2813.0;72.0;Inf;Inf
2814.0;72.0;Inf;Inf
2815.0;72.0;Inf;Inf
2816.0;72.0;Inf;Inf
2817.0;72.0;Inf;Inf
2818.0;72.0;Inf;Inf
2819.0;72.0;Inf;Inf
2820.0;72.0;Inf;Inf
2821.0;72.0;Inf;Inf
2822.0;72.0;Inf;Inf
2823.0;72.0;Inf;Inf
2824.0;72.0;Inf;Inf
2825.0;72.0;Inf;Inf
2826.0;72.0;Inf;Inf
2827.0;72.0;Inf;Inf
2828.0;72.0;Inf;Inf
2829.0;72.0;Inf;Inf
2830.0;72.0;Inf;Inf
2831.0;72.0;Inf;Inf
2832.0;72.0;Inf;Inf
2833.0;72.0;Inf;Inf
2834.0;72.0;Inf;Inf
2835.0;72.0;Inf;Inf
2836.0;72.0;Inf;Inf
2837.0;72.0;Inf;Inf
2838.0;72.0;Inf;Inf
2839.0;72.0;Inf;Inf
2840.0;72.0;Inf;Inf
2841.0;72.0;Inf;Inf
2842.0;72.0;Inf;Inf
2843.0;72.0;Inf;Inf
2844.0;72.0;Inf;Inf
2845.0;72.0;Inf;Inf
2846.0;72.0;Inf;Inf
2847.0;72.0;Inf;Inf
2848.0;72.0;Inf;Inf
2849.0;72.0;Inf;Inf
2850.0;72.0;Inf;Inf
2851.0;72.0;Inf;Inf
2852.0;72.0;Inf;Inf
2853.0;72.0;Inf;Inf
2854.0;72.0;Inf;Inf
2855.0;72.0;Inf;Inf
2856.0;72.0;Inf;Inf
2857.0;72.0;Inf;Inf
2858.0;72.0;Inf;Inf
2859.0;72.0;Inf;Inf
2860.0;72.0;Inf;Inf
2861.0;72.0;Inf;Inf
2862.0;72.0;Inf;Inf
2863.0;72.0;Inf;Inf
2864.0;72.0;Inf;Inf
2865.0;72.0;Inf;Inf
2866.0;72.0;Inf;Inf
2867.0;72.0;Inf;Inf
2868.0;72.0;Inf;Inf
2869.0;72.0;Inf;Inf
2870.0;72.0;Inf;Inf
2871.0;72.0;Inf;Inf
2872.0;72.0;Inf;Inf
2873.0;72.0;Inf;Inf
2874.0;72.0;Inf;Inf
2875.0;72.0;Inf;Inf
2876.0;72.0;Inf;Inf
2877.0;72.0;Inf;Inf
2878.0;72.0;Inf;Inf
2879.0;72.0;Inf;Inf
2880.0;72.0;Inf;Inf
2881.0;72.0;Inf;Inf
2882.0;72.0;Inf;Inf
2883.0;72.0;Inf;Inf
2884.0;72.0;Inf;Inf
2885.0;72.0;Inf;Inf
2886.0;72.0;Inf;Inf
2887.0;72.0;Inf;Inf
2888.0;72.0;Inf;Inf
2889.0;72.0;Inf;Inf
2890.0;72.0;Inf;Inf
2891.0;72.0;Inf;Inf
2892.0;72.0;Inf;Inf
2893.0;72.0;Inf;Inf
2894.0;72.0;Inf;Inf
2895.0;72.0;Inf;Inf
2896.0;72.0;Inf;Inf
2897.0;72.0;Inf;Inf
2898.0;72.0;Inf;Inf
2899.0;72.0;Inf;Inf
2900.0;72.0;Inf;Inf
2901.0;72.0;Inf;Inf
2902.0;72.0;Inf;Inf
2903.0;72.0;Inf;Inf
2904.0;72.0;Inf;Inf
2905.0;72.0;Inf;Inf
2906.0;72.0;Inf;Inf
2907.0;72.0;Inf;Inf
2908.0;72.0;Inf;Inf
2909.0;72.0;Inf;Inf
2910.0;72.0;Inf;Inf
2911.0;72.0;Inf;Inf
2912.0;72.0;Inf;Inf
2913.0;72.0;Inf;Inf
2914.0;72.0;Inf;Inf
2915.0;72.0;Inf;Inf
2916.0;72.0;Inf;Inf
2917.0;72.0;Inf;Inf
2918.0;72.0;Inf;Inf
2919.0;72.0;Inf;Inf
2920.0;72.0;Inf;Inf
2921.0;72.0;Inf;Inf
2922.0;72.0;Inf;Inf
2923.0;72.0;Inf;Inf
2924.0;72.0;Inf;Inf
2925.0;72.0;Inf;Inf
2926.0;72.0;Inf;Inf
2927.0;72.0;Inf;Inf
2928.0;72.0;Inf;Inf
2929.0;72.0;Inf;Inf
2930.0;72.0;Inf;Inf
2931.0;72.0;Inf;Inf
2932.0;72.0;Inf;Inf
2933.0;72.0;Inf;Inf
2934.0;72.0;Inf;Inf
2935.0;72.0;Inf;Inf
2936.0;72.0;Inf;Inf
2937.0;72.0;Inf;Inf
2938.0;72.0;Inf;Inf
2939.0;72.0;Inf;Inf
2940.0;72.0;Inf;Inf
2941.0;72.0;Inf;Inf
2942.0;72.0;Inf;Inf
2943.0;72.0;Inf;Inf
2944.0;72.0;Inf;Inf
2945.0;72.0;Inf;Inf
2946.0;72.0;Inf;Inf
2947.0;72.0;Inf;Inf
2948.0;72.0;Inf;Inf
2949.0;72.0;Inf;Inf
2950.0;72.0;Inf;Inf
2951.0;72.0;Inf;Inf
2952.0;72.0;Inf;Inf
2953.0;72.0;Inf;Inf
2954.0;72.0;Inf;Inf
2955.0;72.0;Inf;Inf
2956.0;72.0;Inf;Inf
2957.0;72.0;Inf;Inf
2958.0;72.0;Inf;Inf
2959.0;72.0;Inf;Inf
2960.0;72.0;Inf;Inf
2961.0;72.0;Inf;Inf
2962.0;72.0;Inf;Inf
2963.0;72.0;Inf;Inf
2964.0;72.0;Inf;Inf
2965.0;72.0;Inf;Inf
2966.0;72.0;Inf;Inf
2967.0;72.0;Inf;Inf
2968.0;72.0;Inf;Inf
2969.0;72.0;Inf;Inf
2970.0;72.0;Inf;Inf
2971.0;72.0;Inf;Inf
2972.0;72.0;Inf;Inf
2973.0;72.0;Inf;Inf
2974.0;72.0;Inf;Inf
2975.0;72.0;Inf;Inf
2976.0;72.0;Inf;Inf
2977.0;72.0;Inf;Inf
2978.0;72.0;Inf;Inf
2979.0;72.0;Inf;Inf
2980.0;72.0;Inf;Inf
2981.0;72.0;Inf;Inf
2982.0;72.0;Inf;Inf
2983.0;72.0;Inf;Inf
2984.0;72.0;Inf;Inf
2985.0;72.0;Inf;Inf
2986.0;72.0;Inf;Inf
2987.0;72.0;Inf;Inf
2988.0;72.0;Inf;Inf
2989.0;72.0;Inf;Inf
2990.0;72.0;Inf;Inf
2991.0;72.0;Inf;Inf
2992.0;72.0;Inf;Inf
2993.0;72.0;Inf;Inf
2994.0;72.0;Inf;Inf
2995.0;72.0;Inf;Inf
2996.0;72.0;Inf;Inf
2997.0;72.0;Inf;Inf
2998.0;72.0;Inf;Inf
2999.0;72.0;Inf;Inf
3000.0;72.0;Inf;Inf
3001.0;72.0;Inf;Inf
3002.0;72.0;Inf;Inf
3003.0;72.0;Inf;Inf
3004.0;72.0;Inf;Inf
3005.0;72.0;Inf;Inf
3006.0;72.0;Inf;Inf
3007.0;72.0;Inf;Inf
3008.0;72.0;Inf;Inf
3009.0;72.0;Inf;Inf
3010.0;72.0;Inf;Inf
3011.0;72.0;Inf;Inf
3012.0;72.0;Inf;Inf
3013.0;72.0;Inf;Inf
3014.0;72.0;Inf;Inf
3015.0;72.0;Inf;Inf
3016.0;72.0;Inf;Inf
3017.0;72.0;Inf;Inf
3018.0;72.0;Inf;Inf
3019.0;72.0;Inf;Inf
3020.0;72.0;Inf;Inf
3021.0;72.0;Inf;Inf
3022.0;72.0;Inf;Inf
3023.0;72.0;Inf;Inf
3024.0;72.0;Inf;Inf
3025.0;72.0;Inf;Inf
3026.0;72.0;Inf;Inf
3027.0;72.0;Inf;Inf
3028.0;72.0;Inf;Inf
3029.0;72.0;Inf;Inf
3030.0;72.0;Inf;Inf
3031.0;72.0;Inf;Inf
3032.0;72.0;Inf;Inf
3033.0;72.0;Inf;Inf
3034.0;72.0;Inf;Inf
3035.0;72.0;Inf;Inf
3036.0;72.0;Inf;Inf
3037.0;72.0;Inf;Inf
3038.0;72.0;Inf;Inf
3039.0;72.0;Inf;Inf
3040.0;72.0;Inf;Inf
3041.0;72.0;Inf;Inf
3042.0;72.0;Inf;Inf
3043.0;72.0;Inf;Inf
3044.0;72.0;Inf;Inf
3045.0;72.0;Inf;Inf
3046.0;72.0;Inf;Inf
3047.0;72.0;Inf;Inf
3048.0;72.0;Inf;Inf
3049.0;72.0;Inf;Inf
3050.0;72.0;Inf;Inf
3051.0;72.0;Inf;Inf
3052.0;72.0;Inf;Inf
3053.0;72.0;Inf;Inf
3054.0;72.0;Inf;Inf
3055.0;72.0;Inf;Inf
3056.0;72.0;Inf;Inf
3057.0;72.0;Inf;Inf
3058.0;72.0;Inf;Inf
3059.0;72.0;Inf;Inf
3060.0;72.0;Inf;Inf
3061.0;72.0;Inf;Inf
3062.0;72.0;Inf;Inf
3063.0;72.0;Inf;Inf
3064.0;72.0;Inf;Inf
3065.0;72.0;Inf;Inf
3066.0;72.0;Inf;Inf
3067.0;72.0;Inf;Inf
3068.0;72.0;Inf;Inf
3069.0;72.0;Inf;Inf
3070.0;72.0;Inf;Inf
3071.0;72.0;Inf;Inf
3072.0;72.0;Inf;Inf
3073.0;72.0;Inf;Inf
3074.0;72.0;Inf;Inf
3075.0;72.0;Inf;Inf
3076.0;72.0;Inf;Inf
3077.0;72.0;Inf;Inf
3078.0;72.0;Inf;Inf
3079.0;72.0;Inf;Inf
3080.0;72.0;Inf;Inf
3081.0;72.0;Inf;Inf
3082.0;72.0;Inf;Inf
3083.0;72.0;Inf;Inf
3084.0;72.0;Inf;Inf
3085.0;72.0;Inf;Inf
3086.0;72.0;Inf;Inf
3087.0;72.0;Inf;Inf
3088.0;72.0;Inf;Inf
3089.0;72.0;Inf;Inf
3090.0;72.0;Inf;Inf
3091.0;72.0;Inf;Inf
3092.0;72.0;Inf;Inf
3093.0;72.0;Inf;Inf
3094.0;72.0;Inf;Inf
3095.0;72.0;Inf;Inf
3096.0;72.0;Inf;Inf
3097.0;72.0;Inf;Inf
3098.0;72.0;Inf;Inf
3099.0;72.0;Inf;Inf
3100.0;72.0;Inf;Inf
3101.0;72.0;Inf;Inf
3102.0;72.0;Inf;Inf
3103.0;72.0;Inf;Inf
3104.0;72.0;Inf;Inf
3105.0;72.0;Inf;Inf
3106.0;72.0;Inf;Inf
3107.0;72.0;Inf;Inf
3108.0;72.0;Inf;Inf
3109.0;72.0;Inf;Inf
3110.0;72.0;Inf;Inf
3111.0;72.0;Inf;Inf
3112.0;72.0;Inf;Inf
3113.0;72.0;Inf;Inf
3114.0;72.0;Inf;Inf
3115.0;72.0;Inf;Inf
3116.0;72.0;Inf;Inf
3117.0;72.0;Inf;Inf
3118.0;72.0;Inf;Inf
3119.0;72.0;Inf;Inf
3120.0;72.0;Inf;Inf
3121.0;72.0;Inf;Inf
3122.0;72.0;Inf;Inf
3123.0;72.0;Inf;Inf
3124.0;72.0;Inf;Inf
3125.0;72.0;Inf;Inf
3126.0;72.0;Inf;Inf
3127.0;72.0;Inf;Inf
3128.0;72.0;Inf;Inf
3129.0;72.0;Inf;Inf
3130.0;72.0;Inf;Inf
3131.0;72.0;Inf;Inf
3132.0;72.0;Inf;Inf
3133.0;72.0;Inf;Inf
3134.0;72.0;Inf;Inf
3135.0;72.0;Inf;Inf
3136.0;72.0;Inf;Inf
3137.0;72.0;Inf;Inf
3138.0;72.0;Inf;Inf
3139.0;72.0;Inf;Inf
3140.0;72.0;Inf;Inf
3141.0;72.0;Inf;Inf
3142.0;72.0;Inf;Inf
3143.0;72.0;Inf;Inf
3144.0;72.0;Inf;Inf
3145.0;72.0;Inf;Inf
3146.0;72.0;Inf;Inf
3147.0;72.0;Inf;Inf
3148.0;72.0;Inf;Inf
3149.0;72.0;Inf;Inf
3150.0;72.0;Inf;Inf
3151.0;72.0;Inf;Inf
3152.0;72.0;Inf;Inf
3153.0;72.0;Inf;Inf
3154.0;72.0;Inf;Inf
3155.0;72.0;Inf;Inf
3156.0;72.0;Inf;Inf
3157.0;72.0;Inf;Inf
3158.0;72.0;Inf;Inf
3159.0;72.0;Inf;Inf
3160.0;72.0;Inf;Inf
3161.0;72.0;Inf;Inf
3162.0;72.0;Inf;Inf
3163.0;72.0;Inf;Inf
3164.0;72.0;Inf;Inf
3165.0;72.0;Inf;Inf
3166.0;72.0;Inf;Inf
3167.0;72.0;Inf;Inf
3168.0;72.0;Inf;Inf
3169.0;72.0;Inf;Inf
3170.0;72.0;Inf;Inf
3171.0;72.0;Inf;Inf
3172.0;72.0;Inf;Inf
3173.0;72.0;Inf;Inf
3174.0;72.0;Inf;Inf
3175.0;72.0;Inf;Inf
3176.0;72.0;Inf;Inf
3177.0;72.0;Inf;Inf
3178.0;72.0;Inf;Inf
3179.0;72.0;Inf;Inf
3180.0;72.0;Inf;Inf
3181.0;72.0;Inf;Inf
3182.0;72.0;Inf;Inf
3183.0;72.0;Inf;Inf
3184.0;72.0;Inf;Inf
3185.0;72.0;Inf;Inf
3186.0;72.0;Inf;Inf
3187.0;72.0;Inf;Inf
3188.0;72.0;Inf;Inf
3189.0;72.0;Inf;Inf
3190.0;72.0;Inf;Inf
3191.0;72.0;Inf;Inf
3192.0;72.0;Inf;Inf
3193.0;72.0;Inf;Inf
3194.0;72.0;Inf;Inf
3195.0;72.0;Inf;Inf
3196.0;72.0;Inf;Inf
3197.0;72.0;Inf;Inf
3198.0;72.0;Inf;Inf
3199.0;72.0;Inf;Inf
3200.0;72.0;Inf;Inf
3201.0;72.0;Inf;Inf
3202.0;72.0;Inf;Inf
3203.0;72.0;Inf;Inf
3204.0;72.0;Inf;Inf
3205.0;72.0;Inf;Inf
3206.0;72.0;Inf;Inf
3207.0;72.0;Inf;Inf
3208.0;72.0;Inf;Inf
3209.0;72.0;Inf;Inf
3210.0;72.0;Inf;Inf
3211.0;72.0;Inf;Inf
3212.0;72.0;Inf;Inf
3213.0;72.0;Inf;Inf
3214.0;72.0;Inf;Inf
3215.0;72.0;Inf;Inf
3216.0;72.0;Inf;Inf
3217.0;72.0;Inf;Inf
3218.0;72.0;Inf;Inf
3219.0;72.0;Inf;Inf
3220.0;72.0;Inf;Inf
3221.0;72.0;Inf;Inf
3222.0;72.0;Inf;Inf
3223.0;72.0;Inf;Inf
3224.0;72.0;Inf;Inf
3225.0;72.0;Inf;Inf
3226.0;72.0;Inf;Inf
3227.0;72.0;Inf;Inf
3228.0;72.0;Inf;Inf
3229.0;72.0;Inf;Inf
3230.0;72.0;Inf;Inf
3231.0;72.0;Inf;Inf
3232.0;72.0;Inf;Inf
3233.0;72.0;Inf;Inf
3234.0;72.0;Inf;Inf
3235.0;72.0;Inf;Inf
3236.0;72.0;Inf;Inf
3237.0;72.0;Inf;Inf
3238.0;72.0;Inf;Inf
3239.0;72.0;Inf;Inf
3240.0;72.0;Inf;Inf
3241.0;72.0;Inf;Inf
3242.0;72.0;Inf;Inf
3243.0;72.0;Inf;Inf
3244.0;72.0;Inf;Inf
3245.0;72.0;Inf;Inf
3246.0;72.0;Inf;Inf
3247.0;72.0;Inf;Inf
3248.0;72.0;Inf;Inf
3249.0;72.0;Inf;Inf
3250.0;72.0;Inf;Inf
3251.0;72.0;Inf;Inf
3252.0;72.0;Inf;Inf
3253.0;72.0;Inf;Inf
3254.0;72.0;Inf;Inf
3255.0;72.0;Inf;Inf
3256.0;72.0;Inf;Inf
3257.0;72.0;Inf;Inf
3258.0;72.0;Inf;Inf
3259.0;72.0;Inf;Inf
3260.0;72.0;Inf;Inf
3261.0;72.0;Inf;Inf
3262.0;72.0;Inf;Inf
3263.0;72.0;Inf;Inf
3264.0;72.0;Inf;Inf
3265.0;72.0;Inf;Inf
3266.0;72.0;Inf;Inf
3267.0;72.0;Inf;Inf
3268.0;72.0;Inf;Inf
3269.0;72.0;Inf;Inf
3270.0;72.0;Inf;Inf
3271.0;72.0;Inf;Inf
3272.0;72.0;Inf;Inf
3273.0;72.0;Inf;Inf
3274.0;72.0;Inf;Inf
3275.0;72.0;Inf;Inf
3276.0;72.0;Inf;Inf
3277.0;72.0;Inf;Inf
3278.0;72.0;Inf;Inf
3279.0;72.0;Inf;Inf
3280.0;72.0;Inf;Inf
3281.0;72.0;Inf;Inf
3282.0;72.0;Inf;Inf
3283.0;72.0;Inf;Inf
3284.0;72.0;Inf;Inf
3285.0;72.0;Inf;Inf
3286.0;72.0;Inf;Inf
3287.0;72.0;Inf;Inf
3288.0;72.0;Inf;Inf
3289.0;72.0;Inf;Inf
3290.0;72.0;Inf;Inf
3291.0;72.0;Inf;Inf
3292.0;72.0;Inf;Inf
3293.0;72.0;Inf;Inf
3294.0;72.0;Inf;Inf
3295.0;72.0;Inf;Inf
3296.0;72.0;Inf;Inf
3297.0;72.0;Inf;Inf
3298.0;72.0;Inf;Inf
3299.0;72.0;Inf;Inf
3300.0;72.0;Inf;Inf
3301.0;72.0;Inf;Inf
3302.0;72.0;Inf;Inf
3303.0;72.0;Inf;Inf
3304.0;72.0;Inf;Inf
3305.0;72.0;Inf;Inf
3306.0;72.0;Inf;Inf
3307.0;72.0;Inf;Inf
3308.0;72.0;Inf;Inf
3309.0;72.0;Inf;Inf
3310.0;72.0;Inf;Inf
3311.0;72.0;Inf;Inf
3312.0;72.0;Inf;Inf
3313.0;72.0;Inf;Inf
3314.0;72.0;Inf;Inf
3315.0;72.0;Inf;Inf
3316.0;72.0;Inf;Inf
3317.0;72.0;Inf;Inf
3318.0;72.0;Inf;Inf
3319.0;72.0;Inf;Inf
3320.0;72.0;Inf;Inf
3321.0;72.0;Inf;Inf
3322.0;72.0;Inf;Inf
3323.0;72.0;Inf;Inf
3324.0;72.0;Inf;Inf
3325.0;72.0;Inf;Inf
3326.0;72.0;Inf;Inf
3327.0;72.0;Inf;Inf
3328.0;72.0;Inf;Inf
3329.0;72.0;Inf;Inf
3330.0;72.0;Inf;Inf
3331.0;72.0;Inf;Inf
3332.0;72.0;Inf;Inf
3333.0;72.0;Inf;Inf
3334.0;72.0;Inf;Inf
3335.0;72.0;Inf;Inf
3336.0;72.0;Inf;Inf
3337.0;72.0;Inf;Inf
3338.0;72.0;Inf;Inf
3339.0;72.0;Inf;Inf
3340.0;72.0;Inf;Inf
3341.0;72.0;Inf;Inf
3342.0;72.0;Inf;Inf
3343.0;72.0;Inf;Inf
3344.0;72.0;Inf;Inf
3345.0;72.0;Inf;Inf
3346.0;72.0;Inf;Inf
3347.0;72.0;Inf;Inf
3348.0;72.0;Inf;Inf
3349.0;72.0;Inf;Inf
3350.0;72.0;Inf;Inf
3351.0;72.0;Inf;Inf
3352.0;72.0;Inf;Inf
3353.0;72.0;Inf;Inf
3354.0;72.0;Inf;Inf
3355.0;72.0;Inf;Inf
3356.0;72.0;Inf;Inf
3357.0;72.0;Inf;Inf
3358.0;72.0;Inf;Inf
3359.0;72.0;Inf;Inf
3360.0;72.0;Inf;Inf
3361.0;72.0;Inf;Inf
3362.0;72.0;Inf;Inf
3363.0;72.0;Inf;Inf
3364.0;72.0;Inf;Inf
3365.0;72.0;Inf;Inf
3366.0;72.0;Inf;Inf
3367.0;72.0;Inf;Inf
3368.0;72.0;Inf;Inf
3369.0;72.0;Inf;Inf
3370.0;72.0;Inf;Inf
3371.0;72.0;Inf;Inf
3372.0;72.0;Inf;Inf
3373.0;72.0;Inf;Inf
3374.0;72.0;Inf;Inf
3375.0;72.0;Inf;Inf
3376.0;72.0;Inf;Inf
3377.0;72.0;Inf;Inf
3378.0;72.0;Inf;Inf
3379.0;72.0;Inf;Inf
3380.0;72.0;Inf;Inf
3381.0;72.0;Inf;Inf
3382.0;72.0;Inf;Inf
3383.0;72.0;Inf;Inf
3384.0;72.0;Inf;Inf
3385.0;72.0;Inf;Inf
3386.0;72.0;Inf;Inf
3387.0;72.0;Inf;Inf
3388.0;72.0;Inf;Inf
3389.0;72.0;Inf;Inf
3390.0;72.0;Inf;Inf
3391.0;72.0;Inf;Inf
3392.0;72.0;Inf;Inf
3393.0;72.0;Inf;Inf
3394.0;72.0;Inf;Inf
3395.0;72.0;Inf;Inf
3396.0;72.0;Inf;Inf
3397.0;72.0;Inf;Inf
3398.0;72.0;Inf;Inf
3399.0;72.0;Inf;Inf
3400.0;72.0;Inf;Inf
3401.0;72.0;Inf;Inf
3402.0;72.0;Inf;Inf
3403.0;72.0;Inf;Inf
3404.0;72.0;Inf;Inf
3405.0;72.0;Inf;Inf
3406.0;72.0;Inf;Inf
3407.0;72.0;Inf;Inf
3408.0;72.0;Inf;Inf
3409.0;72.0;Inf;Inf
3410.0;72.0;Inf;Inf
3411.0;72.0;Inf;Inf
3412.0;72.0;Inf;Inf
3413.0;72.0;Inf;Inf
3414.0;72.0;Inf;Inf
3415.0;72.0;Inf;Inf
3416.0;72.0;Inf;Inf
3417.0;72.0;Inf;Inf
3418.0;72.0;Inf;Inf
3419.0;72.0;Inf;Inf
3420.0;72.0;Inf;Inf
3421.0;72.0;Inf;Inf
3422.0;72.0;Inf;Inf
3423.0;72.0;Inf;Inf
3424.0;72.0;Inf;Inf
3425.0;72.0;Inf;Inf
3426.0;72.0;Inf;Inf
3427.0;72.0;Inf;Inf
3428.0;72.0;Inf;Inf
3429.0;72.0;Inf;Inf
3430.0;72.0;Inf;Inf
3431.0;72.0;Inf;Inf
3432.0;72.0;Inf;Inf
3433.0;72.0;Inf;Inf
3434.0;72.0;Inf;Inf
3435.0;72.0;Inf;Inf
3436.0;72.0;Inf;Inf
3437.0;72.0;Inf;Inf
3438.0;72.0;Inf;Inf
3439.0;72.0;Inf;Inf
3440.0;72.0;Inf;Inf
3441.0;72.0;Inf;Inf
3442.0;72.0;Inf;Inf
3443.0;72.0;Inf;Inf
3444.0;72.0;Inf;Inf
3445.0;72.0;Inf;Inf
3446.0;72.0;Inf;Inf
3447.0;72.0;Inf;Inf
3448.0;72.0;Inf;Inf
3449.0;72.0;Inf;Inf
3450.0;72.0;Inf;Inf
3451.0;72.0;Inf;Inf
3452.0;72.0;Inf;Inf
3453.0;72.0;Inf;Inf
3454.0;72.0;Inf;Inf
3455.0;72.0;Inf;Inf
3456.0;72.0;Inf;Inf
3457.0;72.0;Inf;Inf
3458.0;72.0;Inf;Inf
3459.0;72.0;Inf;Inf
3460.0;72.0;Inf;Inf
3461.0;72.0;Inf;Inf
3462.0;72.0;Inf;Inf
3463.0;72.0;Inf;Inf
3464.0;72.0;Inf;Inf
3465.0;72.0;Inf;Inf
3466.0;72.0;Inf;Inf
3467.0;72.0;Inf;Inf
3468.0;72.0;Inf;Inf
3469.0;72.0;Inf;Inf
3470.0;72.0;Inf;Inf
3471.0;72.0;Inf;Inf
3472.0;72.0;Inf;Inf
3473.0;72.0;Inf;Inf
3474.0;72.0;Inf;Inf
3475.0;72.0;Inf;Inf
3476.0;72.0;Inf;Inf
3477.0;72.0;Inf;Inf
3478.0;72.0;Inf;Inf
3479.0;72.0;Inf;Inf
3480.0;72.0;Inf;Inf
3481.0;72.0;Inf;Inf
3482.0;72.0;Inf;Inf
3483.0;72.0;Inf;Inf
3484.0;72.0;Inf;Inf
3485.0;72.0;Inf;Inf
3486.0;72.0;Inf;Inf
3487.0;72.0;Inf;Inf
3488.0;72.0;Inf;Inf
3489.0;72.0;Inf;Inf
3490.0;72.0;Inf;Inf
3491.0;72.0;Inf;Inf
3492.0;72.0;Inf;Inf
3493.0;72.0;Inf;Inf
3494.0;72.0;Inf;Inf
3495.0;72.0;Inf;Inf
3496.0;72.0;Inf;Inf
3497.0;72.0;Inf;Inf
3498.0;72.0;Inf;Inf
3499.0;72.0;Inf;Inf
3500.0;72.0;Inf;Inf
3501.0;72.0;Inf;Inf
3502.0;72.0;Inf;Inf
3503.0;72.0;Inf;Inf
3504.0;72.0;Inf;Inf
3505.0;72.0;Inf;Inf
3506.0;72.0;Inf;Inf
3507.0;72.0;Inf;Inf
3508.0;72.0;Inf;Inf
3509.0;72.0;Inf;Inf
3510.0;72.0;Inf;Inf
3511.0;72.0;Inf;Inf
3512.0;72.0;Inf;Inf
3513.0;72.0;Inf;Inf
3514.0;72.0;Inf;Inf
3515.0;72.0;Inf;Inf
3516.0;72.0;Inf;Inf
3517.0;72.0;Inf;Inf
3518.0;72.0;Inf;Inf
3519.0;72.0;Inf;Inf
3520.0;72.0;Inf;Inf
3521.0;72.0;Inf;Inf
3522.0;72.0;Inf;Inf
3523.0;72.0;Inf;Inf
3524.0;72.0;Inf;Inf
3525.0;72.0;Inf;Inf
3526.0;72.0;Inf;Inf
3527.0;72.0;Inf;Inf
3528.0;72.0;Inf;Inf
3529.0;72.0;Inf;Inf
3530.0;72.0;Inf;Inf
3531.0;72.0;Inf;Inf
3532.0;72.0;Inf;Inf
3533.0;72.0;Inf;Inf
3534.0;72.0;Inf;Inf
3535.0;72.0;Inf;Inf
3536.0;72.0;Inf;Inf
3537.0;72.0;Inf;Inf
3538.0;72.0;Inf;Inf
3539.0;72.0;Inf;Inf
3540.0;72.0;Inf;Inf
3541.0;72.0;Inf;Inf
3542.0;72.0;Inf;Inf
3543.0;72.0;Inf;Inf
3544.0;72.0;Inf;Inf
3545.0;72.0;Inf;Inf
3546.0;72.0;Inf;Inf
3547.0;72.0;Inf;Inf
3548.0;72.0;Inf;Inf
3549.0;72.0;Inf;Inf
3550.0;72.0;Inf;Inf
3551.0;72.0;Inf;Inf
3552.0;72.0;Inf;Inf
3553.0;72.0;Inf;Inf
3554.0;72.0;Inf;Inf
3555.0;72.0;Inf;Inf
3556.0;72.0;Inf;Inf
3557.0;72.0;Inf;Inf
3558.0;72.0;Inf;Inf
3559.0;72.0;Inf;Inf
3560.0;72.0;Inf;Inf
3561.0;72.0;Inf;Inf
3562.0;72.0;Inf;Inf
3563.0;72.0;Inf;Inf
3564.0;72.0;Inf;Inf
3565.0;72.0;Inf;Inf
3566.0;72.0;Inf;Inf
3567.0;72.0;Inf;Inf
3568.0;72.0;Inf;Inf
3569.0;72.0;Inf;Inf
3570.0;72.0;Inf;Inf
3571.0;72.0;Inf;Inf
3572.0;72.0;Inf;Inf
3573.0;72.0;Inf;Inf
3574.0;72.0;Inf;Inf
3575.0;72.0;Inf;Inf
3576.0;72.0;Inf;Inf
3577.0;72.0;Inf;Inf
3578.0;72.0;Inf;Inf
3579.0;72.0;Inf;Inf
3580.0;72.0;Inf;Inf
3581.0;72.0;Inf;Inf
3582.0;72.0;Inf;Inf
3583.0;72.0;Inf;Inf
3584.0;72.0;Inf;Inf
3585.0;72.0;Inf;Inf
3586.0;72.0;Inf;Inf
3587.0;72.0;Inf;Inf
3588.0;72.0;Inf;Inf
3589.0;72.0;Inf;Inf
3590.0;72.0;Inf;Inf
3591.0;72.0;Inf;Inf
3592.0;72.0;Inf;Inf
3593.0;72.0;Inf;Inf
3594.0;72.0;Inf;Inf
3595.0;72.0;Inf;Inf
3596.0;72.0;Inf;Inf
3597.0;72.0;Inf;Inf
3598.0;72.0;Inf;Inf
3599.0;72.0;Inf;Inf
3600.0;72.0;Inf;Inf
3601.0;72.0;Inf;Inf
3602.0;72.0;Inf;Inf
3603.0;72.0;Inf;Inf
3604.0;72.0;Inf;Inf
3605.0;72.0;Inf;Inf
3606.0;72.0;Inf;Inf
3607.0;72.0;Inf;Inf
3608.0;72.0;Inf;Inf
3609.0;72.0;Inf;Inf
3610.0;72.0;Inf;Inf
3611.0;72.0;Inf;Inf
3612.0;72.0;Inf;Inf
3613.0;72.0;Inf;Inf
3614.0;72.0;Inf;Inf
3615.0;72.0;Inf;Inf
3616.0;72.0;Inf;Inf
3617.0;72.0;Inf;Inf
3618.0;72.0;Inf;Inf
3619.0;72.0;Inf;Inf
3620.0;72.0;Inf;Inf
3621.0;72.0;Inf;Inf
3622.0;72.0;Inf;Inf
3623.0;72.0;Inf;Inf
3624.0;72.0;Inf;Inf
3625.0;72.0;Inf;Inf
3626.0;72.0;Inf;Inf
3627.0;72.0;Inf;Inf
3628.0;72.0;Inf;Inf
3629.0;72.0;Inf;Inf
3630.0;72.0;Inf;Inf
3631.0;72.0;Inf;Inf
3632.0;72.0;Inf;Inf
3633.0;72.0;Inf;Inf
3634.0;72.0;Inf;Inf
3635.0;72.0;Inf;Inf
3636.0;72.0;Inf;Inf
3637.0;72.0;Inf;Inf
3638.0;72.0;Inf;Inf
3639.0;72.0;Inf;Inf
3640.0;72.0;Inf;Inf
3641.0;72.0;Inf;Inf
3642.0;72.0;Inf;Inf
3643.0;72.0;Inf;Inf
3644.0;72.0;Inf;Inf
3645.0;72.0;Inf;Inf
3646.0;72.0;Inf;Inf
3647.0;72.0;Inf;Inf
3648.0;72.0;Inf;Inf
3649.0;72.0;Inf;Inf
3650.0;72.0;Inf;Inf
3651.0;72.0;Inf;Inf
3652.0;72.0;Inf;Inf
3653.0;72.0;Inf;Inf
3654.0;72.0;Inf;Inf
3655.0;72.0;Inf;Inf
3656.0;72.0;Inf;Inf
3657.0;72.0;Inf;Inf
3658.0;72.0;Inf;Inf
3659.0;72.0;Inf;Inf
3660.0;72.0;Inf;Inf
3661.0;72.0;Inf;Inf
3662.0;72.0;Inf;Inf
3663.0;72.0;Inf;Inf
3664.0;72.0;Inf;Inf
3665.0;72.0;Inf;Inf
3666.0;72.0;Inf;Inf
3667.0;72.0;Inf;Inf
3668.0;72.0;Inf;Inf
3669.0;72.0;Inf;Inf
3670.0;72.0;Inf;Inf
3671.0;72.0;Inf;Inf
3672.0;72.0;Inf;Inf
3673.0;72.0;Inf;Inf
3674.0;72.0;Inf;Inf
3675.0;72.0;Inf;Inf
3676.0;72.0;Inf;Inf
3677.0;72.0;Inf;Inf
3678.0;72.0;Inf;Inf
3679.0;72.0;Inf;Inf
3680.0;72.0;Inf;Inf
3681.0;72.0;Inf;Inf
3682.0;72.0;Inf;Inf
3683.0;72.0;Inf;Inf
3684.0;72.0;Inf;Inf
3685.0;72.0;Inf;Inf
3686.0;72.0;Inf;Inf
3687.0;72.0;Inf;Inf
3688.0;72.0;Inf;Inf
3689.0;72.0;Inf;Inf
3690.0;72.0;Inf;Inf
3691.0;72.0;Inf;Inf
3692.0;72.0;Inf;Inf
3693.0;72.0;Inf;Inf
3694.0;72.0;Inf;Inf
3695.0;72.0;Inf;Inf
3696.0;72.0;Inf;Inf
3697.0;72.0;Inf;Inf
3698.0;72.0;Inf;Inf
3699.0;72.0;Inf;Inf
3700.0;72.0;Inf;Inf
3701.0;72.0;Inf;Inf
3702.0;72.0;Inf;Inf
3703.0;72.0;Inf;Inf
3704.0;72.0;Inf;Inf
3705.0;72.0;Inf;Inf
3706.0;72.0;Inf;Inf
3707.0;72.0;Inf;Inf
3708.0;72.0;Inf;Inf
3709.0;72.0;Inf;Inf
3710.0;72.0;Inf;Inf
3711.0;72.0;Inf;Inf
3712.0;72.0;Inf;Inf
3713.0;72.0;Inf;Inf
3714.0;72.0;Inf;Inf
3715.0;72.0;Inf;Inf
3716.0;72.0;Inf;Inf
3717.0;72.0;Inf;Inf
3718.0;72.0;Inf;Inf
3719.0;72.0;Inf;Inf
3720.0;72.0;Inf;Inf
3721.0;72.0;Inf;Inf
3722.0;72.0;Inf;Inf
3723.0;72.0;Inf;Inf
3724.0;72.0;Inf;Inf
3725.0;72.0;Inf;Inf
3726.0;72.0;Inf;Inf
3727.0;72.0;Inf;Inf
3728.0;72.0;Inf;Inf
3729.0;72.0;Inf;Inf
3730.0;72.0;Inf;Inf
3731.0;72.0;Inf;Inf
3732.0;72.0;Inf;Inf
3733.0;72.0;Inf;Inf
3734.0;72.0;Inf;Inf
3735.0;72.0;Inf;Inf
3736.0;72.0;Inf;Inf
3737.0;72.0;Inf;Inf
3738.0;72.0;Inf;Inf
3739.0;72.0;Inf;Inf
3740.0;72.0;Inf;Inf
3741.0;72.0;Inf;Inf
3742.0;72.0;Inf;Inf
3743.0;72.0;Inf;Inf
3744.0;72.0;Inf;Inf
3745.0;72.0;Inf;Inf
3746.0;72.0;Inf;Inf
3747.0;72.0;Inf;Inf
3748.0;72.0;Inf;Inf
3749.0;72.0;Inf;Inf
3750.0;72.0;Inf;Inf
3751.0;72.0;Inf;Inf
3752.0;72.0;Inf;Inf
3753.0;72.0;Inf;Inf
3754.0;72.0;Inf;Inf
3755.0;72.0;Inf;Inf
3756.0;72.0;Inf;Inf
3757.0;72.0;Inf;Inf
3758.0;72.0;Inf;Inf
3759.0;72.0;Inf;Inf
3760.0;72.0;Inf;Inf
3761.0;72.0;Inf;Inf
3762.0;72.0;Inf;Inf
3763.0;72.0;Inf;Inf
3764.0;72.0;Inf;Inf
3765.0;72.0;Inf;Inf
3766.0;72.0;Inf;Inf
3767.0;72.0;Inf;Inf
3768.0;72.0;Inf;Inf
3769.0;72.0;Inf;Inf
3770.0;72.0;Inf;Inf
3771.0;72.0;Inf;Inf
3772.0;72.0;Inf;Inf
3773.0;72.0;Inf;Inf
3774.0;72.0;Inf;Inf
3775.0;72.0;Inf;Inf
3776.0;72.0;Inf;Inf
3777.0;72.0;Inf;Inf
3778.0;72.0;Inf;Inf
3779.0;72.0;Inf;Inf
3780.0;72.0;Inf;Inf
3781.0;72.0;Inf;Inf
3782.0;72.0;Inf;Inf
3783.0;72.0;Inf;Inf
3784.0;72.0;Inf;Inf
3785.0;72.0;Inf;Inf
3786.0;72.0;Inf;Inf
3787.0;72.0;Inf;Inf
3788.0;72.0;Inf;Inf
3789.0;72.0;Inf;Inf
3790.0;72.0;Inf;Inf
3791.0;72.0;Inf;Inf
3792.0;72.0;Inf;Inf
3793.0;72.0;Inf;Inf
3794.0;72.0;Inf;Inf
3795.0;72.0;Inf;Inf
3796.0;72.0;Inf;Inf
3797.0;72.0;Inf;Inf
3798.0;72.0;Inf;Inf
3799.0;72.0;Inf;Inf
3800.0;72.0;Inf;Inf
3801.0;72.0;Inf;Inf
3802.0;72.0;Inf;Inf
3803.0;72.0;Inf;Inf
3804.0;72.0;Inf;Inf
3805.0;72.0;Inf;Inf
3806.0;72.0;Inf;Inf
3807.0;72.0;Inf;Inf
3808.0;72.0;Inf;Inf
3809.0;72.0;Inf;Inf
3810.0;72.0;Inf;Inf
3811.0;72.0;Inf;Inf
3812.0;72.0;Inf;Inf
3813.0;72.0;Inf;Inf
3814.0;72.0;Inf;Inf
3815.0;72.0;Inf;Inf
3816.0;72.0;Inf;Inf
3817.0;72.0;Inf;Inf
3818.0;72.0;Inf;Inf
3819.0;72.0;Inf;Inf
3820.0;72.0;Inf;Inf
3821.0;72.0;Inf;Inf
3822.0;72.0;Inf;Inf
3823.0;72.0;Inf;Inf
3824.0;72.0;Inf;Inf
3825.0;72.0;Inf;Inf
3826.0;72.0;Inf;Inf
3827.0;72.0;Inf;Inf
3828.0;72.0;Inf;Inf
3829.0;72.0;Inf;Inf
3830.0;72.0;Inf;Inf
3831.0;72.0;Inf;Inf
3832.0;72.0;Inf;Inf
3833.0;72.0;Inf;Inf
3834.0;72.0;Inf;Inf
3835.0;72.0;Inf;Inf
3836.0;72.0;Inf;Inf
3837.0;72.0;Inf;Inf
3838.0;72.0;Inf;Inf
3839.0;72.0;Inf;Inf
3840.0;72.0;Inf;Inf
3841.0;72.0;Inf;Inf
3842.0;72.0;Inf;Inf
3843.0;72.0;Inf;Inf
3844.0;72.0;Inf;Inf
3845.0;72.0;Inf;Inf
3846.0;72.0;Inf;Inf
3847.0;72.0;Inf;Inf
3848.0;72.0;Inf;Inf
3849.0;72.0;Inf;Inf
3850.0;72.0;Inf;Inf
3851.0;72.0;Inf;Inf
3852.0;72.0;Inf;Inf
3853.0;72.0;Inf;Inf
3854.0;72.0;Inf;Inf
3855.0;72.0;Inf;Inf
3856.0;72.0;Inf;Inf
3857.0;72.0;Inf;Inf
3858.0;72.0;Inf;Inf
3859.0;72.0;Inf;Inf
3860.0;72.0;Inf;Inf
3861.0;72.0;Inf;Inf
3862.0;72.0;Inf;Inf
3863.0;72.0;Inf;Inf
3864.0;72.0;Inf;Inf
3865.0;72.0;Inf;Inf
3866.0;72.0;Inf;Inf
3867.0;72.0;Inf;Inf
3868.0;72.0;Inf;Inf
3869.0;72.0;Inf;Inf
3870.0;72.0;Inf;Inf
3871.0;72.0;Inf;Inf
3872.0;72.0;Inf;Inf
3873.0;72.0;Inf;Inf
3874.0;72.0;Inf;Inf
3875.0;72.0;Inf;Inf
3876.0;72.0;Inf;Inf
3877.0;72.0;Inf;Inf
3878.0;72.0;Inf;Inf
3879.0;72.0;Inf;Inf
3880.0;72.0;Inf;Inf
3881.0;72.0;Inf;Inf
3882.0;72.0;Inf;Inf
3883.0;72.0;Inf;Inf
3884.0;72.0;Inf;Inf
3885.0;72.0;Inf;Inf
3886.0;72.0;Inf;Inf
3887.0;72.0;Inf;Inf
3888.0;72.0;Inf;Inf
3889.0;72.0;Inf;Inf
3890.0;72.0;Inf;Inf
3891.0;72.0;Inf;Inf
3892.0;72.0;Inf;Inf
3893.0;72.0;Inf;Inf
3894.0;72.0;Inf;Inf
3895.0;72.0;Inf;Inf
3896.0;72.0;Inf;Inf
3897.0;72.0;Inf;Inf
3898.0;72.0;Inf;Inf
3899.0;72.0;Inf;Inf
3900.0;72.0;Inf;Inf
3901.0;72.0;Inf;Inf
3902.0;72.0;Inf;Inf
3903.0;72.0;Inf;Inf
3904.0;72.0;Inf;Inf
3905.0;72.0;Inf;Inf
3906.0;72.0;Inf;Inf
3907.0;72.0;Inf;Inf
3908.0;72.0;Inf;Inf
3909.0;72.0;Inf;Inf
3910.0;72.0;Inf;Inf
3911.0;72.0;Inf;Inf
3912.0;72.0;Inf;Inf
3913.0;72.0;Inf;Inf
3914.0;72.0;Inf;Inf
3915.0;72.0;Inf;Inf
3916.0;72.0;Inf;Inf
3917.0;72.0;Inf;Inf
3918.0;72.0;Inf;Inf
3919.0;72.0;Inf;Inf
3920.0;72.0;Inf;Inf
3921.0;72.0;Inf;Inf
3922.0;72.0;Inf;Inf
3923.0;72.0;Inf;Inf
3924.0;72.0;Inf;Inf
3925.0;72.0;Inf;Inf
3926.0;72.0;Inf;Inf
3927.0;72.0;Inf;Inf
3928.0;72.0;Inf;Inf
3929.0;72.0;Inf;Inf
3930.0;72.0;Inf;Inf
3931.0;72.0;Inf;Inf
3932.0;72.0;Inf;Inf
3933.0;72.0;Inf;Inf
3934.0;72.0;Inf;Inf
3935.0;72.0;Inf;Inf
3936.0;72.0;Inf;Inf
3937.0;72.0;Inf;Inf
3938.0;72.0;Inf;Inf
3939.0;72.0;Inf;Inf
3940.0;72.0;Inf;Inf
3941.0;72.0;Inf;Inf
3942.0;72.0;Inf;Inf
3943.0;72.0;Inf;Inf
3944.0;72.0;Inf;Inf
3945.0;72.0;Inf;Inf
3946.0;72.0;Inf;Inf
3947.0;72.0;Inf;Inf
3948.0;72.0;Inf;Inf
3949.0;72.0;Inf;Inf
3950.0;72.0;Inf;Inf
3951.0;72.0;Inf;Inf
3952.0;72.0;Inf;Inf
3953.0;72.0;Inf;Inf
3954.0;72.0;Inf;Inf
3955.0;72.0;Inf;Inf
3956.0;72.0;Inf;Inf
3957.0;72.0;Inf;Inf
3958.0;72.0;Inf;Inf
3959.0;72.0;Inf;Inf
3960.0;72.0;Inf;Inf
3961.0;72.0;Inf;Inf
3962.0;72.0;Inf;Inf
3963.0;72.0;Inf;Inf
3964.0;72.0;Inf;Inf
3965.0;72.0;Inf;Inf
3966.0;72.0;Inf;Inf
3967.0;72.0;Inf;Inf
3968.0;72.0;Inf;Inf
3969.0;72.0;Inf;Inf
3970.0;72.0;Inf;Inf
3971.0;72.0;Inf;Inf
3972.0;72.0;Inf;Inf
3973.0;72.0;Inf;Inf
3974.0;72.0;Inf;Inf
3975.0;72.0;Inf;Inf
3976.0;72.0;Inf;Inf
3977.0;72.0;Inf;Inf
3978.0;72.0;Inf;Inf
3979.0;72.0;Inf;Inf
3980.0;72.0;Inf;Inf
3981.0;72.0;Inf;Inf
3982.0;72.0;Inf;Inf
3983.0;72.0;Inf;Inf
3984.0;72.0;Inf;Inf
3985.0;72.0;Inf;Inf
3986.0;72.0;Inf;Inf
3987.0;72.0;Inf;Inf
3988.0;72.0;Inf;Inf
3989.0;72.0;Inf;Inf
3990.0;72.0;Inf;Inf
3991.0;72.0;Inf;Inf
3992.0;72.0;Inf;Inf
3993.0;72.0;Inf;Inf
3994.0;72.0;Inf;Inf
3995.0;72.0;Inf;Inf
3996.0;72.0;Inf;Inf
3997.0;72.0;Inf;Inf
3998.0;72.0;Inf;Inf
3999.0;72.0;Inf;Inf
4000.0;72.0;Inf;Inf
4001.0;72.0;Inf;Inf
4002.0;72.0;Inf;Inf
4003.0;72.0;Inf;Inf
4004.0;72.0;Inf;Inf
4005.0;72.0;Inf;Inf
4006.0;72.0;Inf;Inf
4007.0;72.0;Inf;Inf
4008.0;72.0;Inf;Inf
4009.0;72.0;Inf;Inf
4010.0;72.0;Inf;Inf
4011.0;72.0;Inf;Inf
4012.0;72.0;Inf;Inf
4013.0;72.0;Inf;Inf
4014.0;72.0;Inf;Inf
4015.0;72.0;Inf;Inf
4016.0;72.0;Inf;Inf
4017.0;72.0;Inf;Inf
4018.0;72.0;Inf;Inf
4019.0;72.0;Inf;Inf
4020.0;72.0;Inf;Inf
4021.0;72.0;Inf;Inf
4022.0;72.0;Inf;Inf
4023.0;72.0;Inf;Inf
4024.0;72.0;Inf;Inf
4025.0;72.0;Inf;Inf
4026.0;72.0;Inf;Inf
4027.0;72.0;Inf;Inf
4028.0;72.0;Inf;Inf
4029.0;72.0;Inf;Inf
4030.0;72.0;Inf;Inf
4031.0;72.0;Inf;Inf
4032.0;72.0;Inf;Inf
4033.0;72.0;Inf;Inf
4034.0;72.0;Inf;Inf
4035.0;72.0;Inf;Inf
4036.0;72.0;Inf;Inf
4037.0;72.0;Inf;Inf
4038.0;72.0;Inf;Inf
4039.0;72.0;Inf;Inf
4040.0;72.0;Inf;Inf
4041.0;72.0;Inf;Inf
4042.0;72.0;Inf;Inf
4043.0;72.0;Inf;Inf
4044.0;72.0;Inf;Inf
4045.0;72.0;Inf;Inf
4046.0;72.0;Inf;Inf
4047.0;72.0;Inf;Inf
4048.0;72.0;Inf;Inf
4049.0;72.0;Inf;Inf
4050.0;72.0;Inf;Inf
4051.0;72.0;Inf;Inf
4052.0;72.0;Inf;Inf
4053.0;72.0;Inf;Inf
4054.0;72.0;Inf;Inf
4055.0;72.0;Inf;Inf
4056.0;72.0;Inf;Inf
4057.0;72.0;Inf;Inf
4058.0;72.0;Inf;Inf
4059.0;72.0;Inf;Inf
4060.0;72.0;Inf;Inf
4061.0;72.0;Inf;Inf
4062.0;72.0;Inf;Inf
4063.0;72.0;Inf;Inf
4064.0;72.0;Inf;Inf
4065.0;72.0;Inf;Inf
4066.0;72.0;Inf;Inf
4067.0;72.0;Inf;Inf
4068.0;72.0;Inf;Inf
4069.0;72.0;Inf;Inf
4070.0;72.0;Inf;Inf
4071.0;72.0;Inf;Inf
4072.0;72.0;Inf;Inf
4073.0;72.0;Inf;Inf
4074.0;72.0;Inf;Inf
4075.0;72.0;Inf;Inf
4076.0;72.0;Inf;Inf
4077.0;72.0;Inf;Inf
4078.0;72.0;Inf;Inf
4079.0;72.0;Inf;Inf
4080.0;72.0;Inf;Inf
4081.0;72.0;Inf;Inf
4082.0;72.0;Inf;Inf
4083.0;72.0;Inf;Inf
4084.0;72.0;Inf;Inf
4085.0;72.0;Inf;Inf
4086.0;72.0;Inf;Inf
4087.0;72.0;Inf;Inf
4088.0;72.0;Inf;Inf
4089.0;72.0;Inf;Inf
4090.0;72.0;Inf;Inf
4091.0;72.0;Inf;Inf
4092.0;72.0;Inf;Inf
4093.0;72.0;Inf;Inf
4094.0;72.0;Inf;Inf
4095.0;72.0;Inf;Inf
4096.0;72.0;Inf;Inf
4097.0;72.0;Inf;Inf
4098.0;72.0;Inf;Inf
4099.0;72.0;Inf;Inf
4100.0;72.0;Inf;Inf
4101.0;72.0;Inf;Inf
4102.0;72.0;Inf;Inf
4103.0;72.0;Inf;Inf
4104.0;72.0;Inf;Inf
4105.0;72.0;Inf;Inf
4106.0;72.0;Inf;Inf
4107.0;72.0;Inf;Inf
4108.0;72.0;Inf;Inf
4109.0;72.0;Inf;Inf
4110.0;72.0;Inf;Inf
4111.0;72.0;Inf;Inf
4112.0;72.0;Inf;Inf
4113.0;72.0;Inf;Inf
4114.0;72.0;Inf;Inf
4115.0;72.0;Inf;Inf
4116.0;72.0;Inf;Inf
4117.0;72.0;Inf;Inf
4118.0;72.0;Inf;Inf
4119.0;72.0;Inf;Inf
4120.0;72.0;Inf;Inf
4121.0;72.0;Inf;Inf
4122.0;72.0;Inf;Inf
4123.0;72.0;Inf;Inf
4124.0;72.0;Inf;Inf
4125.0;72.0;Inf;Inf
4126.0;72.0;Inf;Inf
4127.0;72.0;Inf;Inf
4128.0;72.0;Inf;Inf
4129.0;72.0;Inf;Inf
4130.0;72.0;Inf;Inf
4131.0;72.0;Inf;Inf
4132.0;72.0;Inf;Inf
4133.0;72.0;Inf;Inf
4134.0;72.0;Inf;Inf
4135.0;72.0;Inf;Inf
4136.0;72.0;Inf;Inf
4137.0;72.0;Inf;Inf
4138.0;72.0;Inf;Inf
4139.0;72.0;Inf;Inf
4140.0;72.0;Inf;Inf
4141.0;72.0;Inf;Inf
4142.0;72.0;Inf;Inf
4143.0;72.0;Inf;Inf
4144.0;72.0;Inf;Inf
4145.0;72.0;Inf;Inf
4146.0;72.0;Inf;Inf
4147.0;72.0;Inf;Inf
4148.0;72.0;Inf;Inf
4149.0;72.0;Inf;Inf
4150.0;72.0;Inf;Inf
4151.0;72.0;Inf;Inf
4152.0;72.0;Inf;Inf
4153.0;72.0;Inf;Inf
4154.0;72.0;Inf;Inf
4155.0;72.0;Inf;Inf
4156.0;72.0;Inf;Inf
4157.0;72.0;Inf;Inf
4158.0;72.0;Inf;Inf
4159.0;72.0;Inf;Inf
4160.0;72.0;Inf;Inf
4161.0;72.0;Inf;Inf
4162.0;72.0;Inf;Inf
4163.0;72.0;Inf;Inf
4164.0;72.0;Inf;Inf
4165.0;72.0;Inf;Inf
4166.0;72.0;Inf;Inf
4167.0;72.0;Inf;Inf
4168.0;72.0;Inf;Inf
4169.0;72.0;Inf;Inf
4170.0;72.0;Inf;Inf
4171.0;72.0;Inf;Inf
4172.0;72.0;Inf;Inf
4173.0;72.0;Inf;Inf
4174.0;72.0;Inf;Inf
4175.0;72.0;Inf;Inf
4176.0;72.0;Inf;Inf
4177.0;72.0;Inf;Inf
4178.0;72.0;Inf;Inf
4179.0;72.0;Inf;Inf
4180.0;72.0;Inf;Inf
4181.0;72.0;Inf;Inf
4182.0;72.0;Inf;Inf
4183.0;72.0;Inf;Inf
4184.0;72.0;Inf;Inf
4185.0;72.0;Inf;Inf
4186.0;72.0;Inf;Inf
4187.0;72.0;Inf;Inf
4188.0;72.0;Inf;Inf
4189.0;72.0;Inf;Inf
4190.0;72.0;Inf;Inf
4191.0;72.0;Inf;Inf
4192.0;72.0;Inf;Inf
4193.0;72.0;Inf;Inf
4194.0;72.0;Inf;Inf
4195.0;72.0;Inf;Inf
4196.0;72.0;Inf;Inf
4197.0;72.0;Inf;Inf
4198.0;72.0;Inf;Inf
4199.0;72.0;Inf;Inf
4200.0;72.0;Inf;Inf
4201.0;72.0;Inf;Inf
4202.0;72.0;Inf;Inf
4203.0;72.0;Inf;Inf
4204.0;72.0;Inf;Inf
4205.0;72.0;Inf;Inf
4206.0;72.0;Inf;Inf
4207.0;72.0;Inf;Inf
4208.0;72.0;Inf;Inf
4209.0;72.0;Inf;Inf
4210.0;72.0;Inf;Inf
4211.0;72.0;Inf;Inf
4212.0;72.0;Inf;Inf
4213.0;72.0;Inf;Inf
4214.0;72.0;Inf;Inf
4215.0;72.0;Inf;Inf
4216.0;72.0;Inf;Inf
4217.0;72.0;Inf;Inf
4218.0;72.0;Inf;Inf
4219.0;72.0;Inf;Inf
4220.0;72.0;Inf;Inf
4221.0;72.0;Inf;Inf
4222.0;72.0;Inf;Inf
4223.0;72.0;Inf;Inf
4224.0;72.0;Inf;Inf
4225.0;72.0;Inf;Inf
4226.0;72.0;Inf;Inf
4227.0;72.0;Inf;Inf
4228.0;72.0;Inf;Inf
4229.0;72.0;Inf;Inf
4230.0;72.0;Inf;Inf
4231.0;72.0;Inf;Inf
4232.0;72.0;Inf;Inf
4233.0;72.0;Inf;Inf
4234.0;72.0;Inf;Inf
4235.0;72.0;Inf;Inf
4236.0;72.0;Inf;Inf
4237.0;72.0;Inf;Inf
4238.0;72.0;Inf;Inf
4239.0;72.0;Inf;Inf
4240.0;72.0;Inf;Inf
4241.0;72.0;Inf;Inf
4242.0;72.0;Inf;Inf
4243.0;72.0;Inf;Inf
4244.0;72.0;Inf;Inf
4245.0;72.0;Inf;Inf
4246.0;72.0;Inf;Inf
4247.0;72.0;Inf;Inf
4248.0;72.0;Inf;Inf
4249.0;72.0;Inf;Inf
4250.0;72.0;Inf;Inf
4251.0;72.0;Inf;Inf
4252.0;72.0;Inf;Inf
4253.0;72.0;Inf;Inf
4254.0;72.0;Inf;Inf
4255.0;72.0;Inf;Inf
4256.0;72.0;Inf;Inf
4257.0;72.0;Inf;Inf
4258.0;72.0;Inf;Inf
4259.0;72.0;Inf;Inf
4260.0;72.0;Inf;Inf
4261.0;72.0;Inf;Inf
4262.0;72.0;Inf;Inf
4263.0;72.0;Inf;Inf
4264.0;72.0;Inf;Inf
4265.0;72.0;Inf;Inf
4266.0;72.0;Inf;Inf
4267.0;72.0;Inf;Inf
4268.0;72.0;Inf;Inf
4269.0;72.0;Inf;Inf
4270.0;72.0;Inf;Inf
4271.0;72.0;Inf;Inf
4272.0;72.0;Inf;Inf
4273.0;72.0;Inf;Inf
4274.0;72.0;Inf;Inf
4275.0;72.0;Inf;Inf
4276.0;72.0;Inf;Inf
4277.0;72.0;Inf;Inf
4278.0;72.0;Inf;Inf
4279.0;72.0;Inf;Inf
4280.0;72.0;Inf;Inf
4281.0;72.0;Inf;Inf
4282.0;72.0;Inf;Inf
4283.0;72.0;Inf;Inf
4284.0;72.0;Inf;Inf
4285.0;72.0;Inf;Inf
4286.0;72.0;Inf;Inf
4287.0;72.0;Inf;Inf
4288.0;72.0;Inf;Inf
4289.0;72.0;Inf;Inf
4290.0;72.0;Inf;Inf
4291.0;72.0;Inf;Inf
4292.0;72.0;Inf;Inf
4293.0;72.0;Inf;Inf
4294.0;72.0;Inf;Inf
4295.0;72.0;Inf;Inf
4296.0;72.0;Inf;Inf
4297.0;72.0;Inf;Inf
4298.0;72.0;Inf;Inf
4299.0;72.0;Inf;Inf
4300.0;72.0;Inf;Inf
4301.0;72.0;Inf;Inf
4302.0;72.0;Inf;Inf
4303.0;72.0;Inf;Inf
4304.0;72.0;Inf;Inf
4305.0;72.0;Inf;Inf
4306.0;72.0;Inf;Inf
4307.0;72.0;Inf;Inf
4308.0;72.0;Inf;Inf
4309.0;72.0;Inf;Inf
4310.0;72.0;Inf;Inf
4311.0;72.0;Inf;Inf
4312.0;72.0;Inf;Inf
4313.0;72.0;Inf;Inf
4314.0;72.0;Inf;Inf
4315.0;72.0;Inf;Inf
4316.0;72.0;Inf;Inf
4317.0;72.0;Inf;Inf
4318.0;72.0;Inf;Inf
4319.0;72.0;Inf;Inf
4320.0;72.0;Inf;Inf
4321.0;72.0;Inf;Inf
4322.0;72.0;Inf;Inf
4323.0;72.0;Inf;Inf
4324.0;72.0;Inf;Inf
4325.0;72.0;Inf;Inf
4326.0;72.0;Inf;Inf
4327.0;72.0;Inf;Inf
4328.0;72.0;Inf;Inf
4329.0;72.0;Inf;Inf
4330.0;72.0;Inf;Inf
4331.0;72.0;Inf;Inf
4332.0;72.0;Inf;Inf
4333.0;72.0;Inf;Inf
4334.0;72.0;Inf;Inf
4335.0;72.0;Inf;Inf
4336.0;72.0;Inf;Inf
4337.0;72.0;Inf;Inf
4338.0;72.0;Inf;Inf
4339.0;72.0;Inf;Inf
4340.0;72.0;Inf;Inf
4341.0;72.0;Inf;Inf
4342.0;72.0;Inf;Inf
4343.0;72.0;Inf;Inf
4344.0;72.0;Inf;Inf
4345.0;72.0;Inf;Inf
4346.0;72.0;Inf;Inf
4347.0;72.0;Inf;Inf
4348.0;72.0;Inf;Inf
4349.0;72.0;Inf;Inf
4350.0;72.0;Inf;Inf
4351.0;72.0;Inf;Inf
4352.0;72.0;Inf;Inf
4353.0;72.0;Inf;Inf
4354.0;72.0;Inf;Inf
4355.0;72.0;Inf;Inf
4356.0;72.0;Inf;Inf
4357.0;72.0;Inf;Inf
4358.0;72.0;Inf;Inf
4359.0;72.0;Inf;Inf
4360.0;72.0;Inf;Inf
4361.0;72.0;Inf;Inf
4362.0;72.0;Inf;Inf
4363.0;72.0;Inf;Inf
4364.0;72.0;Inf;Inf
4365.0;72.0;Inf;Inf
4366.0;72.0;Inf;Inf
4367.0;72.0;Inf;Inf
4368.0;72.0;Inf;Inf
4369.0;72.0;Inf;Inf
4370.0;72.0;Inf;Inf
4371.0;72.0;Inf;Inf
4372.0;72.0;Inf;Inf
4373.0;72.0;Inf;Inf
4374.0;72.0;Inf;Inf
4375.0;72.0;Inf;Inf
4376.0;72.0;Inf;Inf
4377.0;72.0;Inf;Inf
4378.0;72.0;Inf;Inf
4379.0;72.0;Inf;Inf
4380.0;72.0;Inf;Inf
4381.0;72.0;Inf;Inf
4382.0;72.0;Inf;Inf
4383.0;72.0;Inf;Inf
4384.0;72.0;Inf;Inf
4385.0;72.0;Inf;Inf
4386.0;72.0;Inf;Inf
4387.0;72.0;Inf;Inf
4388.0;72.0;Inf;Inf
4389.0;72.0;Inf;Inf
4390.0;72.0;Inf;Inf
4391.0;72.0;Inf;Inf
4392.0;72.0;Inf;Inf
4393.0;72.0;Inf;Inf
4394.0;72.0;Inf;Inf
4395.0;72.0;Inf;Inf
4396.0;72.0;Inf;Inf
4397.0;72.0;Inf;Inf
4398.0;72.0;Inf;Inf
4399.0;72.0;Inf;Inf
4400.0;72.0;Inf;Inf
4401.0;72.0;Inf;Inf
4402.0;72.0;Inf;Inf
4403.0;72.0;Inf;Inf
4404.0;72.0;Inf;Inf
4405.0;72.0;Inf;Inf
4406.0;72.0;Inf;Inf
4407.0;72.0;Inf;Inf
4408.0;72.0;Inf;Inf
4409.0;72.0;Inf;Inf
4410.0;72.0;Inf;Inf
4411.0;72.0;Inf;Inf
4412.0;72.0;Inf;Inf
4413.0;72.0;Inf;Inf
4414.0;72.0;Inf;Inf
4415.0;72.0;Inf;Inf
4416.0;72.0;Inf;Inf
4417.0;72.0;Inf;Inf
4418.0;72.0;Inf;Inf
4419.0;72.0;Inf;Inf
4420.0;72.0;Inf;Inf
4421.0;72.0;Inf;Inf
4422.0;72.0;Inf;Inf
4423.0;72.0;Inf;Inf
4424.0;72.0;Inf;Inf
4425.0;72.0;Inf;Inf
4426.0;72.0;Inf;Inf
4427.0;72.0;Inf;Inf
4428.0;72.0;Inf;Inf
4429.0;72.0;Inf;Inf
4430.0;72.0;Inf;Inf
4431.0;72.0;Inf;Inf
4432.0;72.0;Inf;Inf
4433.0;72.0;Inf;Inf
4434.0;72.0;Inf;Inf
4435.0;72.0;Inf;Inf
4436.0;72.0;Inf;Inf
4437.0;72.0;Inf;Inf
4438.0;72.0;Inf;Inf
4439.0;72.0;Inf;Inf
4440.0;72.0;Inf;Inf
4441.0;72.0;Inf;Inf
4442.0;72.0;Inf;Inf
4443.0;72.0;Inf;Inf
4444.0;72.0;Inf;Inf
4445.0;72.0;Inf;Inf
4446.0;72.0;Inf;Inf
4447.0;72.0;Inf;Inf
4448.0;72.0;Inf;Inf
4449.0;72.0;Inf;Inf
4450.0;72.0;Inf;Inf
4451.0;72.0;Inf;Inf
4452.0;72.0;Inf;Inf
4453.0;72.0;Inf;Inf
4454.0;72.0;Inf;Inf
4455.0;72.0;Inf;Inf
4456.0;72.0;Inf;Inf
4457.0;72.0;Inf;Inf
4458.0;72.0;Inf;Inf
4459.0;72.0;Inf;Inf
4460.0;72.0;Inf;Inf
4461.0;72.0;Inf;Inf
4462.0;72.0;Inf;Inf
4463.0;72.0;Inf;Inf
4464.0;72.0;Inf;Inf
4465.0;72.0;Inf;Inf
4466.0;72.0;Inf;Inf
4467.0;72.0;Inf;Inf
4468.0;72.0;Inf;Inf
4469.0;72.0;Inf;Inf
4470.0;72.0;Inf;Inf
4471.0;72.0;Inf;Inf
4472.0;72.0;Inf;Inf
4473.0;72.0;Inf;Inf
4474.0;72.0;Inf;Inf
4475.0;72.0;Inf;Inf
4476.0;72.0;Inf;Inf
4477.0;72.0;Inf;Inf
4478.0;72.0;Inf;Inf
4479.0;72.0;Inf;Inf
4480.0;72.0;Inf;Inf
4481.0;72.0;Inf;Inf
4482.0;72.0;Inf;Inf
4483.0;72.0;Inf;Inf
4484.0;72.0;Inf;Inf
4485.0;72.0;Inf;Inf
4486.0;72.0;Inf;Inf
4487.0;72.0;Inf;Inf
4488.0;72.0;Inf;Inf
4489.0;72.0;Inf;Inf
4490.0;72.0;Inf;Inf
4491.0;72.0;Inf;Inf
4492.0;72.0;Inf;Inf
4493.0;72.0;Inf;Inf
4494.0;72.0;Inf;Inf
4495.0;72.0;Inf;Inf
4496.0;72.0;Inf;Inf
4497.0;72.0;Inf;Inf
4498.0;72.0;Inf;Inf
4499.0;72.0;Inf;Inf
4500.0;72.0;Inf;Inf
4501.0;72.0;Inf;Inf
4502.0;72.0;Inf;Inf
4503.0;72.0;Inf;Inf
4504.0;72.0;Inf;Inf
4505.0;72.0;Inf;Inf
4506.0;72.0;Inf;Inf
4507.0;72.0;Inf;Inf
4508.0;72.0;Inf;Inf
4509.0;72.0;Inf;Inf
4510.0;72.0;Inf;Inf
4511.0;72.0;Inf;Inf
4512.0;72.0;Inf;Inf
4513.0;72.0;Inf;Inf
4514.0;72.0;Inf;Inf
4515.0;72.0;Inf;Inf
4516.0;72.0;Inf;Inf
4517.0;72.0;Inf;Inf
4518.0;72.0;Inf;Inf
4519.0;72.0;Inf;Inf
4520.0;72.0;Inf;Inf
4521.0;72.0;Inf;Inf
4522.0;72.0;Inf;Inf
4523.0;72.0;Inf;Inf
4524.0;72.0;Inf;Inf
4525.0;72.0;Inf;Inf
4526.0;72.0;Inf;Inf
4527.0;72.0;Inf;Inf
4528.0;72.0;Inf;Inf
4529.0;72.0;Inf;Inf
4530.0;72.0;Inf;Inf
4531.0;72.0;Inf;Inf
4532.0;72.0;Inf;Inf
4533.0;72.0;Inf;Inf
4534.0;72.0;Inf;Inf
4535.0;72.0;Inf;Inf
4536.0;72.0;Inf;Inf
4537.0;72.0;Inf;Inf
4538.0;72.0;Inf;Inf
4539.0;72.0;Inf;Inf
4540.0;72.0;Inf;Inf
4541.0;72.0;Inf;Inf
4542.0;72.0;Inf;Inf
4543.0;72.0;Inf;Inf
4544.0;72.0;Inf;Inf
4545.0;72.0;Inf;Inf
4546.0;72.0;Inf;Inf
4547.0;72.0;Inf;Inf
4548.0;72.0;Inf;Inf
4549.0;72.0;Inf;Inf
4550.0;72.0;Inf;Inf
4551.0;72.0;Inf;Inf
4552.0;72.0;Inf;Inf
4553.0;72.0;Inf;Inf
4554.0;72.0;Inf;Inf
4555.0;72.0;Inf;Inf
4556.0;72.0;Inf;Inf
4557.0;72.0;Inf;Inf
4558.0;72.0;Inf;Inf
4559.0;72.0;Inf;Inf
4560.0;72.0;Inf;Inf
4561.0;72.0;Inf;Inf
4562.0;72.0;Inf;Inf
4563.0;72.0;Inf;Inf
4564.0;72.0;Inf;Inf
4565.0;72.0;Inf;Inf
4566.0;72.0;Inf;Inf
4567.0;72.0;Inf;Inf
4568.0;72.0;Inf;Inf
4569.0;72.0;Inf;Inf
4570.0;72.0;Inf;Inf
4571.0;72.0;Inf;Inf
4572.0;72.0;Inf;Inf
4573.0;72.0;Inf;Inf
4574.0;72.0;Inf;Inf
4575.0;72.0;Inf;Inf
4576.0;72.0;Inf;Inf
4577.0;72.0;Inf;Inf
4578.0;72.0;Inf;Inf
4579.0;72.0;Inf;Inf
4580.0;72.0;Inf;Inf
4581.0;72.0;Inf;Inf
4582.0;72.0;Inf;Inf
4583.0;72.0;Inf;Inf
4584.0;72.0;Inf;Inf
4585.0;72.0;Inf;Inf
4586.0;72.0;Inf;Inf
4587.0;72.0;Inf;Inf
4588.0;72.0;Inf;Inf
4589.0;72.0;Inf;Inf
4590.0;72.0;Inf;Inf
4591.0;72.0;Inf;Inf
4592.0;72.0;Inf;Inf
4593.0;72.0;Inf;Inf
4594.0;72.0;Inf;Inf
4595.0;72.0;Inf;Inf
4596.0;72.0;Inf;Inf
4597.0;72.0;Inf;Inf
4598.0;72.0;Inf;Inf
4599.0;72.0;Inf;Inf
4600.0;72.0;Inf;Inf
4601.0;72.0;Inf;Inf
4602.0;72.0;Inf;Inf
4603.0;72.0;Inf;Inf
4604.0;72.0;Inf;Inf
4605.0;72.0;Inf;Inf
4606.0;72.0;Inf;Inf
4607.0;72.0;Inf;Inf
4608.0;72.0;Inf;Inf
4609.0;72.0;Inf;Inf
4610.0;72.0;Inf;Inf
4611.0;72.0;Inf;Inf
4612.0;72.0;Inf;Inf
4613.0;72.0;Inf;Inf
4614.0;72.0;Inf;Inf
4615.0;72.0;Inf;Inf
4616.0;72.0;Inf;Inf
4617.0;72.0;Inf;Inf
4618.0;72.0;Inf;Inf
4619.0;72.0;Inf;Inf
4620.0;72.0;Inf;Inf
4621.0;72.0;Inf;Inf
4622.0;72.0;Inf;Inf
4623.0;72.0;Inf;Inf
4624.0;72.0;Inf;Inf
4625.0;72.0;Inf;Inf
4626.0;72.0;Inf;Inf
4627.0;72.0;Inf;Inf
4628.0;72.0;Inf;Inf
4629.0;72.0;Inf;Inf
4630.0;72.0;Inf;Inf
4631.0;72.0;Inf;Inf
4632.0;72.0;Inf;Inf
4633.0;72.0;Inf;Inf
4634.0;72.0;Inf;Inf
4635.0;72.0;Inf;Inf
4636.0;72.0;Inf;Inf
4637.0;72.0;Inf;Inf
4638.0;72.0;Inf;Inf
4639.0;72.0;Inf;Inf
4640.0;72.0;Inf;Inf
4641.0;72.0;Inf;Inf
4642.0;72.0;Inf;Inf
4643.0;72.0;Inf;Inf
4644.0;72.0;Inf;Inf
4645.0;72.0;Inf;Inf
4646.0;72.0;Inf;Inf
4647.0;72.0;Inf;Inf
4648.0;72.0;Inf;Inf
4649.0;72.0;Inf;Inf
4650.0;72.0;Inf;Inf
4651.0;72.0;Inf;Inf
4652.0;72.0;Inf;Inf
4653.0;72.0;Inf;Inf
4654.0;72.0;Inf;Inf
4655.0;72.0;Inf;Inf
4656.0;72.0;Inf;Inf
4657.0;72.0;Inf;Inf
4658.0;72.0;Inf;Inf
4659.0;72.0;Inf;Inf
4660.0;72.0;Inf;Inf
4661.0;72.0;Inf;Inf
4662.0;72.0;Inf;Inf
4663.0;72.0;Inf;Inf
4664.0;72.0;Inf;Inf
4665.0;72.0;Inf;Inf
4666.0;72.0;Inf;Inf
4667.0;72.0;Inf;Inf
4668.0;72.0;Inf;Inf
4669.0;72.0;Inf;Inf
4670.0;72.0;Inf;Inf
4671.0;72.0;Inf;Inf
4672.0;72.0;Inf;Inf
4673.0;72.0;Inf;Inf
4674.0;72.0;Inf;Inf
4675.0;72.0;Inf;Inf
4676.0;72.0;Inf;Inf
4677.0;72.0;Inf;Inf
4678.0;72.0;Inf;Inf
4679.0;72.0;Inf;Inf
4680.0;72.0;Inf;Inf
4681.0;72.0;Inf;Inf
4682.0;72.0;Inf;Inf
4683.0;72.0;Inf;Inf
4684.0;72.0;Inf;Inf
4685.0;72.0;Inf;Inf
4686.0;72.0;Inf;Inf
4687.0;72.0;Inf;Inf
4688.0;72.0;Inf;Inf
4689.0;72.0;Inf;Inf
4690.0;72.0;Inf;Inf
4691.0;72.0;Inf;Inf
4692.0;72.0;Inf;Inf
4693.0;72.0;Inf;Inf
4694.0;72.0;Inf;Inf
4695.0;72.0;Inf;Inf
4696.0;72.0;Inf;Inf
4697.0;72.0;Inf;Inf
4698.0;72.0;Inf;Inf
4699.0;72.0;Inf;Inf
4700.0;72.0;Inf;Inf
4701.0;72.0;Inf;Inf
4702.0;72.0;Inf;Inf
4703.0;72.0;Inf;Inf
4704.0;72.0;Inf;Inf
4705.0;72.0;Inf;Inf
4706.0;72.0;Inf;Inf
4707.0;72.0;Inf;Inf
4708.0;72.0;Inf;Inf
4709.0;72.0;Inf;Inf
4710.0;72.0;Inf;Inf
4711.0;72.0;Inf;Inf
4712.0;72.0;Inf;Inf
4713.0;72.0;Inf;Inf
4714.0;72.0;Inf;Inf
4715.0;72.0;Inf;Inf
4716.0;72.0;Inf;Inf
4717.0;72.0;Inf;Inf
4718.0;72.0;Inf;Inf
4719.0;72.0;Inf;Inf
4720.0;72.0;Inf;Inf
4721.0;72.0;Inf;Inf
4722.0;72.0;Inf;Inf
4723.0;72.0;Inf;Inf
4724.0;72.0;Inf;Inf
4725.0;72.0;Inf;Inf
4726.0;72.0;Inf;Inf
4727.0;72.0;Inf;Inf
4728.0;72.0;Inf;Inf
4729.0;72.0;Inf;Inf
4730.0;72.0;Inf;Inf
4731.0;72.0;Inf;Inf
4732.0;72.0;Inf;Inf
4733.0;72.0;Inf;Inf
4734.0;72.0;Inf;Inf
4735.0;72.0;Inf;Inf
4736.0;72.0;Inf;Inf
4737.0;72.0;Inf;Inf
4738.0;72.0;Inf;Inf
4739.0;72.0;Inf;Inf
4740.0;72.0;Inf;Inf
4741.0;72.0;Inf;Inf
4742.0;72.0;Inf;Inf
4743.0;72.0;Inf;Inf
4744.0;72.0;Inf;Inf
4745.0;72.0;Inf;Inf
4746.0;72.0;Inf;Inf
4747.0;72.0;Inf;Inf
4748.0;72.0;Inf;Inf
4749.0;72.0;Inf;Inf
4750.0;72.0;Inf;Inf
4751.0;72.0;Inf;Inf
4752.0;72.0;Inf;Inf
4753.0;72.0;Inf;Inf
4754.0;72.0;Inf;Inf
4755.0;72.0;Inf;Inf
4756.0;72.0;Inf;Inf
4757.0;72.0;Inf;Inf
4758.0;72.0;Inf;Inf
4759.0;72.0;Inf;Inf
4760.0;72.0;Inf;Inf
4761.0;72.0;Inf;Inf
4762.0;72.0;Inf;Inf
4763.0;72.0;Inf;Inf
4764.0;72.0;Inf;Inf
4765.0;72.0;Inf;Inf
4766.0;72.0;Inf;Inf
4767.0;72.0;Inf;Inf
4768.0;72.0;Inf;Inf
4769.0;72.0;Inf;Inf
4770.0;72.0;Inf;Inf
4771.0;72.0;Inf;Inf
4772.0;72.0;Inf;Inf
4773.0;72.0;Inf;Inf
4774.0;72.0;Inf;Inf
4775.0;72.0;Inf;Inf
4776.0;72.0;Inf;Inf
4777.0;72.0;Inf;Inf
4778.0;72.0;Inf;Inf
4779.0;72.0;Inf;Inf
4780.0;72.0;Inf;Inf
4781.0;72.0;Inf;Inf
4782.0;72.0;Inf;Inf
4783.0;72.0;Inf;Inf
4784.0;72.0;Inf;Inf
4785.0;72.0;Inf;Inf
4786.0;72.0;Inf;Inf
4787.0;72.0;Inf;Inf
4788.0;72.0;Inf;Inf
4789.0;72.0;Inf;Inf
4790.0;72.0;Inf;Inf
4791.0;72.0;Inf;Inf
4792.0;72.0;Inf;Inf
4793.0;72.0;Inf;Inf
4794.0;72.0;Inf;Inf
4795.0;72.0;Inf;Inf
4796.0;72.0;Inf;Inf
4797.0;72.0;Inf;Inf
4798.0;72.0;Inf;Inf
4799.0;72.0;Inf;Inf
4800.0;72.0;Inf;Inf
4801.0;72.0;Inf;Inf
4802.0;72.0;Inf;Inf
4803.0;72.0;Inf;Inf
4804.0;72.0;Inf;Inf
4805.0;72.0;Inf;Inf
4806.0;72.0;Inf;Inf
4807.0;72.0;Inf;Inf
4808.0;72.0;Inf;Inf
4809.0;72.0;Inf;Inf
4810.0;72.0;Inf;Inf
4811.0;72.0;Inf;Inf
4812.0;72.0;Inf;Inf
4813.0;72.0;Inf;Inf
4814.0;72.0;Inf;Inf
4815.0;72.0;Inf;Inf
4816.0;72.0;Inf;Inf
4817.0;72.0;Inf;Inf
4818.0;72.0;Inf;Inf
4819.0;72.0;Inf;Inf
4820.0;72.0;Inf;Inf
4821.0;72.0;Inf;Inf
4822.0;72.0;Inf;Inf
4823.0;72.0;Inf;Inf
4824.0;72.0;Inf;Inf
4825.0;72.0;Inf;Inf
4826.0;72.0;Inf;Inf
4827.0;72.0;Inf;Inf
4828.0;72.0;Inf;Inf
4829.0;72.0;Inf;Inf
4830.0;72.0;Inf;Inf
4831.0;72.0;Inf;Inf
4832.0;72.0;Inf;Inf
4833.0;72.0;Inf;Inf
4834.0;72.0;Inf;Inf
4835.0;72.0;Inf;Inf
4836.0;72.0;Inf;Inf
4837.0;72.0;Inf;Inf
4838.0;72.0;Inf;Inf
4839.0;72.0;Inf;Inf
4840.0;72.0;Inf;Inf
4841.0;72.0;Inf;Inf
4842.0;72.0;Inf;Inf
4843.0;72.0;Inf;Inf
4844.0;72.0;Inf;Inf
4845.0;72.0;Inf;Inf
4846.0;72.0;Inf;Inf
4847.0;72.0;Inf;Inf
4848.0;72.0;Inf;Inf
4849.0;72.0;Inf;Inf
4850.0;72.0;Inf;Inf
4851.0;72.0;Inf;Inf
4852.0;72.0;Inf;Inf
4853.0;72.0;Inf;Inf
4854.0;72.0;Inf;Inf
4855.0;72.0;Inf;Inf
4856.0;72.0;Inf;Inf
4857.0;72.0;Inf;Inf
4858.0;72.0;Inf;Inf
4859.0;72.0;Inf;Inf
4860.0;72.0;Inf;Inf
4861.0;72.0;Inf;Inf
4862.0;72.0;Inf;Inf
4863.0;72.0;Inf;Inf
4864.0;72.0;Inf;Inf
4865.0;72.0;Inf;Inf
4866.0;72.0;Inf;Inf
4867.0;72.0;Inf;Inf
4868.0;72.0;Inf;Inf
4869.0;72.0;Inf;Inf
4870.0;72.0;Inf;Inf
4871.0;72.0;Inf;Inf
4872.0;72.0;Inf;Inf
4873.0;72.0;Inf;Inf
4874.0;72.0;Inf;Inf
4875.0;72.0;Inf;Inf
4876.0;72.0;Inf;Inf
4877.0;72.0;Inf;Inf
4878.0;72.0;Inf;Inf
4879.0;72.0;Inf;Inf
4880.0;72.0;Inf;Inf
4881.0;72.0;Inf;Inf
4882.0;72.0;Inf;Inf
4883.0;72.0;Inf;Inf
4884.0;72.0;Inf;Inf
4885.0;72.0;Inf;Inf
4886.0;72.0;Inf;Inf
4887.0;72.0;Inf;Inf
4888.0;72.0;Inf;Inf
4889.0;72.0;Inf;Inf
4890.0;72.0;Inf;Inf
4891.0;72.0;Inf;Inf
4892.0;72.0;Inf;Inf
4893.0;72.0;Inf;Inf
4894.0;72.0;Inf;Inf
4895.0;72.0;Inf;Inf
4896.0;72.0;Inf;Inf
4897.0;72.0;Inf;Inf
4898.0;72.0;Inf;Inf
4899.0;72.0;Inf;Inf
4900.0;72.0;Inf;Inf
4901.0;72.0;Inf;Inf
4902.0;72.0;Inf;Inf
4903.0;72.0;Inf;Inf
4904.0;72.0;Inf;Inf
4905.0;72.0;Inf;Inf
4906.0;72.0;Inf;Inf
4907.0;72.0;Inf;Inf
4908.0;72.0;Inf;Inf
4909.0;72.0;Inf;Inf
4910.0;72.0;Inf;Inf
4911.0;72.0;Inf;Inf
4912.0;72.0;Inf;Inf
4913.0;72.0;Inf;Inf
4914.0;72.0;Inf;Inf
4915.0;72.0;Inf;Inf
4916.0;72.0;Inf;Inf
4917.0;72.0;Inf;Inf
4918.0;72.0;Inf;Inf
4919.0;72.0;Inf;Inf
4920.0;72.0;Inf;Inf
4921.0;72.0;Inf;Inf
4922.0;72.0;Inf;Inf
4923.0;72.0;Inf;Inf
4924.0;72.0;Inf;Inf
4925.0;72.0;Inf;Inf
4926.0;72.0;Inf;Inf
4927.0;72.0;Inf;Inf
4928.0;72.0;Inf;Inf
4929.0;72.0;Inf;Inf
4930.0;72.0;Inf;Inf
4931.0;72.0;Inf;Inf
4932.0;72.0;Inf;Inf
4933.0;72.0;Inf;Inf
4934.0;72.0;Inf;Inf
4935.0;72.0;Inf;Inf
4936.0;72.0;Inf;Inf
4937.0;72.0;Inf;Inf
4938.0;72.0;Inf;Inf
4939.0;72.0;Inf;Inf
4940.0;72.0;Inf;Inf
4941.0;72.0;Inf;Inf
4942.0;72.0;Inf;Inf
4943.0;72.0;Inf;Inf
4944.0;72.0;Inf;Inf
4945.0;72.0;Inf;Inf
4946.0;72.0;Inf;Inf
4947.0;72.0;Inf;Inf
4948.0;72.0;Inf;Inf
4949.0;72.0;Inf;Inf
4950.0;72.0;Inf;Inf
4951.0;72.0;Inf;Inf
4952.0;72.0;Inf;Inf
4953.0;72.0;Inf;Inf
4954.0;72.0;Inf;Inf
4955.0;72.0;Inf;Inf
4956.0;72.0;Inf;Inf
4957.0;72.0;Inf;Inf
4958.0;72.0;Inf;Inf
4959.0;72.0;Inf;Inf
4960.0;72.0;Inf;Inf
4961.0;72.0;Inf;Inf
4962.0;72.0;Inf;Inf
4963.0;72.0;Inf;Inf
4964.0;72.0;Inf;Inf
4965.0;72.0;Inf;Inf
4966.0;72.0;Inf;Inf
4967.0;72.0;Inf;Inf
4968.0;72.0;Inf;Inf
4969.0;72.0;Inf;Inf
4970.0;72.0;Inf;Inf
4971.0;72.0;Inf;Inf
4972.0;72.0;Inf;Inf
4973.0;72.0;Inf;Inf
4974.0;72.0;Inf;Inf
4975.0;72.0;Inf;Inf
4976.0;72.0;Inf;Inf
4977.0;72.0;Inf;Inf
4978.0;72.0;Inf;Inf
4979.0;72.0;Inf;Inf
4980.0;72.0;Inf;Inf
4981.0;72.0;Inf;Inf
4982.0;72.0;Inf;Inf
4983.0;72.0;Inf;Inf
4984.0;72.0;Inf;Inf
4985.0;72.0;Inf;Inf
4986.0;72.0;Inf;Inf
4987.0;72.0;Inf;Inf
4988.0;72.0;Inf;Inf
4989.0;72.0;Inf;Inf
4990.0;72.0;Inf;Inf
4991.0;72.0;Inf;Inf
4992.0;72.0;Inf;Inf
4993.0;72.0;Inf;Inf
4994.0;72.0;Inf;Inf
4995.0;72.0;Inf;Inf
4996.0;72.0;Inf;Inf
4997.0;72.0;Inf;Inf
4998.0;72.0;Inf;Inf
4999.0;72.0;Inf;Inf
5000.0;72.0;Inf;Inf
