Sample IDs:;251006_251002Q_tht_4days;;
Wavelength [nm];Fluorescence intensity [a.u.];Fluorescence intensity [a.u.];Fluorescence intensity [a.u.]
460;3.56865668296814;3.48216271400452;3.58206582069397
460.450012207031;3.71670889854431;3.58412051200867;3.65096139907837
461.059997558594;3.95925903320313;3.83537244796753;3.92017555236816
461.510009765625;4.15714025497437;4.01076698303223;4.11797380447388
461.959991455078;4.4083399772644;4.26411199569702;4.31848812103271
462.570007324219;4.66966724395752;4.44992160797119;4.66758108139038
463.029998779297;4.8965539932251;4.65535926818848;4.85466194152832
463.480010986328;5.22371625900269;4.93313312530518;5.06789255142212
463.929992675781;5.3945779800415;5.1217770576477;5.22212696075439
464.540008544922;5.70417165756226;5.41175270080566;5.56839466094971
465;5.81850051879883;5.59585428237915;5.83104133605957
465.450012207031;5.99428939819336;5.78665637969971;5.96726322174072
466.059997558594;6.28489875793457;6.10618257522583;6.3416919708252
466.510009765625;6.32234954833984;6.26298904418945;6.46685695648193
466.959991455078;6.59913492202759;6.5069785118103;6.69726705551148
467.570007324219;6.78605318069458;6.74395227432251;6.97786808013916
468.029998779297;7.05114078521729;6.95255136489868;7.21575736999512
468.480010986328;7.18444490432739;7.24647903442383;7.38698053359985
468.929992675781;7.22118902206421;7.27065372467041;7.5393500328064
469.540008544922;7.63300514221191;7.60817861557007;7.90287685394287
470;7.62759447097778;7.87346458435059;7.98523473739624
470.440002441406;7.89026308059692;7.99858808517456;8.1835994720459
471.040008544922;8.07084083557129;8.29666233062744;8.37608051300049
471.489990234375;8.13824367523193;8.36650276184082;8.50351619720459
471.940002441406;8.23241233825684;8.51433277130127;8.70738792419434
472.529998779297;8.47348308563232;8.75253009796143;8.93822193145752
472.980010986328;8.77082252502441;8.79427146911621;9.20846557617187
473.429992675781;8.81075763702393;9.05714511871338;9.22803783416748
474.019989013672;9.01802253723145;9.2828369140625;9.37353801727295
474.470001220703;9.19075584411621;9.31365489959717;9.53615760803223
475.070007324219;9.32243728637695;9.4960241317749;9.73036766052246
475.519989013672;9.6118106842041;9.53297996520996;9.722900390625
475.970001220703;9.67455291748047;9.81035709381103;9.81549453735352
476.559997558594;9.84813404083252;9.76474857330322;9.98205947875977
477.010009765625;10.0568828582764;9.9296293258667;9.95688533782959
477.459991455078;10.0418109893799;9.93285465240478;10.0115346908569
478.049987792969;10.1684198379517;9.97233295440674;10.2057304382324
478.5;10.163685798645;10.0167894363403;10.1839904785156
478.950012207031;10.3081064224243;10.1290645599365;10.2662029266357
479.549987792969;10.4907188415527;10.2218255996704;10.3195381164551
480;10.5969181060791;10.3092775344849;10.3183755874634
480.450012207031;10.6205368041992;10.2776441574097;10.3285312652588
481.059997558594;10.6730079650879;10.4202976226807;10.3785200119019
481.510009765625;10.6756391525269;10.3695554733276;10.4044332504272
481.959991455078;10.8279085159302;10.3281698226929;10.3971681594849
482.570007324219;10.7120590209961;10.3858327865601;10.4021854400635
483.029998779297;10.8684911727905;10.4437837600708;10.3636169433594
483.480010986328;10.8711986541748;10.398585319519;10.2725896835327
483.929992675781;10.860951423645;10.3703155517578;10.3289937973022
484.540008544922;10.9545373916626;10.3116016387939;10.3191356658936
485;10.8243780136108;10.3744335174561;10.232759475708
485.450012207031;10.86643409729;10.356595993042;10.3116216659546
486.059997558594;10.828595161438;10.3170490264893;10.3525390625
486.510009765625;10.8244609832764;10.2305002212524;10.2744207382202
486.959991455078;10.7096843719482;10.2466735839844;10.2400960922241
487.570007324219;10.8084802627563;10.1518621444702;10.2453594207764
488.029998779297;10.741644859314;10.1829423904419;10.1046514511108
488.480010986328;10.5832939147949;10.115777015686;10.0408716201782
488.929992675781;10.5409832000732;10.1454524993896;10.0068111419678
489.540008544922;10.4030656814575;10.0229301452637;9.96917629241943
490;10.3077764511108;10.0077352523804;9.87265014648438
490.440002441406;10.2900609970093;9.97979164123535;9.81906700134277
491.040008544922;10.2787170410156;9.81897258758545;9.71325969696045
491.489990234375;10.3025455474854;9.8991231918335;9.62808990478516
491.940002441406;10.2135524749756;9.81005477905273;9.63055324554443
492.529998779297;9.97186374664307;9.67216968536377;9.65708446502686
492.980010986328;9.92226123809814;9.69526863098145;9.57402420043945
493.429992675781;9.74004364013672;9.68684101104736;9.44212913513184
494.019989013672;9.66357231140137;9.55772686004639;9.41410160064697
494.470001220703;9.6148157119751;9.52349758148193;9.28239822387695
495.070007324219;9.57632255554199;9.44526958465576;9.21733856201172
495.519989013672;9.47304439544678;9.27225589752197;9.18662738800049
495.970001220703;9.3456916809082;9.22613430023193;9.12170791625977
496.559997558594;9.2678165435791;9.25062942504883;9.07146739959717
497.010009765625;9.13541984558105;9.09135055541992;8.85220146179199
497.459991455078;9.04327487945557;9.07729816436768;8.86844921112061
498.049987792969;9.06504058837891;9.00108051300049;8.79615879058838
498.5;8.83644390106201;8.94083213806152;8.80077171325684
498.950012207031;8.79587268829346;8.79341125488281;8.76003551483154
499.549987792969;8.70003890991211;8.76667499542236;8.55294799804687
500;8.66349697113037;8.69308662414551;8.52934074401855
500.440002441406;8.55986499786377;8.64052104949951;8.42031097412109
501.040008544922;8.42418479919434;8.48148632049561;8.39332962036133
501.489990234375;8.23819351196289;8.45259380340576;8.41045761108398
501.940002441406;8.2354211807251;8.40265369415283;8.33257961273193
502.529998779297;8.09108829498291;8.33609008789063;8.21258068084717
502.980010986328;8.02825546264648;8.27277278900146;8.10070705413818
503.429992675781;7.92979764938354;8.19954109191895;7.99403047561646
504.019989013672;7.89913940429688;8.12436199188232;7.96175146102905
504.470001220703;7.8273286819458;8.08283615112305;7.79082918167114
505.070007324219;7.81907176971436;7.93125057220459;7.81757497787476
505.519989013672;7.62041902542114;7.83395338058472;7.71786260604858
505.970001220703;7.60716152191162;7.82387638092041;7.56869411468506
506.559997558594;7.4550199508667;7.75906467437744;7.50170516967773
507.010009765625;7.38233947753906;7.61541891098022;7.49076223373413
507.459991455078;7.32149410247803;7.54279565811157;7.51130533218384
508.049987792969;7.17831563949585;7.45463085174561;7.35143709182739
508.5;7.10222101211548;7.45931577682495;7.31014919281006
508.950012207031;7.13652801513672;7.32511806488037;7.1899938583374
509.549987792969;7.08180856704712;7.28684520721436;7.14309883117676
510;6.91380167007446;7.21168518066406;6.99009704589844
510.440002441406;6.91885852813721;7.10928106307983;7.0143780708313
511.040008544922;6.84131860733032;7.07059526443481;6.93809652328491
511.489990234375;6.81017303466797;6.91951370239258;6.8394570350647
511.940002441406;6.70114803314209;6.93703651428223;6.79909610748291
512.530029296875;6.58157205581665;6.8769326210022;6.76901340484619
512.97998046875;6.50539207458496;6.75765609741211;6.6474494934082
513.429992675781;6.48575210571289;6.64264869689941;6.61270952224731
514.02001953125;6.38322687149048;6.59370803833008;6.50766563415527
514.469970703125;6.32164287567139;6.47110366821289;6.44500541687012
515.070007324219;6.21168994903564;6.44614696502686;6.29448080062866
515.52001953125;6.13710451126099;6.34798860549927;6.29915475845337
515.969970703125;6.04914665222168;6.26208782196045;6.24517679214478
516.559997558594;6.02411603927612;6.26147270202637;6.11404800415039
517.010009765625;5.91339540481567;6.17299365997314;6.06291484832764
517.460021972656;5.90448522567749;6.10110807418823;6.02273607254028
518.049987792969;5.77881813049316;6.00844764709473;5.889732837677
518.5;5.67614507675171;5.84092950820923;5.79068374633789
518.950012207031;5.66499471664429;5.86750221252441;5.7687931060791
519.549987792969;5.58508634567261;5.70000314712524;5.624755859375
520;5.46747016906738;5.66718196868897;5.55633401870728
520.440002441406;5.3742823600769;5.60013914108276;5.46393537521362
521.02001953125;5.26603984832764;5.46690464019775;5.42330026626587
521.469970703125;5.24181318283081;5.42103385925293;5.36052417755127
522.049987792969;5.11782693862915;5.29458570480347;5.25083637237549
522.5;5.07310914993286;5.36171197891235;5.14648818969727
522.940002441406;4.96404552459717;5.16189861297607;5.1388430595398
523.52001953125;4.90048313140869;5.04855918884277;5.04390907287598
523.969970703125;4.81957483291626;5.00965356826782;4.90581560134888
524.549987792969;4.63920545578003;4.89990329742432;4.82082319259644
525;4.68143844604492;4.83760976791382;4.74002408981323
525.440002441406;4.55186796188354;4.77206182479858;4.65005779266357
526.02001953125;4.46166753768921;4.71096754074097;4.65978860855103
526.469970703125;4.44128036499023;4.64846086502075;4.48833131790161
527.049987792969;4.32079029083252;4.53753232955933;4.3930459022522
527.5;4.28472566604614;4.52345895767212;4.36600494384766
527.940002441406;4.18950319290161;4.38502359390259;4.30483818054199
528.52001953125;4.12703275680542;4.36628484725952;4.22845363616943
528.969970703125;4.08441925048828;4.26945495605469;4.21560621261597
529.549987792969;4.03264856338501;4.20937967300415;4.03684616088867
530;3.9007875919342;4.1742525100708;4.04796123504639
530.440002441406;3.89661765098572;4.03850507736206;4.02429056167603
531.039978027344;3.83183932304382;4.06681776046753;3.89180564880371
531.489990234375;3.83758401870728;3.94769430160522;3.84640693664551
531.940002441406;3.74159097671509;3.9217004776001;3.77044463157654
532.530029296875;3.66002607345581;3.81843590736389;3.7785861492157
532.97998046875;3.65236330032349;3.7834312915802;3.73586368560791
533.429992675781;3.56527948379517;3.72281432151794;3.64054155349731
534.02001953125;3.53374338150024;3.6535165309906;3.57535290718079
534.469970703125;3.45445370674133;3.57137727737427;3.51306915283203
535.070007324219;3.42017388343811;3.54132294654846;3.46319961547852
535.52001953125;3.38013792037964;3.48033452033997;3.45659828186035
535.969970703125;3.32623553276062;3.50598382949829;3.36089944839478
536.559997558594;3.31874585151672;3.40795111656189;3.31884837150574
537.010009765625;3.25931167602539;3.38636422157288;3.28416228294373
537.460021972656;3.23007726669312;3.30811047554016;3.20418381690979
538.049987792969;3.20471262931824;3.21924495697022;3.16275501251221
538.5;3.13542723655701;3.23755216598511;3.1246976852417
538.950012207031;3.10335540771484;3.15404462814331;3.08078861236572
539.549987792969;3.07184267044067;3.12401604652405;3.06843400001526
540;3.04480314254761;3.03247833251953;3.03911995887756
540.440002441406;3.01098799705505;3.06282138824463;2.96501564979553
541.02001953125;2.96738290786743;2.94367218017578;2.89701128005981
541.469970703125;2.94816088676453;2.94866180419922;2.86335611343384
542.049987792969;2.89056849479675;2.90123343467712;2.82154393196106
542.5;2.88937139511108;2.86975121498108;2.7587947845459
542.940002441406;2.90267634391785;2.78848648071289;2.7548520565033
543.52001953125;2.77740693092346;2.74085688591003;2.71591401100159
543.969970703125;2.82272982597351;2.74240112304687;2.68372797966003
544.549987792969;2.69131088256836;2.65449237823486;2.60289740562439
545;2.73970007896423;2.61661386489868;2.60267996788025
545.440002441406;2.70312094688416;2.59986257553101;2.55818200111389
546.02001953125;2.68467450141907;2.54616761207581;2.51029920578003
546.469970703125;2.64504504203796;2.44949841499329;2.45893836021423
547.049987792969;2.59386563301086;2.42925930023193;2.46145486831665
547.5;2.57613348960876;2.44411015510559;2.38984847068787
547.940002441406;2.52422523498535;2.40349268913269;2.38825750350952
548.52001953125;2.47936010360718;2.33181405067444;2.33948302268982
548.969970703125;2.47152137756348;2.31710720062256;2.29086422920227
549.549987792969;2.46226191520691;2.24790811538696;2.29067063331604
550;2.39207601547241;2.25471568107605;2.21135878562927
550.440002441406;2.40827703475952;2.23061442375183;2.22736358642578
551.039978027344;2.37332916259766;2.18528938293457;2.15152049064636
551.489990234375;2.32027983665466;2.15547847747803;2.11984467506409
551.940002441406;2.27079963684082;2.09717440605164;2.08696031570435
552.530029296875;2.24765968322754;2.05039095878601;2.09034585952759
552.97998046875;2.23791790008545;2.04658985137939;2.03031349182129
553.429992675781;2.19479179382324;2.02359676361084;2.00387787818909
554.02001953125;2.1767852306366;1.96266603469849;1.96992230415344
554.469970703125;2.17571306228638;1.9667854309082;1.92280077934265
555.070007324219;2.11400771141052;1.94524121284485;1.90397620201111
555.52001953125;2.087406873703;1.88244915008545;1.9133688211441
555.969970703125;2.07045340538025;1.90028238296509;1.88797903060913
556.559997558594;2.02123165130615;1.80843377113342;1.81525981426239
557.010009765625;2.04218220710754;1.80852258205414;1.79087042808533
557.460021972656;2.01632976531982;1.84055328369141;1.77884197235107
558.049987792969;1.96550297737122;1.79726028442383;1.70770049095154
558.5;1.91390717029572;1.75777697563171;1.69761753082275
558.950012207031;1.91522681713104;1.73523139953613;1.72830700874329
559.549987792969;1.9147709608078;1.70673906803131;1.71492445468903
560;1.8505334854126;1.68282520771027;1.63869786262512
