Sample IDs:;251006_251002O_tht_4days;;
Wavelength [nm];Fluorescence intensity [a.u.];Fluorescence intensity [a.u.];Fluorescence intensity [a.u.]
460;4.60055160522461;4.54059171676636;4.67178821563721
460.450012207031;4.73483085632324;4.68312835693359;4.77885150909424
461.059997558594;5.02124214172363;5.11440563201904;5.22039604187012
461.510009765625;5.29114818572998;5.28654718399048;5.36780405044556
461.959991455078;5.53389501571655;5.578369140625;5.72353935241699
462.570007324219;5.92515134811401;5.93651866912842;6.01588153839111
463.029998779297;6.17877864837646;6.19116640090942;6.30222702026367
463.480010986328;6.46827697753906;6.46390867233276;6.60437774658203
463.929992675781;6.73923444747925;6.77994298934937;6.8383674621582
464.540008544922;7.16621208190918;7.15219640731812;7.17605543136597
465;7.28836822509766;7.48892021179199;7.44326019287109
465.450012207031;7.59733533859253;7.65790367126465;7.6795916557312
466.059997558594;8.01934242248535;8.04976654052734;8.08085632324219
466.510009765625;8.2099723815918;8.32039165496826;8.39717292785645
466.959991455078;8.42635440826416;8.59195137023926;8.63060092926025
467.570007324219;8.76411056518555;8.98153305053711;9.00404167175293
468.029998779297;9.09943294525146;9.34563446044922;9.42812347412109
468.480010986328;9.42761898040771;9.67298889160156;9.61035823822022
468.929992675781;9.64293193817139;9.71528244018555;9.82168388366699
469.540008544922;10.1027002334595;10.1766986846924;10.1627416610718
470;10.3020801544189;10.364278793335;10.3256454467773
470.440002441406;10.6204986572266;10.6786289215088;10.6502504348755
471.040008544922;10.9919662475586;11.0764656066895;11.0303192138672
471.489990234375;11.0879907608032;11.1117353439331;11.2490339279175
471.940002441406;11.5357484817505;11.4405345916748;11.460919380188
472.529998779297;11.6842927932739;11.6963586807251;11.6081218719482
472.980010986328;11.9293994903564;11.833872795105;11.8635873794556
473.429992675781;12.1361932754517;12.1102695465088;11.9142923355103
474.019989013672;12.3248062133789;12.2394847869873;12.2864618301392
474.470001220703;12.6440591812134;12.4406929016113;12.2777509689331
475.070007324219;12.750171661377;12.6606092453003;12.5303821563721
475.519989013672;12.9465208053589;12.8609685897827;12.8719043731689
475.970001220703;13.0899333953857;12.8971719741821;12.7882957458496
476.559997558594;13.3332567214966;13.2066450119019;13.0713949203491
477.010009765625;13.4775438308716;13.2425575256348;13.2231521606445
477.459991455078;13.6454744338989;13.2990922927856;13.3007078170776
478.049987792969;13.7231826782227;13.5182504653931;13.2412767410278
478.5;13.8014583587646;13.5113306045532;13.4226408004761
478.950012207031;13.8542165756226;13.5473871231079;13.5510597229004
479.549987792969;13.7936363220215;13.7114810943604;13.6222810745239
480;14.000789642334;13.7597599029541;13.6660594940186
480.450012207031;14.0799474716187;13.9193639755249;13.7375288009644
481.059997558594;14.1371831893921;13.7540531158447;13.7431936264038
481.510009765625;14.1959810256958;13.9564456939697;13.7865743637085
481.959991455078;14.3735580444336;13.951828956604;13.786262512207
482.570007324219;14.3071441650391;13.8745441436768;13.8568096160889
483.029998779297;14.2145767211914;13.9628973007202;13.8693428039551
483.480010986328;14.318431854248;14.0132541656494;13.7920904159546
483.929992675781;14.5053625106812;13.8365087509155;13.8352336883545
484.540008544922;14.3951444625854;13.8677711486816;13.7524852752686
485;14.4471788406372;13.8461818695068;13.9189338684082
485.450012207031;14.2967700958252;14.0283517837524;13.8241395950317
486.059997558594;14.3510303497314;13.8754596710205;13.7354784011841
486.510009765625;14.5199966430664;13.7680292129517;13.7250776290894
486.959991455078;14.4378690719604;13.7213516235352;13.66162109375
487.570007324219;14.4408884048462;13.7603549957275;13.5605335235596
488.029998779297;14.3879766464233;13.6258420944214;13.6053791046143
488.480010986328;14.5686817169189;13.6609191894531;13.5409450531006
488.929992675781;14.4695224761963;13.6031999588013;13.3330688476563
489.540008544922;14.3346462249756;13.5875978469849;13.5204133987427
490;14.3644609451294;13.5090713500977;13.3063888549805
490.440002441406;14.3126745223999;13.4829845428467;13.200140953064
491.040008544922;14.1707801818848;13.3902378082275;13.1450309753418
491.489990234375;14.1383228302002;13.3770895004272;13.0238256454468
491.940002441406;13.9946842193604;13.3175764083862;12.9453411102295
492.529998779297;13.995982170105;13.2740859985352;12.932562828064
492.980010986328;13.9648513793945;13.1494998931885;12.8022155761719
493.429992675781;13.8112726211548;13.1158866882324;12.7657804489136
494.019989013672;13.926905632019;12.9963493347168;12.520133972168
494.470001220703;13.725302696228;12.9479627609253;12.5923862457275
495.070007324219;13.6965236663818;12.7323627471924;12.4441938400269
495.519989013672;13.6141471862793;12.7440328598022;12.3107719421387
495.970001220703;13.5783948898315;12.6988315582275;12.2852392196655
496.559997558594;13.5555820465088;12.639518737793;12.1042222976685
497.010009765625;13.4119367599487;12.6686906814575;12.1330394744873
497.459991455078;13.2833833694458;12.4035511016846;11.9563150405884
498.049987792969;13.3625602722168;12.299464225769;11.887656211853
498.5;13.1956090927124;12.3510828018188;11.8125686645508
498.950012207031;13.1468353271484;12.2552433013916;11.7184181213379
499.549987792969;13.1012172698975;12.1020841598511;11.6315603256226
500;12.973087310791;11.9836387634277;11.5309000015259
500.440002441406;12.933801651001;12.0843381881714;11.4753932952881
501.040008544922;12.8655490875244;11.845703125;11.3396558761597
501.489990234375;12.74289894104;11.7783708572388;11.2595167160034
501.940002441406;12.6179904937744;11.6663312911987;11.0749359130859
502.529998779297;12.6152830123901;11.6594047546387;10.9978914260864
502.980010986328;12.4223594665527;11.3999032974243;10.8690843582153
503.429992675781;12.3352460861206;11.4447469711304;10.8359527587891
504.019989013672;12.2832698822021;11.3032493591309;10.7152452468872
504.470001220703;12.224494934082;11.2107448577881;10.5399303436279
505.070007324219;12.1912698745728;11.0656032562256;10.4364042282104
505.519989013672;12.016565322876;11.0111503601074;10.3842468261719
505.970001220703;11.9931335449219;10.9733190536499;10.2413578033447
506.559997558594;11.6815528869629;10.9029407501221;10.1863965988159
507.010009765625;11.75998878479;10.8133563995361;10.1018047332764
507.459991455078;11.6495265960693;10.7092409133911;10.0525550842285
508.049987792969;11.4881792068481;10.6424560546875;9.81033992767334
508.5;11.3872404098511;10.5746126174927;9.75179290771484
508.950012207031;11.384819984436;10.5177402496338;9.67033100128174
509.549987792969;11.2860622406006;10.4166784286499;9.65368366241455
510;11.2164220809937;10.3355598449707;9.56560230255127
510.440002441406;11.0195846557617;10.2186145782471;9.39379215240478
511.040008544922;11.0293788909912;10.2158937454224;9.30655765533447
511.489990234375;10.9020490646362;10.0523052215576;9.1794900894165
511.940002441406;10.7614221572876;9.9382152557373;9.13846206665039
512.530029296875;10.6886749267578;9.97685432434082;9.01245784759522
512.97998046875;10.6774444580078;9.74773979187012;8.91963481903076
513.429992675781;10.5439310073853;9.72481918334961;8.87868785858154
514.02001953125;10.40296459198;9.67663097381592;8.68782138824463
514.469970703125;10.3343849182129;9.58202934265137;8.61987590789795
515.070007324219;10.0778884887695;9.49061489105225;8.48799133300781
515.52001953125;9.98115158081055;9.3669261932373;8.44119930267334
515.969970703125;9.87793350219727;9.32304954528809;8.30110454559326
516.559997558594;9.80902671813965;9.28707027435303;8.17787170410156
517.010009765625;9.74931716918945;9.10908985137939;8.13500881195068
517.460021972656;9.47941398620605;9.03849124908447;7.98439645767212
518.049987792969;9.33492851257324;8.9921350479126;7.98945474624634
518.5;9.26848697662354;8.78812789916992;7.80549573898315
518.950012207031;9.20624542236328;8.82153701782227;7.70923805236816
519.549987792969;9.00791835784912;8.67856788635254;7.64166307449341
520;8.84535789489746;8.63778591156006;7.55390691757202
520.440002441406;8.79046058654785;8.5060863494873;7.48059701919556
521.02001953125;8.67423439025879;8.44617652893066;7.29473352432251
521.469970703125;8.60225105285645;8.32979297637939;7.22985029220581
522.049987792969;8.39128017425537;8.16324710845947;7.07109260559082
522.5;8.26066970825195;8.0763349533081;6.93262481689453
522.940002441406;8.11168003082275;7.98578596115112;6.8877272605896
523.52001953125;8.00236034393311;7.82715368270874;6.79763984680176
523.969970703125;7.93984842300415;7.77625608444214;6.7003583908081
524.549987792969;7.76269149780273;7.54995775222778;6.55644798278809
525;7.71132278442383;7.52026748657227;6.49151468276978
525.440002441406;7.5611629486084;7.43775749206543;6.3553032875061
526.02001953125;7.41736555099487;7.36675596237183;6.23711252212524
526.469970703125;7.42146873474121;7.30926942825317;6.19154644012451
527.049987792969;7.1736569404602;7.1370587348938;6.10576295852661
527.5;7.13165760040283;7.07427453994751;6.01926612854004
527.940002441406;7.04132795333862;6.9760570526123;5.89454221725464
528.52001953125;6.8987889289856;6.84996891021729;5.80546617507935
528.969970703125;6.85125112533569;6.76559734344482;5.66325569152832
529.549987792969;6.69886112213135;6.73204565048218;5.63564205169678
530;6.60149240493774;6.5937237739563;5.54348802566528
530.440002441406;6.49209260940552;6.55257225036621;5.55980730056763
531.039978027344;6.43516492843628;6.37623167037964;5.42151069641113
531.489990234375;6.31973218917847;6.35110187530518;5.37442970275879
531.940002441406;6.25765562057495;6.19683599472046;5.26456499099731
532.530029296875;6.18548345565796;6.14912128448486;5.17623996734619
532.97998046875;6.10082197189331;6.03714466094971;5.07662010192871
533.429992675781;6.02505731582642;5.9614086151123;5.03664875030518
534.02001953125;5.87378025054932;5.98033332824707;4.98686027526855
534.469970703125;5.86077833175659;5.87763500213623;4.9158821105957
535.070007324219;5.69804096221924;5.78585529327393;4.78809785842895
535.52001953125;5.64228200912476;5.76041507720947;4.76867246627808
535.969970703125;5.59794998168945;5.69105863571167;4.64433097839355
536.559997558594;5.4036135673523;5.52804517745972;4.60803747177124
537.010009765625;5.36226415634155;5.53030347824097;4.52756500244141
537.460021972656;5.31263732910156;5.43026828765869;4.50383806228638
538.049987792969;5.23375272750854;5.39455223083496;4.42303895950317
538.5;5.21978092193604;5.26715326309204;4.38931608200073
538.950012207031;5.09445238113403;5.24682855606079;4.30438423156738
539.549987792969;4.98941278457642;5.22467947006226;4.22669792175293
540;4.93137407302856;5.08030939102173;4.1878981590271
540.440002441406;4.83577728271484;5.01960229873657;4.18011903762817
541.02001953125;4.83171129226685;5.00770616531372;3.99526739120483
541.469970703125;4.75118112564087;4.96060609817505;4.00268411636353
542.049987792969;4.6029953956604;4.92841100692749;3.90380191802978
542.5;4.63302659988403;4.82287502288818;3.88521027565002
542.940002441406;4.61883115768433;4.79509973526001;3.84278273582458
543.52001953125;4.45867967605591;4.66109275817871;3.71610569953918
543.969970703125;4.40602493286133;4.62306022644043;3.72363567352295
544.549987792969;4.27788639068604;4.57923078536987;3.65418863296509
545;4.21923446655273;4.54126644134521;3.61620402336121
545.440002441406;4.22199249267578;4.50159883499146;3.53055763244629
546.02001953125;4.14855670928955;4.42434358596802;3.48886108398438
546.469970703125;4.10229063034058;4.37715339660645;3.48831248283386
547.049987792969;3.97380447387695;4.33111524581909;3.40061521530151
547.5;3.9913330078125;4.20742416381836;3.34353590011597
547.940002441406;3.88639879226685;4.17486476898193;3.35202717781067
548.52001953125;3.79397559165955;4.13034057617188;3.25989866256714
548.969970703125;3.70610308647156;4.15338897705078;3.22061443328857
549.549987792969;3.68367505073547;4.07685708999634;3.18915343284607
550;3.66049981117249;4.03573751449585;3.16416049003601
550.440002441406;3.59689736366272;3.97944831848145;3.09967637062073
551.039978027344;3.5193190574646;3.90729665756226;3.05098938941956
551.489990234375;3.47933268547058;3.85087442398071;3.02307343482971
551.940002441406;3.43538355827332;3.79842829704285;2.94315767288208
552.530029296875;3.34221768379211;3.77821493148804;2.94845747947693
552.97998046875;3.29689359664917;3.65730428695679;2.93845105171204
553.429992675781;3.28887128829956;3.66844582557678;2.85394263267517
554.02001953125;3.2259418964386;3.61404776573181;2.80093860626221
554.469970703125;3.1518726348877;3.59790444374084;2.75858545303345
555.070007324219;3.18151783943176;3.57664513587952;2.75258755683899
555.52001953125;3.10613989830017;3.44221210479736;2.68007349967957
555.969970703125;3.0631685256958;3.46667385101318;2.61054158210754
556.559997558594;2.99901556968689;3.41791749000549;2.60290837287903
557.010009765625;2.94589519500732;3.38865160942078;2.59724378585815
557.460021972656;2.95056772232056;3.28925895690918;2.55720567703247
558.049987792969;2.86934304237366;3.25105690956116;2.53044533729553
558.5;2.86217188835144;3.23875188827515;2.5195803642273
558.950012207031;2.78924679756165;3.19480848312378;2.43025374412537
559.549987792969;2.74476003646851;3.12326979637146;2.40739727020264
560;2.70123505592346;3.10173273086548;2.41464614868164
