Sample IDs:;251002_251002G_tht_0days;;
Wavelength [nm];Fluorescence intensity [a.u.];Fluorescence intensity [a.u.];Fluorescence intensity [a.u.]
460;0.219458371400833;0.221607267856598;0.200964123010635
460.450012207031;0.202301502227783;0.212640374898911;0.217129051685333
461.059997558594;0.218858271837234;0.228299468755722;0.222993046045303
461.510009765625;0.223211884498596;0.212141960859299;0.223404854536057
461.959991455078;0.236722141504288;0.21799635887146;0.224664300680161
462.570007324219;0.215069204568863;0.242800235748291;0.242763429880142
463.029998779297;0.223126798868179;0.239856839179993;0.235098093748093
463.480010986328;0.234462380409241;0.244152694940567;0.239373534917831
463.929992675781;0.269089609384537;0.228360444307327;0.233381658792496
464.540008544922;0.258500993251801;0.243084311485291;0.268363982439041
465;0.24564391374588;0.259453028440475;0.24535146355629
465.450012207031;0.241866946220398;0.276791512966156;0.252718329429626
466.059997558594;0.246825516223907;0.251856178045273;0.266175717115402
466.510009765625;0.259817242622375;0.251206159591675;0.26023131608963
466.959991455078;0.274912774562836;0.278407961130142;0.266542285680771
467.570007324219;0.277438044548035;0.267594844102859;0.29273647069931
468.029998779297;0.285049259662628;0.262137442827225;0.278104245662689
468.480010986328;0.281329482793808;0.27722379565239;0.272583395242691
468.929992675781;0.279586553573608;0.269723355770111;0.277276962995529
469.540008544922;0.300574600696564;0.301864594221115;0.299548268318176
470;0.296999663114548;0.28364372253418;0.304744571447372
470.440002441406;0.312237977981567;0.314969927072525;0.3150754570961
471.040008544922;0.298808217048645;0.299561828374863;0.30386546254158
471.489990234375;0.311326622962952;0.282540529966354;0.318100064992905
471.940002441406;0.303603112697601;0.307224988937378;0.310069531202316
472.529998779297;0.326501876115799;0.318304866552353;0.307217121124268
472.980010986328;0.303325980901718;0.326951742172241;0.325016856193542
473.429992675781;0.337895184755325;0.302778035402298;0.304801464080811
474.019989013672;0.312642604112625;0.33174079656601;0.31985068321228
474.470001220703;0.328963994979858;0.338679373264313;0.314868152141571
475.070007324219;0.353248447179794;0.339819192886353;0.338371843099594
475.519989013672;0.336368232965469;0.343622237443924;0.329168081283569
475.970001220703;0.339060872793198;0.319712489843369;0.339835315942764
476.559997558594;0.327282816171646;0.325489491224289;0.335556209087372
477.010009765625;0.331624180078506;0.338851094245911;0.342314958572388
477.459991455078;0.327615708112717;0.317906647920609;0.338960975408554
478.049987792969;0.345425099134445;0.338476002216339;0.324153423309326
478.5;0.345587909221649;0.35449144244194;0.336685508489609
478.950012207031;0.345731616020203;0.35797905921936;0.330426752567291
479.549987792969;0.325446397066116;0.330474436283112;0.349031239748001
480;0.326962172985077;0.33366784453392;0.319090723991394
480.450012207031;0.318657994270325;0.334143131971359;0.330544084310532
481.059997558594;0.332880288362503;0.357892394065857;0.337853312492371
481.510009765625;0.332821756601334;0.357385277748108;0.348406344652176
481.959991455078;0.347448170185089;0.360409468412399;0.342882812023163
482.570007324219;0.349450141191483;0.326661139726639;0.351144403219223
483.029998779297;0.345727324485779;0.347778469324112;0.353102505207062
483.480010986328;0.360304772853851;0.360049962997437;0.365273684263229
483.929992675781;0.347654759883881;0.328678011894226;0.353328555822372
484.540008544922;0.34155935049057;0.338114976882935;0.341628581285477
485;0.338685244321823;0.335923373699188;0.365915983915329
485.450012207031;0.342918306589127;0.356626451015472;0.335332363843918
486.059997558594;0.348105013370514;0.34123107790947;0.363078027963638
486.510009765625;0.345362395048142;0.35677170753479;0.363237410783768
486.959991455078;0.350957483053207;0.332318753004074;0.328753858804703
487.570007324219;0.345010787248611;0.349197208881378;0.362871915102005
488.029998779297;0.332371026277542;0.355541467666626;0.358461529016495
488.480010986328;0.341706037521362;0.354150474071503;0.364198386669159
488.929992675781;0.339622467756271;0.334054529666901;0.345059394836426
489.540008544922;0.350591242313385;0.352600991725922;0.343141913414001
490;0.353926956653595;0.341290831565857;0.346895515918732
490.440002441406;0.337427794933319;0.354389071464539;0.351499110460281
491.040008544922;0.351521521806717;0.350724071264267;0.350358337163925
491.489990234375;0.343857109546661;0.340324997901916;0.3410604596138
491.940002441406;0.344528526067734;0.338014334440231;0.353473633527756
492.529998779297;0.333712071180344;0.353270977735519;0.34418985247612
492.980010986328;0.339647263288498;0.349580436944962;0.372324585914612
493.429992675781;0.327236622571945;0.352550029754639;0.334188848733902
494.019989013672;0.341028213500977;0.34382438659668;0.338124603033066
494.470001220703;0.338553756475449;0.336749017238617;0.347805052995682
495.070007324219;0.352916896343231;0.327399849891663;0.337734311819077
495.519989013672;0.35205015540123;0.35619843006134;0.331687718629837
495.970001220703;0.342613905668259;0.322663635015488;0.342033088207245
496.559997558594;0.325432986021042;0.335812628269196;0.345625132322311
497.010009765625;0.321176290512085;0.304984658956528;0.332884043455124
497.459991455078;0.319361835718155;0.329145818948746;0.342945843935013
498.049987792969;0.328746199607849;0.327012658119202;0.327872902154922
498.5;0.31815430521965;0.323785215616226;0.323583394289017
498.950012207031;0.319839864969254;0.344861537218094;0.335418492555618
499.549987792969;0.316776007413864;0.31866979598999;0.332392990589142
500;0.300182789564133;0.311461180448532;0.333790719509125
500.440002441406;0.31615936756134;0.316277742385864;0.318342059850693
501.040008544922;0.330605357885361;0.319884359836578;0.337655991315842
501.489990234375;0.312866449356079;0.298301458358765;0.315447330474854
501.940002441406;0.312506079673767;0.316645503044128;0.31752797961235
502.529998779297;0.314701467752457;0.308227747678757;0.314398556947708
502.980010986328;0.311779320240021;0.303101569414139;0.331366449594498
503.429992675781;0.291112661361694;0.306395560503006;0.324622243642807
504.019989013672;0.310868680477142;0.334702551364899;0.313323497772217
504.470001220703;0.307807177305222;0.312585204839706;0.33559787273407
505.070007324219;0.314024746417999;0.299255073070526;0.301992684602737
505.519989013672;0.327748090028763;0.309980988502502;0.309229403734207
505.970001220703;0.328678578138351;0.300765991210937;0.315726459026337
506.559997558594;0.316094160079956;0.326255172491074;0.325144201517105
507.010009765625;0.33709728717804;0.331789970397949;0.31475293636322
507.459991455078;0.321928411722183;0.32116088271141;0.331359356641769
508.049987792969;0.33281221985817;0.319832503795624;0.343933612108231
508.5;0.319221764802933;0.324942409992218;0.344500660896301
508.950012207031;0.316273063421249;0.342452526092529;0.348517417907715
509.549987792969;0.354647874832153;0.337736755609512;0.345420449972153
510;0.368307709693909;0.334965616464615;0.362640380859375
510.440002441406;0.35452789068222;0.360827475786209;0.369656294584274
511.040008544922;0.371631532907486;0.39034029841423;0.364126563072205
511.489990234375;0.368250072002411;0.353029578924179;0.386254817247391
511.940002441406;0.382857531309128;0.374838829040527;0.372295141220093
512.530029296875;0.379642575979233;0.402828067541122;0.385039508342743
512.97998046875;0.379199206829071;0.385821461677551;0.399620145559311
513.429992675781;0.375733852386475;0.371937990188599;0.397493928670883
514.02001953125;0.388064086437225;0.374082684516907;0.416329920291901
514.469970703125;0.401621162891388;0.392199397087097;0.395735830068588
515.070007324219;0.395427405834198;0.407483756542206;0.385720074176788
515.52001953125;0.41468757390976;0.398826748132706;0.41282132267952
515.969970703125;0.405930727720261;0.392222166061401;0.411394000053406
516.559997558594;0.400317043066025;0.398947298526764;0.397354304790497
517.010009765625;0.417927950620651;0.411438971757889;0.40790468454361
517.460021972656;0.393920123577118;0.412904530763626;0.404686808586121
518.049987792969;0.405181616544724;0.390344977378845;0.395327240228653
518.5;0.383946776390076;0.389995545148849;0.403997421264648
518.950012207031;0.405538409948349;0.402833193540573;0.406486093997955
519.549987792969;0.383184045553207;0.370827913284302;0.375739246606827
520;0.365673720836639;0.383389800786972;0.346888780593872
520.440002441406;0.335276454687119;0.390413552522659;0.376035243272781
521.02001953125;0.346075177192688;0.351691395044327;0.34623509645462
521.469970703125;0.3537657558918;0.349161088466644;0.347835093736649
522.049987792969;0.356164753437042;0.338372498750687;0.343257069587708
522.5;0.325928777456284;0.33838751912117;0.328028291463852
522.940002441406;0.329743057489395;0.326362788677216;0.336478680372238
523.52001953125;0.289338529109955;0.28299480676651;0.308224409818649
523.969970703125;0.295172184705734;0.306712806224823;0.295403659343719
524.549987792969;0.268389761447906;0.277426928281784;0.250392735004425
525;0.276460587978363;0.27684810757637;0.272446662187576
525.440002441406;0.25938206911087;0.264651507139206;0.253802865743637
526.02001953125;0.2419213950634;0.249703675508499;0.239820271730423
526.469970703125;0.235626608133316;0.253471314907074;0.243218660354614
527.049987792969;0.222181171178818;0.239803045988083;0.228069633245468
527.5;0.22787269949913;0.229864448308945;0.220396101474762
527.940002441406;0.221493184566498;0.21558940410614;0.224416315555573
528.52001953125;0.220035195350647;0.216825515031815;0.2228102684021
528.969970703125;0.212064474821091;0.225795477628708;0.211187899112701
529.549987792969;0.198990553617477;0.207967877388;0.213329464197159
530;0.21082404255867;0.190350383520126;0.205697327852249
530.440002441406;0.205267697572708;0.206634879112244;0.212069392204285
531.039978027344;0.203431457281113;0.186446458101273;0.19935616850853
531.489990234375;0.190301060676575;0.203096240758896;0.187128663063049
531.940002441406;0.195004105567932;0.19109508395195;0.183160483837128
532.530029296875;0.188808023929596;0.182401448488235;0.192287147045135
532.97998046875;0.174321800470352;0.197795212268829;0.197849720716476
533.429992675781;0.166286736726761;0.176354557275772;0.184977412223816
534.02001953125;0.166073948144913;0.176293402910233;0.184796422719955
534.469970703125;0.162471026182175;0.182087004184723;0.172090113162994
535.070007324219;0.175995051860809;0.18355917930603;0.165781289339066
535.52001953125;0.169450342655182;0.173643440008163;0.184343665838242
535.969970703125;0.159821778535843;0.180890381336212;0.178302258253098
536.559997558594;0.169216156005859;0.17307385802269;0.174253553152084
537.010009765625;0.161214679479599;0.156179934740067;0.175036638975143
537.460021972656;0.160530745983124;0.162544727325439;0.15446925163269
538.049987792969;0.142408311367035;0.159042567014694;0.170825392007828
538.5;0.170250594615936;0.145856618881226;0.170123189687729
538.950012207031;0.159766227006912;0.143838316202164;0.175315678119659
539.549987792969;0.152174800634384;0.148628860712051;0.147014826536179
540;0.16074076294899;0.153060555458069;0.165846705436707
540.440002441406;0.159141272306442;0.148413002490997;0.159527122974396
541.02001953125;0.148532152175903;0.165540546178818;0.159942269325256
541.469970703125;0.148167043924332;0.164382934570313;0.150311440229416
542.049987792969;0.149094462394714;0.142314672470093;0.155669838190079
542.5;0.147353053092957;0.139705032110214;0.154702693223953
542.940002441406;0.13258957862854;0.150463819503784;0.152360558509827
543.52001953125;0.149735391139984;0.145120888948441;0.157905995845795
543.969970703125;0.156688064336777;0.137007802724838;0.152544528245926
544.549987792969;0.133064419031143;0.135687202215195;0.153434067964554
545;0.137099087238312;0.145093381404877;0.146419405937195
545.440002441406;0.137273043394089;0.144447565078735;0.146671295166016
546.02001953125;0.149694621562958;0.137661933898926;0.13667169213295
546.469970703125;0.146499365568161;0.121118284761906;0.143535435199738
547.049987792969;0.134760528802872;0.144331306219101;0.140994012355804
547.5;0.12634751200676;0.139599531888962;0.129946917295456
547.940002441406;0.161005765199661;0.119444213807583;0.131014853715897
548.52001953125;0.124845303595066;0.134807378053665;0.124035514891148
548.969970703125;0.126734435558319;0.130522489547729;0.14323890209198
549.549987792969;0.140938282012939;0.12077558785677;0.117448322474957
550;0.122618176043034;0.107865445315838;0.14029523730278
550.440002441406;0.123478554189205;0.130892425775528;0.107258707284927
551.039978027344;0.127210468053818;0.120736517012119;0.134158730506897
551.489990234375;0.1198425963521;0.111846223473549;0.111439593136311
551.940002441406;0.124170653522015;0.114718370139599;0.106517739593983
552.530029296875;0.117183946073055;0.113198719918728;0.120778001844883
552.97998046875;0.102770283818245;0.107169985771179;0.111238546669483
553.429992675781;0.110504798591137;0.1091613098979;0.117030210793018
554.02001953125;0.0984293892979622;0.117188550531864;0.116319440305233
554.469970703125;0.109412543475628;0.11953043192625;0.10410200804472
555.070007324219;0.105058744549751;0.111705839633942;0.10212454944849
555.52001953125;0.113793857395649;0.115870766341686;0.121370263397694
555.969970703125;0.0991449877619743;0.103715874254704;0.111513756215572
556.559997558594;0.104085393249989;0.112075686454773;0.111642874777317
557.010009765625;0.107642278075218;0.1083944439888;0.117694906890392
557.460021972656;0.106022134423256;0.0975563228130341;0.111542463302612
558.049987792969;0.0990235358476639;0.0942099019885063;0.0995294898748398
558.5;0.113007329404354;0.110562808811665;0.111449621617794
558.950012207031;0.104816354811192;0.0817425474524498;0.102944396436214
559.549987792969;0.11747782677412;0.0920236483216286;0.0955004245042801
560;0.0920641720294952;0.0995303094387054;0.112804144620895
