Sample IDs:;251002_buffer;;
Wavelength [nm];Fluorescence intensity [a.u.];Fluorescence intensity [a.u.];Fluorescence intensity [a.u.]
460;0.0833525210618973;0.030622772872448;0.0334120243787766
460.450012207031;0.0924154669046402;0.0337908938527107;0.0312895849347115
461.059997558594;0.0709878653287888;0.0343075469136238;0.0282480269670486
461.510009765625;0.0821862295269966;0.028448298573494;0.0446325987577438
461.959991455078;0.0780259519815445;0.0392954163253307;0.0279835872352123
462.570007324219;0.0595940127968788;0.0276098735630512;0.0280992649495602
463.029998779297;0.0807557627558708;0.0306192003190517;0.0329263918101788
463.480010986328;0.0747648403048515;0.0270689316093922;0.0302449092268944
463.929992675781;0.0543932095170021;0.0308428294956684;0.0200127586722374
464.540008544922;0.0541732311248779;0.0348209179937839;0.028916846960783
465;0.0492566712200642;0.0181640423834324;0.0313806608319283
465.450012207031;0.0408928878605366;0.030906617641449;0.0160472840070724
466.059997558594;0.0535224825143814;0.00615227594971657;0.0187070462852716
466.510009765625;0.0433805473148823;0.0215359330177307;0.0316050015389919
466.959991455078;0.0385500676929951;0.014853447675705;0.0261353850364685
467.570007324219;0.0436153262853622;0.0245275534689426;0.0285245515406132
468.029998779297;0.0511447340250015;0.0109861493110657;0.0155169293284416
468.480010986328;0.0504327081143856;0.020213209092617;0.0110234543681145
468.929992675781;0.0361562743782997;0.00125597324222326;0.015873946249485
469.540008544922;0.0445738919079304;0.0138753447681665;0.024652112275362
470;0.0261133275926113;0.00903220660984516;0.0110664553940296
470.440002441406;0.0281196907162666;0.0154050551354885;0.00613519549369812
471.040008544922;0.0245114862918854;0.000273999758064747;0.0100193787366152
471.489990234375;0.0144412573426962;0.00512192025780678;0.0202295519411564
471.940002441406;0.0323233231902122;0.0108846481889486;0.0163397509604692
472.529998779297;0.0333537198603153;0.0138919334858656;0.0167954843491316
472.980010986328;0.0296952463686466;0.016935084015131;0.00700572319328785
473.429992675781;0.0213656984269619;0.0115421898663044;0.0279573313891888
474.019989013672;0.0171304848045111;0.0140634812414646;0.00219594221562147
474.470001220703;0.0191640220582485;0.00528321787714958;0.0151821579784155
475.070007324219;0.0241106338799;0.00716262124478817;0.0114221815019846
475.519989013672;0.0228685811161995;0.013671537861228;0.00797355175018311
475.970001220703;0.0258499346673489;0.00731605105102062;0.0171744152903557
476.559997558594;0.021474227309227;0.00978616811335087;0.0147172752767801
477.010009765625;0.0201503299176693;0.0122797321528196;0.0131694562733173
477.459991455078;0.0141330901533365;-0.00254175532609224;-0.00124378222972155
478.049987792969;0.0215559415519238;0.00481992773711681;0.008922278881073
478.5;0.0138131715357304;0.000385112129151821;0.0060945674777031
478.950012207031;0.0250192172825336;-0.00695581361651421;0.012299345806241
479.549987792969;0.0299137644469738;-0.000102442689239979;0.00709126144647598
480;0.0235856920480728;0.00524093583226204;0.0012752590700984
480.450012207031;0.0262698754668236;-0.00355215836316347;0.00661046989262104
481.059997558594;0.0156325399875641;0.0131225343793631;0.00564881227910519
481.510009765625;0.0123172234743834;0.00525185093283653;0.0114282090216875
481.959991455078;0.0204203575849533;0.00672568380832672;-0.00215452536940575
482.570007324219;0.0216362699866295;0.00616599805653095;0.00415179412811995
483.029998779297;0.0213157907128334;0.00369687844067812;0.0157470349222422
483.480010986328;0.0179861914366484;0.00335095822811127;0.0041362876072526
483.929992675781;0.0237193517386913;0.00807066820561886;0.000754261389374733
484.540008544922;0.0273333750665188;0.00227476749569178;-0.00408184342086315
485;0.0205618366599083;0.0207826942205429;0.00853742659091949
485.450012207031;0.0237709209322929;0.00812566466629505;0.0191144905984402
486.059997558594;0.0361293070018291;0.00944575853645802;0.0108678694814444
486.510009765625;0.0248107202351093;0.000729700550436974;0.0167333167046309
486.959991455078;0.00884459540247917;-0.0065467176027596;0.00601895712316036
487.570007324219;0.0210024155676365;-0.00270612724125385;-0.00172843970358372
488.029998779297;0.0148482341319323;0.000253659673035145;0.0102887377142906
488.480010986328;0.0268366523087025;0.00217557419091463;0.00302229635417461
488.929992675781;0.0268055349588394;-0.00113768875598907;-0.00225049629807472
489.540008544922;0.00723296776413918;0.00467020459473133;0.00783649832010269
490;0.00548840686678886;-0.000188766047358513;0.0160721633583307
490.440002441406;0.0140874478965998;0.00807168148458004;0.00114414095878601
491.040008544922;0.0126010328531265;0.00278938468545675;0.00356955267488956
491.489990234375;0.0080569926649332;0.00272680725902319;0.0156134441494942
491.940002441406;0.00364247895777225;0.00513321720063686;0.00783135928213596
492.529998779297;0.0098232738673687;0.00220359303057194;-0.00319561082869768
492.980010986328;0.0049440860748291;-0.00700511084869504;0.00595801323652268
493.429992675781;0.0137279890477657;0.00512855686247349;0.00114064570516348
494.019989013672;0.0196185503154993;0.00172018632292747;0.0102556124329567
494.470001220703;0.000719809904694557;0.000247951596975327;0.00165006704628468
495.070007324219;0.0214462094008923;0.00267464388161898;0.0080297626554966
495.519989013672;0.00765938684344292;-0.00168417021632194;0.00367152038961649
495.970001220703;0.0046550203114748;-0.0070304861292243;0.00848972797393799
496.559997558594;0.0109310653060675;-0.00218250881880522;-0.00123615469783545
497.010009765625;0.00259209424257278;-0.00173734687268734;-0.00124089047312737
497.459991455078;-0.00242434348911047;0.00166727136820555;-0.000273398123681545
498.049987792969;-0.00488796876743436;0.00266593229025602;0.00217127427458763
498.5;0.00341891404241323;0.00275767780840397;0.0050529669970274
498.950012207031;0.0103087872266769;0.0123940818011761;0.00510020926594734
499.549987792969;0.00881843082606792;-0.0036351652815938;-0.00320453569293022
500;0.0125023573637009;0.00561138615012169;0.0132564939558506
500.440002441406;0.0114119239151478;-0.00895803235471249;-0.00752825569361448
501.040008544922;-0.00936545990407467;-0.0157686080783606;0.0069565623998642
501.489990234375;0.0198253951966763;-0.00264057330787182;0.0153049621731043
501.940002441406;0.0107476525008678;0.00558293983340263;0.00457186810672283
502.529998779297;0.0229877606034279;0.00760188512504101;-0.000232111662626266
502.980010986328;0.00852622650563717;0.00805382989346981;0.0168725922703743
503.429992675781;0.016053069382906;0.00270397122949362;0.00420875288546085
504.019989013672;0.00517156347632408;0.00369233172386885;0.00217790342867374
504.470001220703;0.0189684815704823;0.0110230389982462;0.0139797814190388
505.070007324219;0.0110785514116287;0.0139472559094429;0.0163376722484827
505.519989013672;0.0139497872442007;0.0188765712082386;0.0104810371994972
505.970001220703;0.0454440265893936;0.00860748440027237;0.0179553274065256
506.559997558594;0.0399735458195209;0.024694412946701;0.0281812809407711
507.010009765625;0.0300735011696815;0.0325304977595806;0.0207315199077129
507.459991455078;0.0322065576910973;0.0397012643516064;0.0422625206410885
508.049987792969;0.0569954663515091;0.0546339973807335;0.0312607921659946
508.5;0.040670745074749;0.045060109347105;0.0583514198660851
508.950012207031;0.0452128760516644;0.0515952855348587;0.0445244088768959
509.549987792969;0.0500535927712917;0.0733793824911118;0.0635898783802986
510;0.0745345205068588;0.0798071995377541;0.0668647363781929
510.440002441406;0.0676230639219284;0.0745052918791771;0.0811071917414665
511.040008544922;0.083628349006176;0.0804731994867325;0.0892801508307457
511.489990234375;0.0954026505351067;0.108779259026051;0.092420905828476
511.940002441406;0.0920477956533432;0.103494212031364;0.103240229189396
512.530029296875;0.11064925044775;0.114187531173229;0.11557399481535
512.97998046875;0.110452838242054;0.119507424533367;0.122434236109257
513.429992675781;0.121312595903873;0.121058531105518;0.11115787178278
514.02001953125;0.135725259780884;0.140824645757675;0.141066044569016
514.469970703125;0.153787732124329;0.13457715511322;0.134475380182266
515.070007324219;0.138589054346085;0.149701982736588;0.149434626102448
515.52001953125;0.137643426656723;0.150531828403473;0.161661595106125
515.969970703125;0.146683156490326;0.141823321580887;0.14915543794632
516.559997558594;0.151634186506271;0.144738972187042;0.166221976280212
517.010009765625;0.16330024600029;0.1464783847332;0.156678318977356
517.460021972656;0.157280564308166;0.162854760885239;0.153458744287491
518.049987792969;0.165012806653976;0.157763689756393;0.146218925714493
518.5;0.158216774463654;0.1401027739048;0.16149041056633
518.950012207031;0.151835381984711;0.142558187246323;0.149085998535156
519.549987792969;0.124498821794987;0.14750200510025;0.150932252407074
520;0.14401787519455;0.138520270586014;0.136769384145737
520.440002441406;0.131790697574615;0.139273822307587;0.145757496356964
521.02001953125;0.12164319306612;0.129563450813293;0.118016622960567
521.469970703125;0.133649706840515;0.113250397145748;0.133912295103073
522.049987792969;0.105745352804661;0.117465026676655;0.124436505138874
522.5;0.0995192602276802;0.101383157074451;0.0857225954532623
522.940002441406;0.0923672616481781;0.0954537391662598;0.0943729132413864
523.52001953125;0.076599657535553;0.0836439356207848;0.0879535749554634
523.969970703125;0.0855053588747978;0.0696118697524071;0.0591223910450935
524.549987792969;0.0713395774364471;0.0690554156899452;0.0720580592751503
525;0.0476502105593681;0.0549412965774536;0.0600307881832123
525.440002441406;0.0473143346607685;0.0525047183036804;0.0545538738369942
526.02001953125;0.0415719486773014;0.0379351116716862;0.0501853413879871
526.469970703125;0.0401261448860168;0.0448894500732422;0.0339080654084682
527.049987792969;0.0144650042057037;0.023560918867588;0.018682848662138
527.5;0.0270451232790947;0.034598458558321;0.0206138491630554
527.940002441406;0.0189168881624937;0.0109311696141958;0.0133304744958878
528.52001953125;0.0215634703636169;0.014821995049715;0.0230362787842751
528.969970703125;0.0140613354742527;0.0204576216638088;0.0230601914227009
529.549987792969;0.00867511704564095;0.013860085979104;-0.00313633307814598
530;0.0168830249458551;0.00925299525260925;0.0090293250977993
530.440002441406;0.00281831342726946;0.00938979722559452;0.011376554146409
531.039978027344;0.0116500500589609;-0.00849838554859161;-0.00120132230222225
531.489990234375;-0.00406157551333308;0.00656823627650738;0.00699500925838947
531.940002441406;0.00662649236619473;-0.00944188982248306;-0.00458825193345547
532.530029296875;0.00322363618761301;-0.00263169780373573;-0.0138196013867855
532.97998046875;0.00926444679498673;-0.00218173582106829;-0.00655168248340487
533.429992675781;-0.00550617231056094;-0.0162965785712004;-0.013828482478857
534.02001953125;-0.00202325917780399;0.00225606560707092;-0.00171736255288124
534.469970703125;0.00282671954482794;-0.00210028421133757;0.00409365259110928
535.070007324219;-0.00992118380963802;-0.0148219577968121;-0.00365483062341809
535.52001953125;0.00790666230022907;-0.00652817497029901;0.000217932276427746
535.969970703125;-0.00254942197352648;-0.000540664419531822;-0.00800456944853067
536.559997558594;-0.00303170830011368;-0.00549481203779578;-0.00896981824189425
537.010009765625;-0.00893072038888931;-0.00553683191537857;0.000234641134738922
537.460021972656;-0.0109009491279721;-0.00507432967424393;0.00121223088353872
538.049987792969;-0.00394568452611566;0.00906524434685707;0.00172576308250427
538.5;-0.00742710195481777;-0.00554470997303724;-0.000711191445589066
538.950012207031;-0.00989597011357546;-0.00212765112519264;0.00020527932792902
539.549987792969;-0.0128787467256188;-0.00363938976079226;0.0016730697825551
540;-0.00695663038641214;-0.00168706011027098;-0.00462928460910916
540.440002441406;-0.00450357794761658;-0.00119830667972565;0.00794005207717419
541.02001953125;0.00431875325739384;0.000198262743651867;-0.0027092257514596
541.469970703125;-0.00157837942242622;-0.00121659971773624;-0.00605032267048955
542.049987792969;-0.00254516862332821;-0.0133338570594788;0.00213846657425165
542.5;-0.000579620711505413;-0.014794840477407;-0.00655506365001202
542.940002441406;-0.000613540410995483;-0.00702454382553697;0.00843054242432118
543.52001953125;-0.0148115986958146;-0.00802356097847223;0.00696747936308384
543.969970703125;-0.00650646304711699;-0.00801336392760277;-0.00510100973770022
544.549987792969;-0.00454842764884233;0.0059376172721386;0.00255983881652355
545;-0.0045449030585587;-0.00609481846913695;0.00504524447023869
545.440002441406;-0.000210652127861977;-0.0113954916596413;0.000676454976201057
546.02001953125;0.00321040488779545;-0.0133220227435231;-0.00461598485708237
546.469970703125;-0.00651315366849303;0.00452389568090439;-0.00897540617734194
547.049987792969;0.00430743955075741;-0.00656931614503264;-0.00363858882337809
547.5;-0.000700575299561024;-0.0128407804295421;0.0016939640045166
547.940002441406;-0.00456107594072819;-0.000321998260915279;-0.000244192779064178
548.52001953125;-0.00699621113017201;-0.0157312881201506;-0.00945825036615133
548.969970703125;-0.00360585888847709;-0.00946578569710255;0.00512324459850788
549.549987792969;-0.0143157681450248;-0.0128539185971022;0.00565623492002487
550;-0.00120823550969362;-0.0191460326313972;0.00325017143040895
550.440002441406;-0.00460208905860782;-0.0128628564998507;-0.00604277430102229
551.039978027344;-0.0070167500525713;-0.00896605383604765;-0.00312589108943939
551.489990234375;0.00815030187368393;-0.000690567307174206;0.00174847152084112
551.940002441406;-0.0123693542554975;-0.00170394871383905;-0.00167522579431534
552.530029296875;-0.00944229308515787;-0.00653945142403245;-0.0167563632130623
552.97998046875;-0.00553457159548998;-0.0152735952287912;-0.00993752479553223
553.429992675781;0.0036390470340848;0.00607374124228954;-0.0182047579437494
554.02001953125;-0.0109051475301385;-0.00897208973765373;-0.00311414431780577
554.469970703125;-0.0109084527939558;-0.00266906060278416;0.00461564026772976
555.070007324219;-0.00210149772465229;-0.012367645278573;-0.00602855952456594
555.52001953125;-0.0113954916596413;-0.00560149690136313;-0.0104219196364284
555.969970703125;-0.0162912458181381;0.00362049043178558;0.00221578404307365
556.559997558594;0.00034315325319767;-0.00798200443387032;-0.0128527404740453
557.010009765625;0.00377614889293909;-0.00799090694636106;0.00372413638979197
557.460021972656;-0.0148008018732071;-0.00602912250906229;-0.00312753207981586
558.049987792969;-0.000167577527463436;-0.00216884538531303;0.00125458836555481
558.5;-0.000146363861858845;-0.00944817811250687;-0.00409936718642712
558.950012207031;0.000827701762318611;-0.00896303169429302;-0.0113954916596413
559.549987792969;-0.0133551638573408;-0.00311783794313669;-0.00362133095040917
560;-0.00893818866461515;-0.0148148182779551;-0.0123635847121477
