Sample IDs:;251003_251002J_tht_1days;;
Wavelength [nm];Fluorescence intensity [a.u.];Fluorescence intensity [a.u.];Fluorescence intensity [a.u.]
460;0.274727046489716;0.276619523763657;0.280867904424667
460.450012207031;0.253733575344086;0.259923309087753;0.2739597260952
461.059997558594;0.246085301041603;0.265259206295013;0.290572106838226
461.510009765625;0.267571359872818;0.277685314416885;0.28518071770668
461.959991455078;0.273221492767334;0.299119144678116;0.322305619716644
462.570007324219;0.301391750574112;0.318130105733871;0.317212909460068
463.029998779297;0.309186935424805;0.328380346298218;0.351768374443054
463.480010986328;0.326114058494568;0.33274108171463;0.365127950906754
463.929992675781;0.310221314430237;0.327990591526031;0.321314722299576
464.540008544922;0.34285569190979;0.347505390644073;0.355993568897247
465;0.331707566976547;0.374253273010254;0.400276333093643
465.450012207031;0.356657862663269;0.3575419485569;0.390343099832535
466.059997558594;0.371049523353577;0.38279977440834;0.408037155866623
466.510009765625;0.381651997566223;0.392007380723953;0.411072641611099
466.959991455078;0.366349399089813;0.396809875965118;0.412988871335983
467.570007324219;0.406021744012833;0.39401376247406;0.422197103500366
468.029998779297;0.403689086437225;0.445332497358322;0.441116213798523
468.480010986328;0.419882476329803;0.452940255403519;0.456587702035904
468.929992675781;0.425691902637482;0.452047258615494;0.482179969549179
469.540008544922;0.437460035085678;0.449353069067001;0.498262315988541
470;0.43933093547821;0.475077122449875;0.481792062520981
470.440002441406;0.432919025421143;0.493964463472366;0.516346275806427
471.040008544922;0.48443791270256;0.483747571706772;0.522130846977234
471.489990234375;0.456182330846786;0.50312876701355;0.516046702861786
471.940002441406;0.474978476762772;0.520982623100281;0.519509673118591
472.529998779297;0.501091480255127;0.495723575353622;0.549460291862488
472.980010986328;0.499060660600662;0.529427468776703;0.537416875362396
473.429992675781;0.515679240226746;0.53296571969986;0.585162460803986
474.019989013672;0.510064363479614;0.55277281999588;0.571231603622437
474.470001220703;0.502862989902496;0.549684047698975;0.566381573677063
475.070007324219;0.51252692937851;0.554274499416351;0.564653098583221
475.519989013672;0.535698056221008;0.568833231925964;0.606360614299774
475.970001220703;0.51935464143753;0.567938685417175;0.580990552902222
476.559997558594;0.559329986572266;0.583747386932373;0.596194982528686
477.010009765625;0.551425933837891;0.608312666416168;0.620824217796326
477.459991455078;0.55668443441391;0.587287068367004;0.573492765426636
478.049987792969;0.562392473220825;0.590629935264587;0.630057156085968
478.5;0.59249222278595;0.603724539279938;0.628486931324005
478.950012207031;0.568236351013184;0.589898705482483;0.633011281490326
479.549987792969;0.553815901279449;0.61819988489151;0.63463968038559
480;0.579603910446167;0.605881989002228;0.633972823619843
480.450012207031;0.56149697303772;0.641617000102997;0.641735374927521
481.059997558594;0.588137626647949;0.62306135892868;0.643819272518158
481.510009765625;0.593157231807709;0.616353631019592;0.647652864456177
481.959991455078;0.59834623336792;0.612920582294464;0.647087514400482
482.570007324219;0.597732603549957;0.617994070053101;0.635932624340057
483.029998779297;0.586650907993317;0.598380208015442;0.661674082279205
483.480010986328;0.585844337940216;0.640802502632141;0.660803437232971
483.929992675781;0.596033453941345;0.619610667228699;0.666954398155212
484.540008544922;0.60705292224884;0.625876486301422;0.675149500370026
485;0.594100952148438;0.61247718334198;0.652865648269653
485.450012207031;0.577952980995178;0.640472531318665;0.67795318365097
486.059997558594;0.582118332386017;0.623205125331879;0.682647228240967
486.510009765625;0.601479113101959;0.635279536247253;0.657679200172424
486.959991455078;0.583206295967102;0.633691132068634;0.652823269367218
487.570007324219;0.589749872684479;0.618143320083618;0.679989457130432
488.029998779297;0.593205332756042;0.642635464668274;0.6768838763237
488.480010986328;0.610359013080597;0.650345206260681;0.655965507030487
488.929992675781;0.577406048774719;0.659727334976196;0.668624639511108
489.540008544922;0.602771759033203;0.623757660388947;0.641298115253448
490;0.592928290367127;0.628006041049957;0.656944870948792
490.440002441406;0.609442234039307;0.627319574356079;0.65150785446167
491.040008544922;0.591363489627838;0.620649993419647;0.621107459068298
491.489990234375;0.590883016586304;0.583738327026367;0.684611856937408
491.940002441406;0.590872228145599;0.632627069950104;0.66570907831192
492.529998779297;0.596573054790497;0.612377226352692;0.663737177848816
492.980010986328;0.582516968250275;0.625011920928955;0.614186525344849
493.429992675781;0.557398974895477;0.605712950229645;0.648298025131226
494.019989013672;0.568928778171539;0.615643322467804;0.642080247402191
494.470001220703;0.599346578121185;0.613936483860016;0.623171031475067
495.070007324219;0.55961000919342;0.618964493274689;0.628803372383118
495.519989013672;0.574565052986145;0.611647963523865;0.647294938564301
495.970001220703;0.583571970462799;0.585456728935242;0.636429190635681
496.559997558594;0.590315699577332;0.601764500141144;0.632516920566559
497.010009765625;0.569600403308868;0.624215722084045;0.628058552742004
497.459991455078;0.554445207118988;0.582320034503937;0.634404540061951
498.049987792969;0.534350752830505;0.593865931034088;0.608540415763855
498.5;0.544397950172424;0.57358855009079;0.617344975471497
498.950012207031;0.556025862693787;0.5965775847435;0.606044828891754
499.549987792969;0.544103145599365;0.586290538311005;0.62059760093689
500;0.554177463054657;0.57019305229187;0.630565345287323
500.440002441406;0.540949642658234;0.556373655796051;0.587502419948578
501.040008544922;0.518133163452148;0.548218131065369;0.585100054740906
501.489990234375;0.515163481235504;0.574478387832642;0.602565348148346
501.940002441406;0.538484036922455;0.569147050380707;0.577900350093842
502.529998779297;0.516472280025482;0.576219737529755;0.582813560962677
502.980010986328;0.520680069923401;0.563893795013428;0.587415754795074
503.429992675781;0.502650916576385;0.558611989021301;0.595096945762634
504.019989013672;0.528950691223145;0.543982326984406;0.591565072536468
504.470001220703;0.524067997932434;0.552486777305603;0.588326573371887
505.070007324219;0.512330234050751;0.547889232635498;0.575933635234833
505.519989013672;0.538231909275055;0.535394012928009;0.56640237569809
505.970001220703;0.533979713916779;0.538123190402985;0.550227344036102
506.559997558594;0.512410759925842;0.537531971931458;0.588424861431122
507.010009765625;0.496411353349686;0.570142865180969;0.550446450710297
507.459991455078;0.510217070579529;0.526773512363434;0.573791086673737
508.049987792969;0.51749861240387;0.571294963359833;0.56947785615921
508.5;0.507750391960144;0.543960392475128;0.590531349182129
508.950012207031;0.52526181936264;0.548588573932648;0.561231851577759
509.549987792969;0.540045201778412;0.554912924766541;0.584890127182007
510;0.520089507102966;0.540449202060699;0.606222629547119
510.440002441406;0.554501295089722;0.565521836280823;0.587699353694916
511.040008544922;0.544589519500732;0.554254770278931;0.591496348381042
511.489990234375;0.544217109680176;0.581071615219116;0.580590128898621
511.940002441406;0.546330809593201;0.566422879695892;0.590158462524414
512.530029296875;0.574479341506958;0.594196379184723;0.587390005588531
512.97998046875;0.570040225982666;0.570967853069305;0.594357073307037
513.429992675781;0.558055222034454;0.573498606681824;0.605758368968964
514.02001953125;0.554905772209167;0.581439197063446;0.624798595905304
514.469970703125;0.56619393825531;0.584415912628174;0.586419761180878
515.070007324219;0.569460213184357;0.593815088272095;0.606645584106445
515.52001953125;0.556025087833405;0.580835998058319;0.609197318553925
515.969970703125;0.565040767192841;0.576500833034515;0.638998508453369
516.559997558594;0.571819484233856;0.567072570323944;0.601374864578247
517.010009765625;0.56092643737793;0.583621442317963;0.606060445308685
517.460021972656;0.553461313247681;0.603007853031158;0.618653357028961
518.049987792969;0.553871095180511;0.557201981544495;0.584068596363068
518.5;0.54360157251358;0.586958825588226;0.592357814311981
518.950012207031;0.547780990600586;0.550916254520416;0.582672119140625
519.549987792969;0.515569746494293;0.504049062728882;0.564699351787567
520;0.519581317901611;0.526959359645844;0.5674107670784
520.440002441406;0.501680076122284;0.568527281284332;0.562215209007263
521.02001953125;0.479367762804031;0.510894596576691;0.526910305023193
521.469970703125;0.447294741868973;0.498905569314957;0.504465103149414
522.049987792969;0.477401107549667;0.484793692827225;0.496572345495224
522.5;0.463337272405624;0.457657784223557;0.498029202222824
522.940002441406;0.44727548956871;0.47178390622139;0.494373649358749
523.52001953125;0.412076324224472;0.448499947786331;0.458146005868912
523.969970703125;0.387077897787094;0.425680786371231;0.441882640123367
524.549987792969;0.41385143995285;0.413893818855286;0.443339288234711
525;0.392539232969284;0.397672384977341;0.405517160892487
525.440002441406;0.364804327487946;0.399049073457718;0.425704509019852
526.02001953125;0.360596686601639;0.385872572660446;0.393353223800659
526.469970703125;0.365999609231949;0.361494332551956;0.396997600793839
527.049987792969;0.342082798480988;0.364686340093613;0.401444375514984
527.5;0.306165099143982;0.346681624650955;0.378147274255753
527.940002441406;0.324799001216888;0.337456971406937;0.362730234861374
528.52001953125;0.314992964267731;0.345459997653961;0.363007813692093
528.969970703125;0.303471028804779;0.329482406377792;0.337637007236481
529.549987792969;0.294210195541382;0.303876876831055;0.308517545461655
530;0.291487783193588;0.307277083396912;0.318792164325714
530.440002441406;0.286992937326431;0.308104664087296;0.32778999209404
531.039978027344;0.315633356571198;0.31390717625618;0.330959290266037
531.489990234375;0.271473050117493;0.291000694036484;0.318728595972061
531.940002441406;0.270321816205978;0.306022018194199;0.317177683115006
532.530029296875;0.270491421222687;0.285389810800552;0.295341789722443
532.97998046875;0.247700288891792;0.282203704118729;0.311067223548889
533.429992675781;0.292254596948624;0.302328765392303;0.289769530296326
534.02001953125;0.25550639629364;0.278017312288284;0.287865579128265
534.469970703125;0.260158449411392;0.278664618730545;0.304422080516815
535.070007324219;0.23988102376461;0.276213943958282;0.279898077249527
535.52001953125;0.243236884474754;0.271339118480682;0.288493543863297
535.969970703125;0.244638279080391;0.264457732439041;0.277407944202423
536.559997558594;0.23620630800724;0.256880283355713;0.268432527780533
537.010009765625;0.248031541705132;0.267663985490799;0.257130742073059
537.460021972656;0.237476393580437;0.252554088830948;0.260190635919571
538.049987792969;0.233326599001884;0.246022269129753;0.265041649341583
538.5;0.223918840289116;0.244837805628777;0.258827179670334
538.950012207031;0.218547537922859;0.23187743127346;0.251809269189835
539.549987792969;0.223339632153511;0.246337160468102;0.250511199235916
540;0.236395195126534;0.236245319247246;0.22192420065403
540.440002441406;0.221114858984947;0.243103578686714;0.26247251033783
541.02001953125;0.218858376145363;0.239713355898857;0.240457847714424
541.469970703125;0.228464797139168;0.237694069743156;0.245014294981956
542.049987792969;0.232505574822426;0.223707988858223;0.224034354090691
542.5;0.211741700768471;0.227289542555809;0.219164565205574
542.940002441406;0.192619785666466;0.19918666779995;0.230225846171379
543.52001953125;0.196084573864937;0.219193264842033;0.213811233639717
543.969970703125;0.185192286968231;0.226408943533897;0.21875025331974
544.549987792969;0.19541047513485;0.198786064982414;0.227132126688957
545;0.192560359835625;0.198936954140663;0.208764180541039
545.440002441406;0.196680024266243;0.189266636967659;0.212954238057137
546.02001953125;0.175719901919365;0.212982758879662;0.237188920378685
546.469970703125;0.183498129248619;0.19811786711216;0.201260283589363
547.049987792969;0.181718304753304;0.192950382828712;0.190618023276329
547.5;0.173571959137917;0.173120424151421;0.202052965760231
547.940002441406;0.17427209019661;0.189122900366783;0.206796482205391
548.52001953125;0.169208660721779;0.182564154267311;0.190166011452675
548.969970703125;0.180177271366119;0.178916350007057;0.190208122134209
549.549987792969;0.154725670814514;0.171635001897812;0.198046043515205
550;0.167090073227882;0.176947563886642;0.190871521830559
550.440002441406;0.154207170009613;0.186194092035294;0.18137688934803
551.039978027344;0.15384116768837;0.171103373169899;0.187742635607719
551.489990234375;0.164374217391014;0.16780985891819;0.172593250870705
551.940002441406;0.134205207228661;0.145170107483864;0.172746494412422
552.530029296875;0.161943688988686;0.160130426287651;0.18049430847168
552.97998046875;0.149794965982437;0.164082661271095;0.180861309170723
553.429992675781;0.143332496285439;0.150754764676094;0.164659529924393
554.02001953125;0.15033595263958;0.14778870344162;0.16947315633297
554.469970703125;0.144597083330154;0.150907620787621;0.16107365489006
555.070007324219;0.133861273527145;0.158722788095474;0.188298746943474
555.52001953125;0.131522804498672;0.136788323521614;0.160831540822983
555.969970703125;0.142695784568787;0.152936220169067;0.163379937410355
556.559997558594;0.1310183852911;0.144358679652214;0.156935766339302
557.010009765625;0.125186547636986;0.157366588711739;0.147560402750969
557.460021972656;0.137317910790443;0.144725188612938;0.134017065167427
558.049987792969;0.113814324140549;0.138708963990211;0.137777909636498
558.5;0.14393724501133;0.135923027992249;0.137779042124748
558.950012207031;0.131652429699898;0.119289085268974;0.13061611354351
559.549987792969;0.123411327600479;0.118759080767632;0.132211938500404
560;0.123843669891357;0.118606939911842;0.132957026362419
