Sample IDs:;251003_251002K_tht_1days;;
Wavelength [nm];Fluorescence intensity [a.u.];Fluorescence intensity [a.u.];Fluorescence intensity [a.u.]
460;0.247286304831505;0.229635253548622;0.246982589364052
460.450012207031;0.245923087000847;0.234202578663826;0.244545832276344
461.059997558594;0.247143641114235;0.241754576563835;0.239423289895058
461.510009765625;0.255501836538315;0.265722095966339;0.257941782474518
461.959991455078;0.264365553855896;0.275660485029221;0.279041677713394
462.570007324219;0.275743275880814;0.266161531209946;0.27829310297966
463.029998779297;0.284896910190582;0.26680463552475;0.3080974817276
463.480010986328;0.291151106357574;0.290408939123154;0.303351551294327
463.929992675781;0.298692882061005;0.299782484769821;0.300908476114273
464.540008544922;0.301128089427948;0.306101441383362;0.291202008724213
465;0.341458886861801;0.313044905662537;0.318571388721466
465.450012207031;0.330573379993439;0.316037863492966;0.317947745323181
466.059997558594;0.336977243423462;0.339424639940262;0.342417448759079
466.510009765625;0.349676847457886;0.334570288658142;0.363294571638107
466.959991455078;0.343434065580368;0.351553559303284;0.34845757484436
467.570007324219;0.385191053152084;0.374242156744003;0.362722009420395
468.029998779297;0.408608227968216;0.376100718975067;0.352753341197968
468.480010986328;0.384777635335922;0.376902341842651;0.39734810590744
468.929992675781;0.402462154626846;0.382707238197327;0.402290761470795
469.540008544922;0.423182785511017;0.400672733783722;0.413208723068237
470;0.426363885402679;0.432354003190994;0.415740996599197
470.440002441406;0.441190153360367;0.412120938301086;0.434130251407623
471.040008544922;0.404809921979904;0.415387272834778;0.449549168348312
471.489990234375;0.438908815383911;0.422914296388626;0.434767037630081
471.940002441406;0.456909984350204;0.428358405828476;0.444271594285965
472.529998779297;0.47004297375679;0.44729408621788;0.465037673711777
472.980010986328;0.479592770338058;0.455905050039291;0.504925489425659
473.429992675781;0.461764186620712;0.463708847761154;0.493388146162033
474.019989013672;0.46073654294014;0.490529328584671;0.508415281772614
474.470001220703;0.464289754629135;0.475513011217117;0.512483894824982
475.070007324219;0.507400453090668;0.480362385511398;0.487554103136063
475.519989013672;0.510649085044861;0.491213649511337;0.491323679685593
475.970001220703;0.5119509100914;0.483869761228561;0.490007370710373
476.559997558594;0.516052305698395;0.490585535764694;0.501288950443268
477.010009765625;0.51580274105072;0.490991324186325;0.506966710090637
477.459991455078;0.527428150177002;0.530794441699982;0.522548496723175
478.049987792969;0.536614537239075;0.529060840606689;0.514754772186279
478.5;0.525518953800201;0.503765821456909;0.531264066696167
478.950012207031;0.534074068069458;0.482587724924088;0.526220500469208
479.549987792969;0.563104391098022;0.512493193149567;0.538742542266846
480;0.548183977603912;0.569415748119354;0.54027658700943
480.450012207031;0.572739899158478;0.53755509853363;0.539406180381775
481.059997558594;0.523842632770538;0.518407583236694;0.559479296207428
481.510009765625;0.572275221347809;0.510643601417542;0.554749727249146
481.959991455078;0.53705883026123;0.537841200828552;0.544954180717468
482.570007324219;0.58721387386322;0.561585545539856;0.526377141475678
483.029998779297;0.558001518249512;0.548767805099487;0.571394741535187
483.480010986328;0.573391675949097;0.546564698219299;0.581157922744751
483.929992675781;0.572149157524109;0.534876108169556;0.542119264602661
484.540008544922;0.579614460468292;0.570533692836761;0.560680329799652
485;0.58027184009552;0.561280369758606;0.557401835918426
485.450012207031;0.581768095493317;0.528056502342224;0.560984194278717
486.059997558594;0.574912488460541;0.550561368465424;0.570931851863861
486.510009765625;0.581767737865448;0.539575278759003;0.580837309360504
486.959991455078;0.581460416316986;0.579053938388824;0.563066363334656
487.570007324219;0.576217472553253;0.544120967388153;0.582188189029694
488.029998779297;0.579700469970703;0.558641016483307;0.571776747703552
488.480010986328;0.58567202091217;0.554189920425415;0.580272138118744
488.929992675781;0.569933474063873;0.550740838050842;0.577389419078827
489.540008544922;0.567797780036926;0.55139684677124;0.57482773065567
490;0.567304313182831;0.55796492099762;0.542312145233154
490.440002441406;0.581797778606415;0.555499315261841;0.56843113899231
491.040008544922;0.577314138412476;0.558429718017578;0.5507692694664
491.489990234375;0.562186181545258;0.537658154964447;0.562345266342163
491.940002441406;0.573215663433075;0.545586407184601;0.544592142105103
492.529998779297;0.575232207775116;0.539376199245453;0.555545032024384
492.980010986328;0.570437431335449;0.564021170139313;0.549368023872375
493.429992675781;0.552565813064575;0.540034532546997;0.570414125919342
494.019989013672;0.549259901046753;0.565775156021118;0.552060663700104
494.470001220703;0.558794617652893;0.542535185813904;0.525803804397583
495.070007324219;0.576783120632172;0.548646032810211;0.527198791503906
495.519989013672;0.562321901321411;0.531090974807739;0.540587067604065
495.970001220703;0.553724765777588;0.519105315208435;0.538122713565826
496.559997558594;0.539458274841309;0.539890766143799;0.524249374866486
497.010009765625;0.559690475463867;0.539890885353088;0.543690145015717
497.459991455078;0.525557219982147;0.525689542293549;0.557105958461761
498.049987792969;0.525430202484131;0.509815692901611;0.53802090883255
498.5;0.534449458122253;0.539906859397888;0.515706896781921
498.950012207031;0.534504652023315;0.501629412174225;0.521271049976349
499.549987792969;0.51531857252121;0.537378132343292;0.5076744556427
500;0.53546142578125;0.514366090297699;0.553806900978088
500.440002441406;0.516554355621338;0.495188862085342;0.514006912708282
501.040008544922;0.518600463867188;0.5057173371315;0.509434640407562
501.489990234375;0.544192492961884;0.485740631818771;0.513826012611389
501.940002441406;0.51761531829834;0.504858613014221;0.494660586118698
502.529998779297;0.526675581932068;0.511063516139984;0.509135782718658
502.980010986328;0.517919301986694;0.478991776704788;0.498699575662613
503.429992675781;0.541238963603973;0.507638454437256;0.514761626720428
504.019989013672;0.499866753816605;0.476317256689072;0.497618824243546
504.470001220703;0.506673991680145;0.466901153326035;0.504357159137726
505.070007324219;0.503211915493011;0.481934159994125;0.500071108341217
505.519989013672;0.505636811256409;0.496360450983047;0.48913100361824
505.970001220703;0.491904705762863;0.479778259992599;0.501209020614624
506.559997558594;0.506492674350738;0.483967393636703;0.490736693143845
507.010009765625;0.486337393522263;0.49192276597023;0.491171926259994
507.459991455078;0.485259205102921;0.48860576748848;0.50056266784668
508.049987792969;0.519105017185211;0.522663831710815;0.523325026035309
508.5;0.518134415149689;0.496152967214584;0.497221559286118
508.950012207031;0.513511419296265;0.5007603764534;0.509430468082428
509.549987792969;0.533658683300018;0.520672678947449;0.509104311466217
510;0.502348005771637;0.517529845237732;0.50891250371933
510.440002441406;0.54400360584259;0.516119301319122;0.490430980920792
511.040008544922;0.533596456050873;0.514589309692383;0.531136870384216
511.489990234375;0.538062214851379;0.520853877067566;0.505976140499115
511.940002441406;0.53205281496048;0.512166440486908;0.54620760679245
512.530029296875;0.550029337406158;0.555453598499298;0.546071231365204
512.97998046875;0.562354981899262;0.552226781845093;0.55137574672699
513.429992675781;0.558896541595459;0.525136828422546;0.527045607566833
514.02001953125;0.560466408729553;0.56251460313797;0.543025970458984
514.469970703125;0.537653982639313;0.546060621738434;0.548189282417297
515.070007324219;0.558895468711853;0.531421184539795;0.539832949638367
515.52001953125;0.55586838722229;0.543939292430878;0.558438420295715
515.969970703125;0.545128166675568;0.554434299468994;0.551751792430878
516.559997558594;0.533274531364441;0.539039313793182;0.553353548049927
517.010009765625;0.535466134548187;0.541471660137177;0.54027795791626
517.460021972656;0.546998739242554;0.534564018249512;0.543127357959747
518.049987792969;0.539140939712524;0.551392138004303;0.529778599739075
518.5;0.54279351234436;0.522020518779755;0.527540266513824
518.950012207031;0.506399810314178;0.523620665073395;0.526378393173218
519.549987792969;0.514569759368897;0.495933145284653;0.514901578426361
520;0.501184523105621;0.508474349975586;0.505236387252808
520.440002441406;0.518026232719421;0.49640229344368;0.476410359144211
521.02001953125;0.496491342782974;0.470448464155197;0.473842173814774
521.469970703125;0.476600736379623;0.48473659157753;0.45865061879158
522.049987792969;0.447346597909927;0.446302682161331;0.468831270933151
522.5;0.457348257303238;0.438542038202286;0.442283183336258
522.940002441406;0.425570547580719;0.417210191488266;0.410375386476517
523.52001953125;0.416859775781631;0.402503162622452;0.387546330690384
523.969970703125;0.403097718954086;0.394493013620377;0.387363165616989
524.549987792969;0.398225218057632;0.412301480770111;0.371384590864182
525;0.357695907354355;0.355499029159546;0.392259985208511
525.440002441406;0.375373840332031;0.363341182470322;0.36928254365921
526.02001953125;0.365526139736176;0.345757305622101;0.349856078624725
526.469970703125;0.365818917751312;0.331664264202118;0.348878055810928
527.049987792969;0.315849423408508;0.343096137046814;0.34156996011734
527.5;0.315723031759262;0.339291602373123;0.313576638698578
527.940002441406;0.335911899805069;0.314762383699417;0.323474615812302
528.52001953125;0.325306236743927;0.308232307434082;0.303870230913162
528.969970703125;0.315059632062912;0.290112167596817;0.302407115697861
529.549987792969;0.297824859619141;0.300320774316788;0.291002601385117
530;0.292603939771652;0.296472817659378;0.295242041349411
530.440002441406;0.301084518432617;0.283275961875916;0.277105122804642
531.039978027344;0.289221346378326;0.274633854627609;0.277079045772552
531.489990234375;0.274314016103745;0.257508486509323;0.298321187496185
531.940002441406;0.286576151847839;0.273334950208664;0.275211781263351
532.530029296875;0.286943286657333;0.268209338188171;0.275461167097092
532.97998046875;0.265570819377899;0.264479368925095;0.283907949924469
533.429992675781;0.275460302829742;0.249950185418129;0.281429678201675
534.02001953125;0.271743923425674;0.257574260234833;0.266838371753693
534.469970703125;0.251976728439331;0.262093484401703;0.2606600522995
535.070007324219;0.271857231855392;0.23638091981411;0.245135739445686
535.52001953125;0.264752715826035;0.255229264497757;0.248862102627754
535.969970703125;0.248845800757408;0.238470003008842;0.239462360739708
536.559997558594;0.245501056313515;0.231290176510811;0.235526010394096
537.010009765625;0.233060047030449;0.243262127041817;0.244191095232964
537.460021972656;0.229740485548973;0.222762867808342;0.243163362145424
538.049987792969;0.224344089627266;0.217073336243629;0.228301838040352
538.5;0.23552830517292;0.223032400012016;0.201071456074715
538.950012207031;0.223314061760902;0.218319043517113;0.22851137816906
539.549987792969;0.228378131985664;0.232662633061409;0.227247878909111
540;0.204276069998741;0.214714571833611;0.209562405943871
540.440002441406;0.226535305380821;0.221708551049232;0.220119282603264
541.02001953125;0.209268555045128;0.21376521885395;0.215434566140175
541.469970703125;0.223755076527596;0.221148893237114;0.219218090176582
542.049987792969;0.196437492966652;0.202293410897255;0.212162032723427
542.5;0.222337797284126;0.193954169750214;0.215490713715553
542.940002441406;0.186601653695106;0.20893307030201;0.21174530684948
543.52001953125;0.204400941729546;0.19342802464962;0.194709822535515
543.969970703125;0.200161144137382;0.208634480834007;0.201682642102242
544.549987792969;0.184543892741203;0.192494586110115;0.200534507632256
545;0.192706778645515;0.193296685814857;0.202306136488914
545.440002441406;0.20368854701519;0.194163456559181;0.189819902181625
546.02001953125;0.188216269016266;0.193303793668747;0.180160567164421
546.469970703125;0.183313488960266;0.195195391774178;0.193211674690247
547.049987792969;0.182977557182312;0.187913358211517;0.185522988438606
547.5;0.18737581372261;0.197952851653099;0.178517654538155
547.940002441406;0.181395635008812;0.16383945941925;0.172265827655792
548.52001953125;0.172936156392097;0.173127099871635;0.176374182105064
548.969970703125;0.176206022500992;0.152521878480911;0.180602669715881
549.549987792969;0.157033085823059;0.15458171069622;0.1613699644804
550;0.151281028985977;0.163530454039574;0.16489365696907
550.440002441406;0.162370339035988;0.174529746174812;0.160926282405853
551.039978027344;0.174114882946014;0.160506695508957;0.174208492040634
551.489990234375;0.155855119228363;0.160032317042351;0.170276671648026
551.940002441406;0.155403956770897;0.160855829715729;0.156413599848747
552.530029296875;0.148608684539795;0.14719545841217;0.154839441180229
552.97998046875;0.145029559731483;0.157373413443565;0.146029010415077
553.429992675781;0.155049562454224;0.146664693951607;0.159861400723457
554.02001953125;0.157698094844818;0.161230713129044;0.159443914890289
554.469970703125;0.156196042895317;0.148859158158302;0.145448356866837
555.070007324219;0.147015944123268;0.139092415571213;0.147364616394043
555.52001953125;0.148724913597107;0.129473492503166;0.15341354906559
555.969970703125;0.128752395510674;0.142686903476715;0.137176677584648
556.559997558594;0.149748355150223;0.159989610314369;0.142984956502914
557.010009765625;0.127492323517799;0.132589668035507;0.129953220486641
557.460021972656;0.118911772966385;0.122739091515541;0.131840258836746
558.049987792969;0.128058731555939;0.138346001505852;0.143803954124451
558.5;0.139362722635269;0.126444444060326;0.150540381669998
558.950012207031;0.122331321239471;0.129132613539696;0.130164638161659
559.549987792969;0.141936630010605;0.130881637334824;0.119156748056412
560;0.124183535575867;0.111986756324768;0.13588248193264
