Sample IDs:;251006_251002F_tht_4days;;
Wavelength [nm];Fluorescence intensity [a.u.];Fluorescence intensity [a.u.];Fluorescence intensity [a.u.]
460;2.6120970249176;2.73402237892151;2.27367162704468
460.450012207031;2.68496322631836;2.78925609588623;2.31268835067749
461.059997558594;2.91404104232788;3.03545641899109;2.50662851333618
461.510009765625;3.06472492218018;3.1244912147522;2.6059730052948
461.959991455078;3.21291899681091;3.21932458877563;2.77175450325012
462.570007324219;3.40498232841492;3.4485719203949;2.9141480922699
463.029998779297;3.5281810760498;3.49666786193848;3.05259132385254
463.480010986328;3.7233669757843;3.72183132171631;3.19949913024902
463.929992675781;3.92751336097717;3.77288389205933;3.34932541847229
464.540008544922;4.27410221099854;3.96018409729004;3.51060485839844
465;4.60009860992432;4.07147693634033;3.65260457992554
465.450012207031;4.98426246643066;4.16796731948853;3.78222489356995
466.059997558594;5.43357086181641;4.31607294082642;3.98080825805664
466.510009765625;5.73267698287964;4.47369909286499;4.09752321243286
466.959991455078;6.1778073310852;4.65624332427978;4.30529642105103
467.570007324219;6.65598201751709;4.89350652694702;4.434410572052
468.029998779297;7.14680099487305;5.00533008575439;4.60909080505371
468.480010986328;7.61179780960083;5.13642740249634;4.82828903198242
468.929992675781;7.99485158920288;5.19350337982178;4.90055131912231
469.540008544922;8.60855484008789;5.36244487762451;5.10313892364502
470;9.02806758880615;5.50092649459839;5.17431592941284
470.440002441406;9.26242828369141;5.68565273284912;5.33985614776611
471.040008544922;9.70914554595947;5.75305891036987;5.59008073806763
471.489990234375;9.68860340118408;5.88584423065186;5.66389465332031
471.940002441406;9.72173595428467;5.98339509963989;5.87946176528931
472.529998779297;9.33201217651367;6.19853353500366;5.99979257583618
472.980010986328;8.87317276000977;6.25040006637573;6.15036344528198
473.429992675781;8.6605806350708;6.29759407043457;6.35528802871704
474.019989013672;8.53285026550293;6.37540626525879;6.48250579833984
474.470001220703;8.31980895996094;6.53181123733521;6.53138542175293
475.070007324219;8.16493701934814;6.63921070098877;6.6939058303833
475.519989013672;7.88687133789063;6.72743368148804;6.87870788574219
475.970001220703;7.52942943572998;6.68695306777954;6.97047996520996
476.559997558594;7.45341062545776;6.88852119445801;7.01898336410522
477.010009765625;7.36488199234009;6.95903205871582;7.11938714981079
477.459991455078;7.27365922927856;6.93349885940552;7.112060546875
478.049987792969;7.00260925292969;7.06193113327026;7.30683374404907
478.5;7.05854892730713;7.20586013793945;7.3276743888855
478.950012207031;7.11762380599976;7.29326391220093;7.31762266159058
479.549987792969;7.13124847412109;7.3112940788269;7.45396709442139
480;7.15824031829834;7.47361755371094;7.50743913650513
480.450012207031;7.0661096572876;7.51897716522217;7.54425096511841
481.059997558594;7.1397008895874;7.53004121780396;7.58759117126465
481.510009765625;7.12192916870117;7.73806142807007;7.59005737304687
481.959991455078;7.08881378173828;7.76449537277222;7.60837697982788
482.570007324219;7.1146879196167;7.78670644760132;7.63638067245483
483.029998779297;7.16161060333252;7.97308588027954;7.63765430450439
483.480010986328;6.99332666397095;7.9139289855957;7.60055446624756
483.929992675781;7.00029039382935;8.07219886779785;7.54964923858643
484.540008544922;7.01300001144409;8.08980846405029;7.57638502120972
485;6.99781274795532;8.06776714324951;7.46844482421875
485.450012207031;7.00786113739014;8.17063808441162;7.53198671340942
486.059997558594;6.96402359008789;8.20256614685059;7.52639293670654
486.510009765625;6.96200847625732;8.18308258056641;7.42315626144409
486.959991455078;6.92545413970947;8.26700210571289;7.53522634506226
487.570007324219;6.86189603805542;8.23460578918457;7.44065237045288
488.029998779297;6.82968235015869;8.31125831604004;7.47105073928833
488.480010986328;6.79344940185547;8.33520603179932;7.31306076049805
488.929992675781;6.63566493988037;8.43320846557617;7.2958984375
489.540008544922;6.61189413070679;8.47681713104248;7.30888223648071
490;6.45643663406372;8.4483470916748;7.25609874725342
490.440002441406;6.29391241073608;8.56246280670166;7.12800168991089
491.040008544922;6.19081830978394;8.45720767974854;7.02253007888794
491.489990234375;6.18389701843262;8.47365665435791;7.0296893119812
491.940002441406;6.13133955001831;8.55263137817383;6.94985675811768
492.529998779297;5.9806957244873;8.54622745513916;6.85757541656494
492.980010986328;6.00487327575684;8.41931819915772;6.75523662567139
493.429992675781;5.90370225906372;8.44901466369629;6.74827527999878
494.019989013672;5.90705680847168;8.36848735809326;6.59171390533447
494.470001220703;5.84545183181763;8.29811763763428;6.53888463973999
495.070007324219;5.8600001335144;8.23519134521484;6.45023488998413
495.519989013672;5.83202695846558;8.25434875488281;6.4018816947937
495.970001220703;5.7584376335144;8.20000457763672;6.28098249435425
496.559997558594;5.72621440887451;8.07756996154785;6.191481590271
497.010009765625;5.6952018737793;8.04810905456543;6.03057050704956
497.459991455078;5.67279148101807;7.98812246322632;5.94927167892456
498.049987792969;5.65433597564697;7.85034847259522;5.87858486175537
498.5;5.59696435928345;7.75231313705444;5.78784990310669
498.950012207031;5.55319690704346;7.68325901031494;5.80583906173706
499.549987792969;5.4439549446106;7.56347465515137;5.67177486419678
500;5.4235348701477;7.46429777145386;5.56709909439087
500.440002441406;5.41633033752441;7.42660474777222;5.54773426055908
501.040008544922;5.29500150680542;7.28827857971191;5.45993995666504
501.489990234375;5.23366117477417;7.25982809066772;5.41951131820679
501.940002441406;5.23313570022583;7.075364112854;5.33185243606567
502.529998779297;5.23927307128906;6.98241233825684;5.20647764205933
502.980010986328;5.17891979217529;6.91940641403198;5.13841581344604
503.429992675781;4.9929256439209;6.84401226043701;5.08908748626709
504.019989013672;5.00507354736328;6.74145174026489;4.98649454116821
504.470001220703;4.97976016998291;6.64902019500732;4.90145349502563
505.070007324219;4.88346004486084;6.46022176742554;4.82552337646484
505.519989013672;4.88809442520142;6.31060361862183;4.74694490432739
505.970001220703;4.89034938812256;6.15855884552002;4.68319368362427
506.559997558594;4.77660179138184;5.99155378341675;4.62741374969482
507.010009765625;4.76286172866821;5.91644382476807;4.5366530418396
507.459991455078;4.75605821609497;5.73995065689087;4.40145921707153
508.049987792969;4.68313455581665;5.65184211730957;4.36542892456055
508.5;4.63484525680542;5.65962171554565;4.37294864654541
508.950012207031;4.66028785705566;5.44844007492065;4.27977085113525
509.549987792969;4.6132345199585;5.45271253585815;4.1839919090271
510;4.52371597290039;5.28618431091309;4.13224172592163
510.440002441406;4.51452684402466;5.27248859405518;4.121009349823
511.040008544922;4.5205192565918;5.20001697540283;4.09780168533325
511.489990234375;4.46620273590088;5.13058471679687;4.02953672409058
511.940002441406;4.47116088867188;5.05796051025391;4.04131078720093
512.530029296875;4.40159273147583;4.97169256210327;3.90086555480957
512.97998046875;4.44345903396606;4.90853977203369;3.91232538223267
513.429992675781;4.37382793426514;4.78275537490845;3.91760873794556
514.02001953125;4.3291277885437;4.75607490539551;3.87851881980896
514.469970703125;4.27125883102417;4.66603946685791;3.82054853439331
515.070007324219;4.26667737960815;4.62287521362305;3.78217768669128
515.52001953125;4.2585940361023;4.54637002944946;3.81080365180969
515.969970703125;4.17716455459595;4.55586957931519;3.75847387313843
516.559997558594;4.07982110977173;4.4953236579895;3.65586113929749
517.010009765625;4.1218638420105;4.45626020431519;3.70279598236084
517.460021972656;4.06236553192139;4.33972549438477;3.672931432724
518.049987792969;3.97525596618652;4.39461517333984;3.63930082321167
518.5;3.9168074131012;4.22696924209595;3.58312177658081
518.950012207031;3.82968974113464;4.24244117736816;3.5995945930481
519.549987792969;3.78529167175293;4.22121667861938;3.51481938362122
520;3.79800701141357;4.15546941757202;3.43505454063416
520.440002441406;3.72707843780518;4.12858247756958;3.45570731163025
521.02001953125;3.63124895095825;4.05187606811523;3.42929816246033
521.469970703125;3.59704089164734;3.95437431335449;3.40033149719238
522.049987792969;3.54980111122131;3.92152643203735;3.35196995735168
522.5;3.51657342910767;3.88982176780701;3.31969547271729
522.940002441406;3.47066402435303;3.85821866989136;3.33347821235657
523.52001953125;3.43863844871521;3.81519556045532;3.20774269104004
523.969970703125;3.41779398918152;3.76225781440735;3.19636535644531
524.549987792969;3.27956223487854;3.71405982971191;3.1028196811676
525;3.25415301322937;3.67858576774597;3.10286450386047
525.440002441406;3.20572710037231;3.66611647605896;3.09782767295837
526.02001953125;3.18055772781372;3.60464143753052;2.99628591537476
526.469970703125;3.09719800949097;3.59072160720825;3.04362106323242
527.049987792969;3.08375191688538;3.58678388595581;2.99069714546204
527.5;2.9832718372345;3.56973695755005;2.93934845924377
527.940002441406;2.94419646263123;3.51096391677856;2.91615080833435
528.52001953125;2.87583875656128;3.52738952636719;2.87597036361694
528.969970703125;2.89298057556152;3.47864603996277;2.84581518173218
529.549987792969;2.78382730484009;3.42196917533874;2.83620452880859
530;2.80487990379334;3.40632915496826;2.7449209690094
530.440002441406;2.71860504150391;3.33826231956482;2.79664278030396
531.039978027344;2.70747208595276;3.28558397293091;2.77580785751343
531.489990234375;2.61371469497681;3.20588254928589;2.68740200996399
531.940002441406;2.64770889282227;3.21127915382385;2.7447726726532
532.530029296875;2.53068685531616;3.14173412322998;2.59860992431641
532.97998046875;2.54262351989746;3.10113024711609;2.62410283088684
533.429992675781;2.5640287399292;3.07988405227661;2.58206224441528
534.02001953125;2.46215534210205;2.96512198448181;2.56551623344421
534.469970703125;2.4407000541687;2.95132875442505;2.51651978492737
535.070007324219;2.39517211914062;2.86251139640808;2.52374172210693
535.52001953125;2.407470703125;2.84900450706482;2.45451712608337
535.969970703125;2.38683938980103;2.78019213676453;2.46750402450562
536.559997558594;2.38668942451477;2.68377232551575;2.3834764957428
537.010009765625;2.34038352966309;2.69858145713806;2.37474417686462
537.460021972656;2.32218647003174;2.58629012107849;2.32163453102112
538.049987792969;2.26051330566406;2.53802418708801;2.29180884361267
538.5;2.27707409858704;2.44052600860596;2.23375034332275
538.950012207031;2.20335674285889;2.33222961425781;2.21056222915649
539.549987792969;2.22182559967041;2.30790543556213;2.15134143829346
540;2.22015357017517;2.26953911781311;2.12619781494141
540.440002441406;2.17670750617981;2.16668081283569;2.14382195472717
541.02001953125;2.17809438705444;2.09684085845947;2.09328198432922
541.469970703125;2.17606282234192;2.06733322143555;2.05430579185486
542.049987792969;2.09541702270508;1.92282295227051;1.98836779594421
542.5;2.10502076148987;1.8496298789978;1.9782543182373
542.940002441406;2.09620499610901;1.82772147655487;1.98225164413452
543.52001953125;2.05827927589417;1.69946348667145;1.91104423999786
543.969970703125;2.03832340240479;1.66874861717224;1.85503041744232
544.549987792969;1.97168564796448;1.63182842731476;1.8256002664566
545;1.9847366809845;1.58596420288086;1.76348853111267
545.440002441406;1.98277235031128;1.574662566185;1.77249455451965
546.02001953125;1.96321511268616;1.48973894119263;1.70563745498657
546.469970703125;1.9442834854126;1.48077750205994;1.68934464454651
547.049987792969;1.86600267887115;1.4345782995224;1.68204867839813
547.5;1.84373497962952;1.40655064582825;1.62722742557526
547.940002441406;1.87191271781921;1.39211201667786;1.57744526863098
548.52001953125;1.75537943840027;1.35863292217255;1.56211221218109
548.969970703125;1.73200714588165;1.32106721401215;1.57293295860291
549.549987792969;1.65506875514984;1.3011679649353;1.47121560573578
550;1.65939319133759;1.29837906360626;1.48507678508759
550.440002441406;1.60780894756317;1.29190480709076;1.39818441867828
551.039978027344;1.56215643882751;1.23681926727295;1.39216732978821
551.489990234375;1.52696716785431;1.192023396492;1.38594150543213
551.940002441406;1.5300931930542;1.19908249378204;1.34363114833832
552.530029296875;1.4310644865036;1.22188246250153;1.34719514846802
552.97998046875;1.412473320961;1.1532666683197;1.29805493354797
553.429992675781;1.38282179832458;1.15077888965607;1.21504974365234
554.02001953125;1.34791541099548;1.12303459644318;1.22354805469513
554.469970703125;1.33178901672363;1.08737647533417;1.2149338722229
555.070007324219;1.29917442798614;1.0607762336731;1.17936158180237
555.52001953125;1.29806053638458;1.10249805450439;1.12381792068481
555.969970703125;1.27906048297882;1.03008842468262;1.11061608791351
556.559997558594;1.22813487052917;1.01820707321167;1.11703205108643
557.010009765625;1.21971035003662;1.00222170352936;1.09188854694366
557.460021972656;1.20300650596619;0.976800739765167;1.08018326759338
558.049987792969;1.23063158988953;0.949008643627167;1.05271875858307
558.5;1.16018891334534;0.966245234012604;1.0486433506012
558.950012207031;1.16651916503906;0.927675008773804;1.01137101650238
559.549987792969;1.16036820411682;0.929396331310272;0.9878049492836
560;1.1455774307251;0.899409234523773;0.988202631473541
