Sample IDs:;251006_251002G_tht_4days;;
Wavelength [nm];Fluorescence intensity [a.u.];Fluorescence intensity [a.u.];Fluorescence intensity [a.u.]
460;7.40581274032593;7.2966194152832;7.47455263137817
460.450012207031;7.55294561386108;7.52698278427124;7.6948504447937
461.059997558594;8.27152824401855;8.26371097564697;8.48546028137207
461.510009765625;8.72933387756348;8.62497329711914;8.77437114715576
461.959991455078;9.27892971038818;9.13075065612793;9.39604663848877
462.570007324219;10.0119800567627;9.91855907440186;10.1455135345459
463.029998779297;10.4748764038086;10.235728263855;10.5436248779297
463.480010986328;10.9527349472046;10.8401546478271;11.2158966064453
463.929992675781;11.4257917404175;11.1999778747559;11.6045341491699
464.540008544922;12.2810697555542;12.1490354537964;12.4415950775146
465;12.9203310012817;12.6392345428467;13.1207675933838
465.450012207031;13.3425540924072;13.0570116043091;13.50221824646
466.059997558594;14.1654825210571;14.0886144638062;14.426851272583
466.510009765625;14.5306253433228;14.438362121582;14.7713022232056
466.959991455078;15.4144124984741;15.2535457611084;15.681263923645
467.570007324219;16.1515693664551;15.9277534484863;16.2975597381592
468.029998779297;16.8391284942627;16.6204795837402;17.0702629089355
468.480010986328;17.6791896820068;17.0938701629639;17.6962928771973
468.929992675781;18.0362491607666;17.7151546478271;18.1400547027588
469.540008544922;18.8554229736328;18.5841846466064;19.0402011871338
470;19.4093132019043;19.1161117553711;19.6145057678223
470.440002441406;20.0158176422119;19.6267833709717;20.1184959411621
471.040008544922;20.8745441436768;20.3283100128174;21.003776550293
471.489990234375;21.1624221801758;20.7398719787598;21.3075485229492
471.940002441406;21.7941551208496;21.4919567108154;21.9655494689941
472.529998779297;22.1137390136719;22.0121059417725;22.6812019348145
472.980010986328;22.8036823272705;22.6292419433594;23.2451877593994
473.429992675781;23.3037090301514;23.0724906921387;23.7185897827148
474.019989013672;23.7868938446045;23.6051273345947;24.2559928894043
474.470001220703;24.2818794250488;24.17795753479;24.7540607452393
475.070007324219;24.6573734283447;24.3870830535889;25.2282733917236
475.519989013672;25.3027667999268;25.0277976989746;25.6454734802246
475.970001220703;25.5169410705566;25.4203758239746;25.9307422637939
476.559997558594;26.0297832489014;25.9389362335205;26.5067958831787
477.010009765625;26.5236053466797;26.2273616790771;26.752046585083
477.459991455078;26.6201801300049;26.5511951446533;26.9854888916016
478.049987792969;27.2086925506592;27.0159282684326;27.4330539703369
478.5;27.455545425415;27.0623931884766;27.7128982543945
478.950012207031;27.7394847869873;27.4082641601562;27.8538093566895
479.549987792969;27.7847080230713;27.4692897796631;28.3479557037354
480;27.8359031677246;27.8816699981689;28.5381240844727
480.450012207031;27.9752750396729;27.9776878356934;28.7194786071777
481.059997558594;28.3907337188721;28.2766304016113;28.7522811889648
481.510009765625;28.3740062713623;28.3816528320313;29.0676612854004
481.959991455078;28.3958377838135;28.5999011993408;29.1016216278076
482.570007324219;28.6308097839355;28.7596454620361;29.2353363037109
483.029998779297;28.4856929779053;28.8023567199707;29.4675273895264
483.480010986328;28.5311145782471;28.7784519195557;29.3788661956787
483.929992675781;28.4288787841797;28.8055248260498;29.4174365997314
484.540008544922;28.4443073272705;28.9799003601074;29.3877468109131
485;28.3839244842529;29.099853515625;29.499002456665
485.450012207031;28.3681678771973;28.9420928955078;29.5574054718018
486.059997558594;28.2972965240479;28.940486907959;29.363941192627
486.510009765625;28.3536968231201;29.0160369873047;29.353967666626
486.959991455078;28.3762302398682;28.8953685760498;29.5040130615234
487.570007324219;28.2283535003662;28.8519172668457;29.2360363006592
488.029998779297;27.9486999511719;28.8113307952881;29.2527561187744
488.480010986328;28.0290241241455;28.6411552429199;29.1697864532471
488.929992675781;27.9533405303955;28.6342792510986;29.0902137756348
489.540008544922;27.8331604003906;28.5281467437744;29.0828914642334
490;27.5069046020508;28.4257888793945;28.7883205413818
490.440002441406;27.535099029541;28.238977432251;28.6057434082031
491.040008544922;27.4820671081543;28.1260719299316;28.5621719360352
491.489990234375;27.3737487792969;28.0170726776123;28.4019336700439
491.940002441406;27.3035545349121;27.8738899230957;28.2198352813721
492.529998779297;27.0374431610107;27.6896457672119;28.0012168884277
492.980010986328;26.8309535980225;27.560941696167;27.8584117889404
493.429992675781;26.7471809387207;27.299596786499;27.7302017211914
494.019989013672;26.7178802490234;27.1692943572998;27.5870742797852
494.470001220703;26.3650608062744;27.048511505127;27.3197021484375
495.070007324219;26.1678981781006;26.862117767334;27.2905769348145
495.519989013672;26.072566986084;26.5897541046143;26.8982906341553
495.970001220703;25.8852500915527;26.4841327667236;26.7016754150391
496.559997558594;25.6611347198486;26.2848949432373;26.6988315582275
497.010009765625;25.4085597991943;25.9220809936523;26.3487510681152
497.459991455078;25.2302322387695;26.0262565612793;26.1014938354492
498.049987792969;25.0626068115234;25.6542053222656;26.0451393127441
498.5;24.7430057525635;25.3820323944092;25.7001094818115
498.950012207031;24.7280368804932;25.3647079467773;25.6551380157471
499.549987792969;24.5632190704346;25.0994567871094;25.257173538208
500;24.1986312866211;24.9240531921387;25.1536350250244
500.440002441406;24.0142154693604;24.6997890472412;24.9214515686035
501.040008544922;23.8381443023682;24.5984802246094;24.6339912414551
501.489990234375;23.622200012207;24.2108936309814;24.6474990844727
501.940002441406;23.3384304046631;24.0015125274658;24.3771476745605
502.529998779297;23.2865352630615;23.8446769714355;24.0912914276123
502.980010986328;23.0738983154297;23.6299247741699;23.8097686767578
503.429992675781;22.9686393737793;23.4150810241699;23.6260967254639
504.019989013672;22.7527599334717;23.3022727966309;23.3788089752197
504.470001220703;22.3161201477051;23.0205631256104;23.2744331359863
505.070007324219;22.0694198608398;22.8435497283936;22.9616966247559
505.519989013672;21.8276443481445;22.4938316345215;22.6058311462402
505.970001220703;21.6674861907959;22.4725875854492;22.4568405151367
506.559997558594;21.3471851348877;22.1167068481445;22.2251796722412
507.010009765625;21.2394523620605;21.8182373046875;22.1221408843994
507.459991455078;21.0161056518555;21.6538906097412;21.8098087310791
508.049987792969;20.7831039428711;21.4955234527588;21.4773826599121
508.5;20.5691318511963;21.1982936859131;21.5365734100342
508.950012207031;20.2715301513672;21.0930805206299;21.0720176696777
509.549987792969;20.0106353759766;20.5672931671143;20.9487762451172
510;19.8473243713379;20.5730323791504;20.7643890380859
510.440002441406;19.5377502441406;20.3525733947754;20.5190582275391
511.040008544922;19.2954368591309;20.1164569854736;20.3145198822021
511.489990234375;18.9499454498291;19.8887767791748;20.1691875457764
511.940002441406;18.9359760284424;19.6573467254639;19.8999137878418
512.530029296875;18.626916885376;19.3739337921143;19.5740165710449
512.97998046875;18.4051647186279;19.2347221374512;19.5042591094971
513.429992675781;18.2357444763184;19.0500431060791;19.4221038818359
514.02001953125;17.9905452728271;18.832405090332;18.9565734863281
514.469970703125;17.7646770477295;18.6840877532959;18.8659324645996
515.070007324219;17.4405479431152;18.3190002441406;18.5404758453369
515.52001953125;17.35182762146;18.2200222015381;18.5545463562012
515.969970703125;17.193977355957;17.9948787689209;18.2644157409668
516.559997558594;16.8858184814453;17.7365913391113;17.823356628418
517.010009765625;16.6061420440674;17.7868347167969;17.84690284729
517.460021972656;16.3708763122559;17.4560012817383;17.5492553710938
518.049987792969;16.3220329284668;17.1213817596436;17.3345985412598
518.5;16.0414180755615;16.8826465606689;17.1709880828857
518.950012207031;16.0763702392578;16.7712364196777;16.9842376708984
519.549987792969;15.5610542297363;16.3178005218506;16.6375179290771
520;15.3509159088135;16.2275638580322;16.4921932220459
520.440002441406;15.1812057495117;16.1612071990967;16.3737926483154
521.02001953125;14.8959188461304;15.6453647613525;16.0878849029541
521.469970703125;14.7910690307617;15.5233163833618;15.791012763977
522.049987792969;14.5667390823364;15.2850246429443;15.5552673339844
522.5;14.3265371322632;15.0511951446533;15.4131860733032
522.940002441406;14.2038412094116;14.9182691574097;15.2329387664795
523.52001953125;13.9201822280884;14.6439743041992;14.870922088623
523.969970703125;13.823766708374;14.4424247741699;14.8938941955566
524.549987792969;13.5783910751343;14.154146194458;14.6230640411377
525;13.4640216827393;14.1015377044678;14.2922058105469
525.440002441406;13.2431831359863;13.795295715332;14.2446203231812
526.02001953125;12.9099540710449;13.6590461730957;13.9190855026245
526.469970703125;12.8583211898804;13.5259923934937;13.9316501617432
527.049987792969;12.533561706543;13.1990613937378;13.524320602417
527.5;12.4085674285889;12.9910449981689;13.46910572052
527.940002441406;12.2929201126099;12.7643251419067;13.1339521408081
528.52001953125;12.0255661010742;12.6579179763794;12.932635307312
528.969970703125;11.8968410491943;12.4455404281616;12.6660051345825
529.549987792969;11.7784128189087;12.1563367843628;12.6317853927612
530;11.4566164016724;11.9892549514771;12.336745262146
530.440002441406;11.25794506073;11.8821067810059;12.234167098999
531.039978027344;11.1338300704956;11.7383546829224;12.1086587905884
531.489990234375;11.0575685501099;11.5697174072266;11.855318069458
531.940002441406;10.8749122619629;11.3637399673462;11.7329950332642
532.530029296875;10.7688264846802;11.1662216186523;11.5327377319336
532.97998046875;10.6296281814575;11.0585222244263;11.4430360794067
533.429992675781;10.4390735626221;10.9199571609497;11.2786693572998
534.02001953125;10.1634502410889;10.7437343597412;10.9926500320435
534.469970703125;10.090723991394;10.5608129501343;10.8742408752441
535.070007324219;9.95273399353027;10.4578056335449;10.7219495773315
535.52001953125;9.842453956604;10.2203283309937;10.5846967697144
535.969970703125;9.74817657470703;10.1798753738403;10.4645938873291
536.559997558594;9.47394180297852;9.86433410644531;10.298264503479
537.010009765625;9.43147850036621;9.79018974304199;10.2169075012207
537.460021972656;9.26706790924072;9.61746883392334;10.0747804641724
538.049987792969;9.1096019744873;9.52003765106201;9.89700222015381
538.5;8.96638870239258;9.45109748840332;9.72005558013916
538.950012207031;8.89272022247314;9.24762439727783;9.54151725769043
539.549987792969;8.80886077880859;9.08746910095215;9.41136837005615
540;8.66648292541504;8.99733638763428;9.27555179595947
540.440002441406;8.53292179107666;8.93436813354492;9.18827629089356
541.02001953125;8.35612297058105;8.7028284072876;9.1210241317749
541.469970703125;8.26597118377686;8.52207946777344;8.91377353668213
542.049987792969;8.14032554626465;8.45285034179688;8.83865356445313
542.5;8.0593147277832;8.40174102783203;8.67417812347412
542.940002441406;7.90592050552368;8.23409080505371;8.55375289916992
543.52001953125;7.75222444534302;8.07601356506348;8.39088535308838
543.969970703125;7.70509386062622;7.99886083602905;8.32535457611084
544.549987792969;7.56766176223755;7.80680894851685;8.0712833404541
545;7.42032527923584;7.82745456695557;8.04150867462158
545.440002441406;7.32474803924561;7.64450645446777;7.98089647293091
546.02001953125;7.16487169265747;7.52530336380005;7.76654529571533
546.469970703125;7.12572908401489;7.40210151672363;7.74178981781006
547.049987792969;7.04119920730591;7.328049659729;7.51120042800903
547.5;6.95229816436768;7.17169380187988;7.46423816680908
547.940002441406;6.76757574081421;7.02588367462158;7.29974126815796
548.52001953125;6.66823816299438;6.91315650939941;7.17733144760132
548.969970703125;6.59496641159058;6.92346858978271;7.11581611633301
549.549987792969;6.451491355896;6.62462186813354;6.98719882965088
550;6.39864063262939;6.67304372787476;6.88238430023193
550.440002441406;6.28275156021118;6.56275796890259;6.84110879898071
551.039978027344;6.22927808761597;6.44567441940308;6.70800018310547
551.489990234375;6.17436027526855;6.29226779937744;6.6235671043396
551.940002441406;6.00813722610474;6.31957769393921;6.55039644241333
552.530029296875;5.96932697296143;6.17963171005249;6.45292568206787
552.97998046875;5.85416698455811;6.05826377868652;6.33536529541016
553.429992675781;5.88039970397949;6.02370977401733;6.27759647369385
554.02001953125;5.7068886756897;5.86026620864868;6.25679874420166
554.469970703125;5.64846992492676;5.8828239440918;6.05402231216431
555.070007324219;5.5149712562561;5.68102550506592;6.02196788787842
555.52001953125;5.50705337524414;5.61199951171875;5.95138788223267
555.969970703125;5.41392612457275;5.60548257827759;5.85136032104492
556.559997558594;5.2742223739624;5.42485761642456;5.75168704986572
557.010009765625;5.22169828414917;5.38735866546631;5.66177368164063
557.460021972656;5.23145437240601;5.22351884841919;5.59452342987061
558.049987792969;5.03668117523193;5.26629209518433;5.49015712738037
558.5;5.09987783432007;5.15812540054321;5.36999702453613
558.950012207031;4.96965408325195;5.15011548995972;5.33081865310669
559.549987792969;4.88755750656128;4.94750452041626;5.30381441116333
560;4.81732368469238;4.94902896881103;5.2403678894043
